#pragma once
#include <cstdint>

// Image dimensions: 384x366
static const uint8_t PokiInkBrand384[] = {
    0xff, 0xff, 0xff, 0xff, 0xff, 0xff, 0xff, 0xff, 0xff, 0xff, 0xff, 0xff,
    0xff, 0xff, 0xff, 0xff, 0xfd, 0x3f, 0xff, 0xff, 0xff, 0xff, 0xff, 0xff,
    0xff, 0xff, 0xff, 0xff, 0xff, 0xff, 0xff, 0xff, 0xff, 0xff, 0xff, 0xff,
    0xff, 0xff, 0xff, 0xff, 0xff, 0xff, 0xff, 0xff, 0xff, 0xff, 0xff, 0xff,
    0xff, 0xff, 0xff, 0xff, 0xff, 0xff, 0xff, 0xff, 0xff, 0xff, 0xff, 0xff,
    0xff, 0xff, 0xff, 0xff, 0xc0, 0x01, 0xff, 0xff, 0xff, 0xff, 0xff, 0xff,
    0xff, 0xff, 0xff, 0xff, 0xff, 0xff, 0xff, 0xff, 0xff, 0xff, 0xff, 0xff,
    0xff, 0xff, 0xff, 0xff, 0xff, 0xff, 0xff, 0xff, 0xff, 0xff, 0xff, 0xff,
    0xff, 0xff, 0xff, 0xff, 0xff, 0xff, 0xff, 0xff, 0xff, 0xff, 0xff, 0xff,
    0xff, 0xff, 0xff, 0xfe, 0x00, 0x00, 0x3f, 0xff, 0xff, 0xff, 0xff, 0xff,
    0xff, 0xff, 0xff, 0xff, 0xff, 0xff, 0xff, 0xff, 0xff, 0xff, 0xff, 0xff,
    0xff, 0xff, 0xff, 0xff, 0xff, 0xff, 0xff, 0xff, 0xff, 0xff, 0xff, 0xff,
    0xff, 0xff, 0xff, 0xff, 0xff, 0xff, 0xff, 0xff, 0xff, 0xff, 0xff, 0xff,
    0xff, 0xff, 0xff, 0xf8, 0x00, 0x00, 0x0f, 0xff, 0xff, 0xff, 0xff, 0xff,
    0xe0, 0x03, 0xff, 0xff, 0xff, 0xff, 0xff, 0xff, 0xff, 0xff, 0xff, 0xff,
    0xff, 0xff, 0xff, 0xff, 0xff, 0xff, 0xff, 0xff, 0xff, 0xff, 0xff, 0xff,
    0xff, 0xff, 0xff, 0xff, 0xff, 0xff, 0xff, 0xff, 0xff, 0xff, 0xff, 0xff,
    0xff, 0xff, 0xff, 0xe0, 0x00, 0x40, 0x07, 0xff, 0xff, 0xff, 0xff, 0xff,
    0x00, 0x00, 0x7f, 0xff, 0xff, 0xff, 0xff, 0xff, 0xff, 0xff, 0xff, 0xff,
    0xff, 0xff, 0xff, 0xff, 0xff, 0xff, 0xff, 0xff, 0xff, 0xff, 0xff, 0xff,
    0xff, 0xff, 0xff, 0xff, 0xff, 0xff, 0xff, 0xff, 0xff, 0xff, 0xff, 0xff,
    0xff, 0xff, 0xff, 0xc0, 0x21, 0x02, 0x03, 0xff, 0xff, 0xff, 0xff, 0xfc,
    0x00, 0x00, 0x1f, 0xff, 0xff, 0xff, 0xff, 0xff, 0xff, 0xff, 0xff, 0xff,
    0xff, 0xff, 0xff, 0xff, 0xff, 0xff, 0xff, 0xff, 0xff, 0xff, 0xff, 0xff,
    0xff, 0xff, 0xff, 0xff, 0xff, 0xff, 0xff, 0xff, 0xff, 0xff, 0xff, 0xff,
    0xff, 0xff, 0xff, 0x81, 0x04, 0x90, 0x21, 0xff, 0xff, 0xff, 0xff, 0xf0,
    0x00, 0x00, 0x0f, 0xff, 0xff, 0xff, 0xff, 0xff, 0xff, 0xff, 0xff, 0xff,
    0xff, 0xff, 0xff, 0xff, 0xff, 0xff, 0xff, 0xff, 0xff, 0xff, 0xff, 0xff,
    0xff, 0xff, 0xff, 0xff, 0xff, 0xff, 0xff, 0xff, 0xff, 0xff, 0xff, 0xff,
    0xff, 0xff, 0xfe, 0x04, 0x1f, 0xfc, 0x00, 0xff, 0xff, 0xff, 0xff, 0xe0,
    0x04, 0x08, 0x07, 0xff, 0xff, 0xff, 0xff, 0xff, 0xff, 0xff, 0xff, 0xff,
    0xff, 0xff, 0xff, 0xff, 0xff, 0xff, 0xff, 0xff, 0xff, 0xff, 0xff, 0xff,
    0xff, 0xff, 0xff, 0xff, 0xff, 0xff, 0xff, 0xff, 0xff, 0xff, 0xff, 0xff,
    0xff, 0xff, 0xfc, 0x00, 0xff, 0xff, 0x02, 0xff, 0xff, 0xff, 0xff, 0x80,
    0x01, 0x40, 0x43, 0xff, 0xff, 0xff, 0xff, 0xff, 0xff, 0xff, 0xff, 0xff,
    0xff, 0xff, 0xff, 0xff, 0xff, 0xff, 0xff, 0xff, 0xff, 0xff, 0xff, 0xff,
    0xff, 0xff, 0xff, 0xff, 0xff, 0xff, 0xff, 0xff, 0xff, 0xff, 0xff, 0xff,
    0xff, 0xff, 0xf8, 0x11, 0xff, 0xff, 0x80, 0x7f, 0xff, 0xff, 0xff, 0x00,
    0x9f, 0xfa, 0x01, 0xff, 0xff, 0xff, 0xff, 0xff, 0xff, 0xff, 0xff, 0xff,
    0xff, 0xff, 0xff, 0xff, 0xff, 0xff, 0xff, 0xff, 0xff, 0xff, 0xff, 0xff,
    0xff, 0xff, 0xff, 0xff, 0xff, 0xff, 0xff, 0xff, 0xff, 0xff, 0xff, 0xff,
    0xff, 0xff, 0xf0, 0x87, 0xff, 0xff, 0xc0, 0x3f, 0xff, 0xff, 0xfe, 0x02,
    0x7f, 0xfe, 0x00, 0xff, 0xff, 0xff, 0xff, 0xff, 0xff, 0xff, 0xff, 0xff,
    0xff, 0xff, 0xff, 0xff, 0xff, 0xff, 0xff, 0xff, 0xff, 0xff, 0xff, 0xff,
    0xff, 0xff, 0xff, 0xff, 0xff, 0xff, 0xff, 0xff, 0xff, 0xff, 0xff, 0xff,
    0xff, 0xff, 0xe0, 0x0f, 0xff, 0xff, 0xe0, 0x3f, 0xff, 0xff, 0xfc, 0x00,
    0xff, 0xff, 0x80, 0x7f, 0xff, 0xff, 0xff, 0xff, 0xff, 0xff, 0xff, 0xff,
    0xff, 0xff, 0xff, 0xff, 0xff, 0xff, 0xff, 0xff, 0xff, 0xff, 0xff, 0xff,
    0xff, 0xff, 0xff, 0xff, 0xff, 0xff, 0xff, 0xff, 0xff, 0xff, 0xff, 0xff,
    0xff, 0xff, 0xc2, 0x1f, 0xff, 0xff, 0xf0, 0x3f, 0xff, 0xff, 0xf0, 0x07,
    0xff, 0xff, 0xc8, 0x7f, 0xff, 0xff, 0xff, 0xff, 0xff, 0xff, 0xff, 0xff,
    0xff, 0xff, 0xff, 0xff, 0xff, 0xff, 0xff, 0xff, 0xff, 0xff, 0xff, 0xff,
    0xff, 0xff, 0xff, 0xff, 0xff, 0xff, 0xff, 0xff, 0xff, 0xff, 0xff, 0xff,
    0xff, 0xff, 0x88, 0x3f, 0xff, 0xff, 0xf1, 0x1f, 0xff, 0xff, 0xf0, 0x0f,
    0xff, 0xff, 0xe0, 0x3f, 0xff, 0xff, 0xff, 0xff, 0xff, 0xff, 0xff, 0xff,
    0xff, 0xff, 0xff, 0xff, 0xff, 0xff, 0xff, 0xff, 0xff, 0xff, 0xff, 0xff,
    0xff, 0xff, 0xff, 0xff, 0xff, 0xff, 0xff, 0xff, 0xff, 0xff, 0xff, 0xff,
    0xff, 0xff, 0x80, 0x7f, 0xff, 0xff, 0xf0, 0x1f, 0xff, 0xff, 0xe0, 0x5f,
    0xff, 0xff, 0xf0, 0x1f, 0xff, 0xff, 0xff, 0xff, 0xff, 0xff, 0xff, 0xff,
    0xff, 0xff, 0xff, 0xff, 0xff, 0xff, 0xff, 0xff, 0xff, 0xff, 0xff, 0xff,
    0xff, 0xff, 0xff, 0xff, 0xff, 0xff, 0xff, 0xff, 0xff, 0xff, 0xff, 0xff,
    0xff, 0xff, 0x01, 0xff, 0xff, 0xff, 0xf8, 0x1f, 0xff, 0xff, 0xc0, 0x3f,
    0xff, 0xff, 0xf0, 0x1f, 0xff, 0xff, 0xff, 0xff, 0xff, 0xff, 0xff, 0xff,
    0xff, 0xff, 0xff, 0xff, 0xff, 0xff, 0xff, 0xff, 0xff, 0xff, 0xff, 0xff,
    0xff, 0xff, 0xff, 0xff, 0xff, 0xff, 0xff, 0xff, 0xff, 0xff, 0xff, 0xff,
    0xff, 0xfe, 0x01, 0xff, 0xff, 0xff, 0xf8, 0x0f, 0xff, 0xff, 0x80, 0x7f,
    0xff, 0xff, 0xf8, 0x4f, 0xff, 0xff, 0xff, 0xff, 0xff, 0xff, 0xff, 0xff,
    0xff, 0xff, 0xff, 0xff, 0xff, 0xff, 0xff, 0xff, 0xff, 0xff, 0xff, 0xff,
    0xff, 0xff, 0xff, 0xff, 0xff, 0xff, 0xff, 0xff, 0xff, 0xff, 0xff, 0xff,
    0xff, 0xfc, 0x0b, 0xff, 0xff, 0xff, 0xfc, 0x4f, 0xff, 0xff, 0x02, 0xff,
    0xff, 0xff, 0xf8, 0x0f, 0xff, 0xff, 0xff, 0xff, 0xff, 0xff, 0xff, 0xff,
    0xff, 0xff, 0xff, 0xff, 0xff, 0xff, 0xff, 0xff, 0xff, 0xff, 0xff, 0xff,
    0xff, 0xff, 0xff, 0xff, 0xff, 0xff, 0xff, 0xff, 0xff, 0xff, 0xff, 0xff,
    0xff, 0xfc, 0x07, 0xff, 0xff, 0xff, 0xfc, 0x0f, 0xff, 0xff, 0x01, 0xff,
    0xff, 0xff, 0xfc, 0x07, 0xff, 0xff, 0xff, 0xff, 0xff, 0xff, 0xff, 0xff,
    0xff, 0xff, 0xff, 0xff, 0xff, 0xff, 0xff, 0xff, 0xff, 0xff, 0xff, 0xff,
    0xff, 0xff, 0xff, 0xff, 0xff, 0xff, 0xff, 0xff, 0xff, 0xff, 0xff, 0xff,
    0xff, 0xf8, 0x2f, 0xff, 0xff, 0xff, 0xfc, 0x07, 0xff, 0xfe, 0x03, 0xff,
    0xff, 0xff, 0xfc, 0x07, 0xff, 0xff, 0xff, 0xff, 0xff, 0xff, 0xff, 0xff,
    0xff, 0xff, 0xff, 0xff, 0xff, 0xff, 0xff, 0xff, 0xff, 0xff, 0xff, 0xff,
    0xff, 0xff, 0xff, 0xff, 0xff, 0xff, 0xff, 0xff, 0xff, 0xff, 0xff, 0xff,
    0xff, 0xf0, 0x0f, 0xff, 0xff, 0xff, 0xfc, 0x0f, 0xff, 0xfc, 0x07, 0xff,
    0xff, 0xff, 0xf6, 0x27, 0xff, 0xff, 0xff, 0xff, 0xff, 0xff, 0xff, 0xff,
    0xff, 0xff, 0xff, 0xff, 0xff, 0xff, 0xff, 0xff, 0xff, 0xff, 0xff, 0xff,
    0xff, 0xff, 0xff, 0xff, 0xff, 0xff, 0xff, 0xff, 0xff, 0xff, 0xff, 0xff,
    0xff, 0xe0, 0x1f, 0xff, 0xff, 0xff, 0xfe, 0x27, 0xff, 0xf8, 0x0f, 0xff,
    0xff, 0xff, 0xfe, 0x03, 0xff, 0xff, 0xff, 0xff, 0xff, 0xff, 0xff, 0xff,
    0xff, 0xff, 0xff, 0xff, 0xff, 0xff, 0xff, 0xff, 0xff, 0xff, 0xff, 0xff,
    0xff, 0xff, 0xff, 0xff, 0xff, 0xff, 0xff, 0xff, 0xff, 0xff, 0xff, 0xff,
    0xff, 0xe0, 0xbf, 0xff, 0xff, 0xff, 0xf6, 0x07, 0xff, 0xf8, 0x0f, 0xff,
    0xff, 0xff, 0xfe, 0x03, 0xff, 0xff, 0xff, 0xff, 0xff, 0xff, 0xff, 0xff,
    0xff, 0xff, 0xff, 0xff, 0xff, 0xff, 0xff, 0xff, 0xff, 0xff, 0xff, 0xff,
    0xff, 0xff, 0xff, 0xff, 0xff, 0xff, 0xff, 0xff, 0xff, 0xff, 0xff, 0xff,
    0xff, 0xc0, 0x3f, 0xff, 0xff, 0xff, 0xfe, 0x07, 0xff, 0xf0, 0x1f, 0xff,
    0xff, 0xff, 0xff, 0x03, 0xff, 0xff, 0xff, 0xff, 0xff, 0xff, 0xff, 0xff,
    0xff, 0xff, 0xff, 0xff, 0xff, 0xff, 0xff, 0xff, 0xff, 0xff, 0xff, 0xff,
    0xff, 0xff, 0xff, 0xff, 0xff, 0xff, 0xff, 0xff, 0xff, 0xff, 0xff, 0xff,
    0xff, 0xc4, 0x7f, 0xff, 0xff, 0xff, 0xfe, 0x07, 0xff, 0xe0, 0x3f, 0xff,
    0xff, 0xff, 0xfb, 0x11, 0xff, 0xff, 0xff, 0xff, 0xff, 0xff, 0xff, 0xff,
    0xff, 0xff, 0xff, 0xff, 0xff, 0xff, 0xff, 0xff, 0xff, 0xff, 0xff, 0xff,
    0xff, 0xff, 0xff, 0xff, 0xff, 0xff, 0xff, 0xff, 0xff, 0xff, 0xff, 0xff,
    0xff, 0x80, 0xff, 0xff, 0xff, 0xff, 0xfe, 0x07, 0xff, 0xe1, 0x3f, 0xff,
    0xff, 0xff, 0xff, 0x81, 0xff, 0xff, 0xff, 0xff, 0xff, 0xff, 0xff, 0xff,
    0xff, 0xff, 0xff, 0xff, 0xff, 0xff, 0xff, 0xff, 0xff, 0xff, 0xff, 0xff,
    0xff, 0xff, 0xff, 0xff, 0xff, 0xff, 0xff, 0xff, 0xff, 0xff, 0xff, 0xff,
    0xff, 0x81, 0xff, 0xfe, 0x0f, 0xff, 0xfa, 0x23, 0xff, 0xc0, 0x7f, 0xff,
    0xff, 0xff, 0xff, 0x01, 0xff, 0xff, 0xff, 0xff, 0xff, 0xff, 0xff, 0xff,
    0xff, 0xff, 0xff, 0xff, 0xff, 0xff, 0xff, 0xff, 0xff, 0xff, 0xff, 0xff,
    0xff, 0xff, 0xff, 0xff, 0xff, 0xff, 0xff, 0xff, 0xff, 0xff, 0xff, 0xff,
    0xff, 0x01, 0xff, 0xff, 0xa3, 0xff, 0xff, 0x03, 0xff, 0xc0, 0x7f, 0xff,
    0xff, 0xff, 0xff, 0x85, 0xff, 0xff, 0xff, 0xff, 0xff, 0xff, 0xff, 0xff,
    0xff, 0xff, 0xff, 0xff, 0xff, 0xff, 0xff, 0xff, 0xff, 0xff, 0xff, 0xff,
    0xff, 0xff, 0xff, 0xff, 0xff, 0xff, 0xff, 0xff, 0xff, 0xff, 0xff, 0xff,
    0xfe, 0x03, 0xff, 0xfb, 0xc9, 0xff, 0xfe, 0x07, 0xff, 0x84, 0xff, 0xff,
    0xff, 0xff, 0xfb, 0x80, 0xff, 0xff, 0xff, 0xff, 0xff, 0xff, 0xff, 0xff,
    0xff, 0xff, 0xff, 0xff, 0xff, 0xff, 0xff, 0xff, 0xff, 0xff, 0xff, 0xff,
    0xff, 0xff, 0xff, 0xff, 0xff, 0xff, 0xff, 0xff, 0xff, 0xff, 0xff, 0xff,
    0xfe, 0x0b, 0xff, 0xfe, 0xe5, 0xff, 0xee, 0x03, 0xff, 0x80, 0xff, 0xff,
    0x01, 0xff, 0xff, 0x81, 0xff, 0xff, 0xff, 0xff, 0xff, 0xff, 0xff, 0xff,
    0xff, 0xff, 0xff, 0xff, 0xff, 0xff, 0xff, 0xff, 0xff, 0xff, 0xff, 0xff,
    0xff, 0xff, 0xff, 0xff, 0xff, 0xff, 0xff, 0xff, 0xff, 0xff, 0xff, 0xff,
    0xfe, 0x07, 0xff, 0xef, 0xa0, 0xff, 0xfe, 0x03, 0xff, 0x01, 0xff, 0xfe,
    0x47, 0xff, 0xff, 0x90, 0xff, 0xff, 0xff, 0xff, 0xff, 0xff, 0xff, 0xff,
    0xff, 0xff, 0xff, 0xff, 0xff, 0xff, 0xff, 0xff, 0xff, 0xff, 0xff, 0xff,
    0xff, 0xff, 0xff, 0xff, 0xff, 0xff, 0xff, 0xff, 0xff, 0xff, 0xff, 0xff,
    0xfc, 0x07, 0xff, 0xfb, 0xf5, 0x7f, 0xff, 0x13, 0xff, 0x03, 0xff, 0xf8,
    0x9e, 0xbf, 0xff, 0xc0, 0xff, 0xff, 0xff, 0xff, 0xff, 0xff, 0xff, 0xff,
    0xff, 0xff, 0xff, 0xff, 0xff, 0xff, 0xff, 0xff, 0xff, 0xff, 0xff, 0xff,
    0xff, 0xff, 0xff, 0xff, 0xff, 0xff, 0xff, 0xff, 0xff, 0xff, 0xff, 0xff,
    0xf8, 0x2f, 0xff, 0xbe, 0xf2, 0x7f, 0xfe, 0x03, 0xfe, 0x0b, 0xff, 0xf2,
    0x3f, 0xff, 0xfd, 0xc0, 0xff, 0xff, 0xff, 0xff, 0xff, 0xff, 0xff, 0xff,
    0xff, 0xff, 0xff, 0xff, 0xff, 0xff, 0xff, 0xff, 0xff, 0xff, 0xff, 0xff,
    0xff, 0xff, 0xff, 0xff, 0xff, 0xff, 0xff, 0xff, 0xff, 0xff, 0xff, 0xff,
    0xf8, 0x0f, 0xff, 0xef, 0xb9, 0x7f, 0xee, 0x07, 0xfe, 0x03, 0xff, 0xf4,
    0xf6, 0xdf, 0xff, 0x80, 0xff, 0xff, 0xff, 0xff, 0xff, 0xff, 0xff, 0xff,
    0xff, 0xff, 0xff, 0xff, 0xff, 0xff, 0xff, 0xff, 0xff, 0xff, 0xff, 0xff,
    0xff, 0xff, 0xff, 0xff, 0xff, 0xff, 0xff, 0xff, 0xff, 0xff, 0xff, 0xff,
    0xf8, 0x1f, 0xfe, 0xfb, 0xf8, 0x7f, 0xfe, 0x03, 0xfc, 0x07, 0xff, 0xe2,
    0xff, 0xff, 0xff, 0xc2, 0xff, 0xff, 0xff, 0xff, 0xff, 0xff, 0xff, 0xff,
    0xff, 0xff, 0xff, 0xff, 0xff, 0xff, 0xff, 0xff, 0xff, 0xff, 0xff, 0xff,
    0xff, 0xff, 0xff, 0xff, 0xff, 0xff, 0xff, 0xff, 0xff, 0xff, 0xff, 0xff,
    0xf0, 0x9f, 0xff, 0xdf, 0x6a, 0xbf, 0xfb, 0x13, 0xfc, 0x2f, 0xff, 0xc9,
    0xb6, 0xef, 0xfd, 0xc0, 0x7f, 0xff, 0xff, 0xff, 0xff, 0xff, 0xff, 0xff,
    0xff, 0xff, 0xff, 0xff, 0xff, 0xff, 0xff, 0xff, 0xff, 0xff, 0xff, 0xff,
    0xff, 0xff, 0xff, 0xff, 0xff, 0xff, 0xff, 0xff, 0xff, 0xff, 0xff, 0xff,
    0xf0, 0x3f, 0xfd, 0xfd, 0xf9, 0x3f, 0xee, 0x07, 0xfc, 0x0f, 0xff, 0x93,
    0xff, 0xbf, 0xff, 0xc0, 0xff, 0xff, 0xff, 0xff, 0xff, 0xff, 0xff, 0xff,
    0xff, 0xff, 0xff, 0xff, 0xff, 0xff, 0xff, 0xff, 0xff, 0xff, 0xff, 0xff,
    0xff, 0xff, 0xff, 0xff, 0xff, 0xff, 0xff, 0xff, 0xff, 0xff, 0xff, 0xff,
    0xe0, 0x3f, 0xff, 0x6f, 0xbc, 0x7f, 0xfe, 0x03, 0xf8, 0x0f, 0xff, 0x27,
    0xb6, 0xff, 0xff, 0xc8, 0x7f, 0xff, 0xff, 0xff, 0xff, 0xff, 0xff, 0xff,
    0xff, 0xff, 0xff, 0xff, 0xff, 0xff, 0xff, 0xff, 0xff, 0xff, 0xff, 0xff,
    0xff, 0xff, 0xff, 0xff, 0xff, 0xff, 0xff, 0xff, 0xff, 0xff, 0xff, 0xff,
    0xe2, 0x3f, 0xfb, 0xfd, 0xe9, 0x3f, 0xfe, 0x07, 0xf8, 0x1f, 0xff, 0x4e,
    0xff, 0xef, 0xff, 0xe0, 0xff, 0xff, 0xff, 0xff, 0xff, 0xff, 0xff, 0xff,
    0xff, 0xff, 0xff, 0xff, 0xff, 0xff, 0xff, 0xff, 0xff, 0xff, 0xff, 0xff,
    0xff, 0xff, 0xff, 0xff, 0xff, 0xff, 0xff, 0xff, 0xff, 0xff, 0xff, 0xff,
    0xe0, 0x7f, 0xff, 0xb7, 0xfc, 0xbf, 0xda, 0x27, 0xf0, 0x5f, 0xfe, 0x0f,
    0xdb, 0xbf, 0xfd, 0xc0, 0x7f, 0xff, 0xff, 0xff, 0xff, 0xff, 0xff, 0xff,
    0xff, 0xff, 0xff, 0xff, 0xff, 0xff, 0xff, 0xff, 0xff, 0xff, 0xff, 0xff,
    0xff, 0xff, 0xff, 0xff, 0xff, 0xff, 0xff, 0xff, 0xff, 0xff, 0xff, 0xff,
    0xc0, 0x7f, 0xf6, 0xff, 0x6d, 0x3f, 0xfe, 0x07, 0xf0, 0x1f, 0xfc, 0xbb,
    0x7e, 0xf7, 0xff, 0xe0, 0x7f, 0xff, 0xff, 0xff, 0xff, 0xff, 0xff, 0xff,
    0xff, 0xff, 0xff, 0xff, 0xff, 0xff, 0xff, 0xff, 0xff, 0xff, 0xff, 0xff,
    0xff, 0xff, 0xff, 0xff, 0xff, 0xff, 0xff, 0xff, 0xff, 0xff, 0xff, 0xff,
    0xc4, 0xff, 0xff, 0xed, 0xfc, 0x3f, 0xfe, 0x07, 0xf1, 0x3f, 0xfd, 0x1f,
    0xf7, 0xff, 0xff, 0xc1, 0x7f, 0xff, 0xff, 0xff, 0xff, 0xff, 0xff, 0xff,
    0xff, 0xff, 0xff, 0xff, 0xff, 0xff, 0xff, 0xff, 0xff, 0xff, 0xff, 0xff,
    0xff, 0xff, 0xff, 0xff, 0xff, 0xff, 0xff, 0xff, 0xff, 0xff, 0xff, 0xff,
    0xc0, 0xff, 0xee, 0xff, 0xb5, 0x3f, 0xdc, 0x07, 0xf0, 0x3f, 0xf8, 0xbb,
    0x7f, 0x6f, 0xfb, 0xe0, 0x7f, 0xff, 0xff, 0xff, 0xff, 0xff, 0xff, 0xff,
    0xff, 0xff, 0xff, 0xff, 0xff, 0xff, 0xff, 0xff, 0xff, 0xff, 0xff, 0xff,
    0xff, 0xff, 0xff, 0xff, 0xff, 0xff, 0xff, 0xff, 0xff, 0xff, 0xff, 0xff,
    0x80, 0xff, 0xfb, 0xb7, 0xfc, 0x9f, 0xfe, 0x27, 0xe0, 0x3f, 0xfa, 0x6f,
    0xdb, 0xfb, 0xff, 0xc0, 0x7f, 0xff, 0xff, 0xff, 0xff, 0xff, 0xff, 0xff,
    0xff, 0xff, 0xff, 0xff, 0xff, 0xff, 0xff, 0xff, 0xff, 0xff, 0xff, 0xff,
    0xff, 0xff, 0xff, 0xff, 0xff, 0xff, 0xff, 0xff, 0xff, 0xff, 0xff, 0xff,
    0x81, 0xff, 0xdf, 0xfd, 0xb4, 0x5f, 0xbc, 0x07, 0xe0, 0x7f, 0xf1, 0x7d,
    0xff, 0x6f, 0xff, 0xc1, 0x7f, 0xff, 0xff, 0xff, 0xff, 0xff, 0xff, 0xff,
    0xff, 0xff, 0xff, 0xff, 0xff, 0xff, 0xff, 0xff, 0xff, 0xff, 0xff, 0xff,
    0xff, 0xff, 0xff, 0xff, 0xff, 0xff, 0xff, 0xff, 0xff, 0xff, 0xff, 0xff,
    0x85, 0xff, 0xfe, 0xdf, 0xfd, 0x3f, 0xfc, 0x0f, 0xe0, 0x7f, 0xe4, 0xdf,
    0x6d, 0xff, 0xfd, 0xe0, 0x7f, 0xff, 0xff, 0xff, 0xff, 0xff, 0xff, 0xff,
    0xff, 0xff, 0xff, 0xff, 0xff, 0xff, 0xff, 0xff, 0xff, 0xff, 0xff, 0xff,
    0xff, 0xff, 0xff, 0xff, 0xff, 0xff, 0xff, 0xff, 0xff, 0xff, 0xff, 0xff,
    0x01, 0xff, 0xef, 0xf6, 0xdc, 0x9f, 0xfc, 0x27, 0xc1, 0x7f, 0xea, 0xfb,
    0xff, 0xbb, 0xff, 0xc0, 0x7f, 0xff, 0xff, 0xff, 0xff, 0xff, 0xff, 0xff,
    0xff, 0xff, 0xff, 0xff, 0xff, 0xff, 0xff, 0xff, 0xff, 0xff, 0xff, 0xff,
    0xff, 0xff, 0xff, 0xff, 0xff, 0xff, 0xff, 0xff, 0xff, 0xff, 0xff, 0xff,
    0x03, 0xff, 0xbb, 0x7f, 0xf4, 0x5f, 0xbc, 0x0f, 0xc0, 0x7f, 0xe1, 0xbf,
    0xb6, 0xef, 0xfd, 0xe1, 0x7f, 0xff, 0xff, 0xff, 0xff, 0xff, 0xff, 0xff,
    0xff, 0xff, 0xff, 0xff, 0xff, 0xff, 0xff, 0xff, 0xff, 0xff, 0xff, 0xff,
    0xff, 0xff, 0xff, 0xff, 0xff, 0xff, 0xff, 0xff, 0xff, 0xff, 0xff, 0xff,
    0x0b, 0xff, 0xff, 0xdb, 0x7d, 0x3f, 0xf8, 0x0f, 0xc0, 0xff, 0xc9, 0xed,
    0xff, 0xff, 0xff, 0xc0, 0x7f, 0xff, 0xff, 0xff, 0xff, 0xff, 0xff, 0xff,
    0xff, 0xff, 0xff, 0xff, 0xff, 0xff, 0xff, 0xff, 0xff, 0xff, 0xff, 0xff,
    0xff, 0xff, 0xff, 0xff, 0xff, 0xff, 0xff, 0xff, 0xff, 0xff, 0xff, 0xfe,
    0x03, 0xff, 0x6d, 0xff, 0xdc, 0xbf, 0x7c, 0x8f, 0xc2, 0xff, 0xd3, 0x7f,
    0x6d, 0xdb, 0xfb, 0xe0, 0x7f, 0xff, 0xff, 0xff, 0xff, 0xff, 0xff, 0xff,
    0xff, 0xff, 0xff, 0xff, 0xff, 0xff, 0xff, 0xff, 0xff, 0xff, 0xff, 0xff,
    0xff, 0xff, 0xff, 0xff, 0xff, 0xff, 0xff, 0xff, 0xff, 0xff, 0xff, 0xfe,
    0x23, 0xff, 0xff, 0x6e, 0xf9, 0x3f, 0xf8, 0x0f, 0x80, 0xff, 0x8b, 0xf7,
    0xff, 0x7f, 0xff, 0xc1, 0x7f, 0xff, 0xff, 0xff, 0xff, 0xff, 0xff, 0xff,
    0xff, 0xff, 0xff, 0xff, 0xff, 0xff, 0xff, 0xff, 0xff, 0xff, 0xff, 0xff,
    0xff, 0xff, 0xff, 0xff, 0xff, 0xff, 0xff, 0xff, 0xff, 0xff, 0xff, 0xfe,
    0x07, 0xff, 0xdd, 0xfb, 0xec, 0xbf, 0xf8, 0x1f, 0x81, 0xff, 0xa3, 0x7d,
    0xb7, 0xf7, 0xff, 0xe0, 0x7f, 0xff, 0xff, 0xff, 0xff, 0xff, 0xff, 0xff,
    0xff, 0xff, 0xff, 0xff, 0xff, 0xff, 0xff, 0xff, 0xff, 0xff, 0xff, 0xff,
    0xff, 0xff, 0xff, 0xff, 0xff, 0xff, 0xff, 0xff, 0xff, 0xff, 0xff, 0xfe,
    0x07, 0xfe, 0xf7, 0xdf, 0xbc, 0x3e, 0xd8, 0x0f, 0x89, 0xff, 0x97, 0xdf,
    0xfd, 0xdf, 0xfb, 0xc0, 0x7f, 0xff, 0xff, 0xff, 0xff, 0xff, 0xff, 0xff,
    0xff, 0xff, 0xff, 0xff, 0xff, 0xff, 0xff, 0xff, 0xff, 0xff, 0xff, 0xff,
    0xff, 0xff, 0xff, 0xff, 0xff, 0xff, 0xff, 0xff, 0xff, 0xff, 0xff, 0xfe,
    0x07, 0xff, 0xdf, 0x7e, 0xf9, 0x7f, 0xf8, 0x5f, 0x81, 0xff, 0x45, 0xf6,
    0xdf, 0x7b, 0xff, 0xc0, 0xff, 0xff, 0xff, 0xff, 0xff, 0xff, 0xff, 0xff,
    0xff, 0xff, 0xff, 0xff, 0xff, 0xff, 0xff, 0xff, 0xff, 0xff, 0xff, 0xff,
    0xff, 0xff, 0xff, 0xff, 0xff, 0xff, 0xff, 0xff, 0xff, 0xff, 0xff, 0xfc,
    0x27, 0xff, 0x7d, 0xf7, 0xec, 0xbe, 0xf0, 0x1f, 0x81, 0xff, 0x27, 0x7f,
    0xf7, 0xff, 0xff, 0xc8, 0x7f, 0xff, 0xff, 0xff, 0xff, 0xff, 0xff, 0xff,
    0xff, 0xff, 0xff, 0xff, 0xff, 0xff, 0xff, 0xff, 0xff, 0xff, 0xff, 0xff,
    0xff, 0xff, 0xff, 0xff, 0xff, 0xff, 0xff, 0xff, 0xff, 0xff, 0xff, 0xfe,
    0x0f, 0xfd, 0xf7, 0xde, 0xf9, 0x3f, 0xf8, 0x1f, 0x03, 0xff, 0x2f, 0xdb,
    0x7d, 0xdb, 0xf6, 0xc0, 0xff, 0xff, 0xff, 0xff, 0xff, 0xff, 0xff, 0xff,
    0xff, 0xff, 0xff, 0xff, 0xff, 0xff, 0xff, 0xff, 0xff, 0xff, 0xff, 0xff,
    0xff, 0xff, 0xff, 0xff, 0xff, 0xff, 0xff, 0xff, 0xff, 0xff, 0xff, 0xfc,
    0x0f, 0xff, 0xdf, 0x7b, 0xba, 0x7f, 0xb0, 0x3f, 0x03, 0xff, 0x0d, 0xff,
    0xdf, 0x7f, 0xff, 0xc0, 0x7f, 0xff, 0xff, 0xff, 0xff, 0xff, 0xff, 0xff,
    0xff, 0xff, 0xff, 0xff, 0xff, 0xff, 0xff, 0xff, 0xff, 0xff, 0xff, 0xff,
    0xff, 0xff, 0xff, 0xff, 0xff, 0xff, 0xff, 0xff, 0xfd, 0xff, 0xff, 0xfc,
    0x0f, 0xff, 0x7d, 0xff, 0xe9, 0x3d, 0xf0, 0x9f, 0x0b, 0xfe, 0x4f, 0x6d,
    0xf7, 0xef, 0xfb, 0x40, 0xff, 0xff, 0xff, 0xff, 0xff, 0xff, 0xff, 0xff,
    0xff, 0xff, 0xff, 0xff, 0xff, 0xff, 0xff, 0xff, 0xff, 0xff, 0xff, 0xff,
    0xff, 0xff, 0xff, 0xff, 0xff, 0xff, 0xff, 0xff, 0xf7, 0x7f, 0xff, 0xfc,
    0x0f, 0xfd, 0xf7, 0xdd, 0xf8, 0x7f, 0xe0, 0x3f, 0x03, 0xfe, 0xad, 0xff,
    0x7d, 0xfb, 0xff, 0xc2, 0x7f, 0xff, 0xff, 0xff, 0xff, 0xff, 0xff, 0xff,
    0xff, 0xff, 0xff, 0xff, 0xff, 0xff, 0xff, 0xff, 0xff, 0xff, 0xff, 0xff,
    0xff, 0xff, 0xff, 0xff, 0xff, 0xff, 0xff, 0xff, 0xfd, 0xff, 0xff, 0xfc,
    0x0f, 0xff, 0xdf, 0xf7, 0x7a, 0xbf, 0xf0, 0x3f, 0x03, 0xfe, 0x1f, 0xdb,
    0xdf, 0x6f, 0xf7, 0xc0, 0xff, 0xff, 0xff, 0xff, 0xff, 0xff, 0xff, 0xff,
    0xff, 0xff, 0xff, 0xff, 0xff, 0xff, 0xff, 0xff, 0xff, 0xff, 0xff, 0xff,
    0xff, 0xff, 0xff, 0xff, 0xff, 0xff, 0xff, 0xff, 0xf7, 0x7f, 0xff, 0xf8,
    0x1f, 0xfd, 0xfd, 0xbf, 0xd1, 0x7d, 0xa0, 0x3f, 0x03, 0xfc, 0x9e, 0xff,
    0xf7, 0xff, 0xff, 0x80, 0xff, 0xff, 0xff, 0xff, 0xff, 0xff, 0xff, 0xff,
    0xff, 0xff, 0xff, 0xff, 0xff, 0xff, 0xff, 0xff, 0xff, 0xff, 0xff, 0xff,
    0xff, 0xff, 0xff, 0xff, 0xff, 0xff, 0xff, 0xff, 0xfd, 0xff, 0xff, 0xfc,
    0x4f, 0xff, 0x77, 0xfb, 0xfa, 0x7f, 0xe1, 0x7f, 0x0b, 0xfd, 0x5b, 0xdd,
    0x7d, 0xb7, 0xee, 0xc0, 0xff, 0xff, 0xff, 0xff, 0xff, 0xff, 0xff, 0xff,
    0xff, 0xff, 0xff, 0xff, 0xff, 0xff, 0xff, 0xff, 0xff, 0xff, 0xff, 0xff,
    0xff, 0xff, 0xff, 0xff, 0xff, 0xff, 0xff, 0xff, 0xfb, 0xff, 0xff, 0xf8,
    0x1f, 0xfb, 0xdf, 0x6e, 0xd0, 0xfb, 0xe0, 0x7e, 0x07, 0xfc, 0x3f, 0x77,
    0xdf, 0xff, 0xff, 0x84, 0xff, 0xff, 0xff, 0xff, 0xff, 0xff, 0xff, 0xff,
    0xff, 0xff, 0xff, 0xff, 0xff, 0xff, 0xff, 0xff, 0xff, 0xff, 0xff, 0xff,
    0xff, 0xff, 0xff, 0xff, 0xff, 0xff, 0xff, 0xff, 0xff, 0xff, 0xff, 0xf8,
    0x1f, 0xff, 0x7d, 0xff, 0xf5, 0x7f, 0xa0, 0x7f, 0x03, 0xfd, 0x37, 0xff,
    0xf6, 0xdb, 0xed, 0x80, 0xff, 0xff, 0xff, 0xff, 0xff, 0xff, 0xff, 0xff,
    0xff, 0xff, 0xff, 0xff, 0xff, 0xff, 0xff, 0xff, 0xff, 0xff, 0xff, 0xff,
    0xff, 0xff, 0xff, 0xff, 0xff, 0xff, 0xff, 0xff, 0xff, 0xff, 0xff, 0xf8,
    0x1f, 0xfb, 0xf7, 0xb7, 0x70, 0xfe, 0xc0, 0x7e, 0x07, 0xf8, 0xbd, 0xdd,
    0x7f, 0xff, 0xff, 0x91, 0xff, 0xff, 0xff, 0xff, 0xff, 0xff, 0xff, 0xff,
    0xff, 0xff, 0xff, 0xff, 0xff, 0xff, 0xff, 0xff, 0xff, 0xff, 0xff, 0xff,
    0xff, 0xff, 0xff, 0xff, 0xff, 0xff, 0xff, 0xff, 0xff, 0xff, 0xff, 0xf8,
    0x1f, 0xff, 0xbf, 0xfd, 0xe4, 0xfb, 0xc2, 0xfe, 0x17, 0xfd, 0x37, 0x7f,
    0xdb, 0x6f, 0xee, 0x80, 0xff, 0xff, 0xff, 0xff, 0xff, 0xff, 0xff, 0xff,
    0xff, 0xff, 0xff, 0xff, 0xff, 0xff, 0xff, 0xff, 0xff, 0xff, 0xff, 0xff,
    0xff, 0xff, 0xff, 0xff, 0xff, 0xff, 0xff, 0xff, 0xff, 0xff, 0xff, 0xf8,
    0x9f, 0xf6, 0xfb, 0x6f, 0xb2, 0xff, 0x80, 0xfe, 0x07, 0xf8, 0xbf, 0xed,
    0xff, 0xff, 0xff, 0x81, 0xff, 0xff, 0xff, 0xff, 0xff, 0xff, 0xff, 0xff,
    0xff, 0xff, 0xff, 0xff, 0xff, 0xff, 0xff, 0xff, 0xff, 0xff, 0xff, 0xff,
    0xff, 0xff, 0xff, 0xff, 0xff, 0xff, 0xff, 0xff, 0xff, 0xff, 0xff, 0xf8,
    0x1f, 0xff, 0xef, 0xfe, 0xe4, 0xf6, 0x80, 0xfe, 0x07, 0xfa, 0x3b, 0xbf,
    0xb6, 0xd7, 0xdf, 0x81, 0xff, 0xff, 0xff, 0xff, 0xff, 0xff, 0xff, 0xff,
    0xff, 0xff, 0xff, 0xff, 0xff, 0xff, 0xff, 0xff, 0xff, 0xff, 0xff, 0xff,
    0xff, 0xff, 0xff, 0xff, 0xff, 0xff, 0xff, 0xff, 0xff, 0xff, 0xff, 0xf8,
    0x1f, 0xfd, 0xbd, 0xb7, 0xe2, 0xff, 0x91, 0xfe, 0x07, 0xf9, 0x6e, 0xfb,
    0xff, 0xff, 0xfb, 0x05, 0xff, 0xff, 0xff, 0xff, 0xff, 0xff, 0xff, 0xff,
    0xff, 0xff, 0xff, 0xff, 0xff, 0xff, 0xff, 0xff, 0xff, 0xff, 0xff, 0xff,
    0xff, 0xff, 0xff, 0xff, 0xff, 0xff, 0xff, 0xdf, 0xff, 0xff, 0xff, 0xf0,
    0x3f, 0xf7, 0xff, 0xff, 0x69, 0xef, 0x01, 0xfe, 0x27, 0xfa, 0x7f, 0xee,
    0xdb, 0x77, 0xdf, 0x01, 0xff, 0xff, 0xff, 0xff, 0xff, 0xff, 0xff, 0xff,
    0xff, 0xff, 0xff, 0xff, 0xff, 0xff, 0xff, 0xff, 0xff, 0xff, 0xff, 0xff,
    0xff, 0xff, 0xff, 0xff, 0xff, 0xff, 0xff, 0xff, 0xff, 0xff, 0xff, 0xf8,
    0x1f, 0xff, 0x6d, 0xb7, 0xc5, 0xff, 0x01, 0xfe, 0x07, 0xf9, 0x6f, 0x7f,
    0xff, 0xff, 0xff, 0x11, 0xff, 0xff, 0xff, 0xff, 0xff, 0xff, 0xff, 0xff,
    0xff, 0xff, 0xff, 0xff, 0xff, 0xff, 0xff, 0xff, 0xff, 0xff, 0xff, 0xff,
    0xff, 0xff, 0xff, 0xff, 0xff, 0xff, 0xff, 0xbf, 0xff, 0xff, 0xff, 0xf8,
    0x3f, 0xfb, 0xff, 0xfd, 0xd1, 0xf7, 0x03, 0xfe, 0x07, 0xf2, 0x3b, 0xf7,
    0x6d, 0xaf, 0xbd, 0x03, 0xff, 0xff, 0xff, 0xff, 0xff, 0xff, 0xff, 0xff,
    0xff, 0xff, 0xff, 0xff, 0xff, 0xff, 0xff, 0xff, 0xff, 0xff, 0xff, 0xff,
    0xff, 0xff, 0xff, 0xff, 0xff, 0xff, 0xff, 0xdf, 0xff, 0xff, 0xff, 0xf0,
    0x9f, 0xff, 0x6d, 0xb7, 0x4b, 0xde, 0x0b, 0xfe, 0x07, 0xf8, 0xff, 0x7d,
    0xff, 0xff, 0xf7, 0x03, 0xff, 0xff, 0xff, 0xff, 0xff, 0xff, 0xff, 0xff,
    0xff, 0xff, 0xff, 0xff, 0xff, 0xff, 0xff, 0xff, 0xff, 0xff, 0xff, 0xff,
    0xff, 0xff, 0xff, 0xff, 0xff, 0xff, 0xff, 0xbf, 0xff, 0xff, 0xff, 0xf8,
    0x1f, 0xf7, 0xff, 0xff, 0xc3, 0xfe, 0x03, 0xfe, 0x0f, 0xfa, 0x6d, 0xdf,
    0xb6, 0xef, 0xde, 0x03, 0xff, 0xff, 0xff, 0xff, 0xff, 0xff, 0xff, 0xff,
    0xff, 0xff, 0xff, 0xff, 0xff, 0xff, 0xff, 0xff, 0xff, 0xff, 0xff, 0xff,
    0xff, 0xff, 0xff, 0xff, 0xff, 0xff, 0xff, 0xef, 0xff, 0xff, 0xff, 0xf8,
    0x3f, 0xfd, 0xb6, 0xdd, 0x93, 0xec, 0x07, 0xfe, 0x07, 0xf1, 0x7f, 0xf6,
    0xff, 0xbf, 0x7e, 0x23, 0xff, 0xff, 0xff, 0xff, 0xff, 0xff, 0xff, 0xff,
    0xff, 0xff, 0xff, 0xff, 0xff, 0xff, 0xff, 0xff, 0xff, 0xff, 0xff, 0xff,
    0xff, 0xff, 0xff, 0xff, 0xff, 0xff, 0xff, 0x5f, 0xff, 0xff, 0xff, 0xf0,
    0x1f, 0xf7, 0xff, 0xf7, 0xab, 0xbc, 0x27, 0xfe, 0x27, 0xf4, 0x77, 0x7f,
    0xee, 0xff, 0xf6, 0x07, 0xff, 0xff, 0xff, 0xff, 0xff, 0xff, 0xff, 0xff,
    0xff, 0xff, 0xff, 0xff, 0xff, 0xff, 0xff, 0xff, 0xff, 0xff, 0xff, 0xff,
    0xff, 0xff, 0xff, 0xff, 0xff, 0xff, 0xff, 0xf7, 0xff, 0xff, 0xff, 0xf8,
    0x3f, 0xff, 0x6d, 0xbe, 0x87, 0xfc, 0x07, 0xfe, 0x07, 0xf2, 0xdf, 0xdb,
    0xbb, 0xdf, 0xde, 0x03, 0xff, 0xff, 0xff, 0xff, 0xff, 0xff, 0xff, 0xff,
    0xff, 0xff, 0xff, 0xff, 0xff, 0xff, 0xff, 0xff, 0xff, 0xff, 0xff, 0xff,
    0xff, 0xff, 0xff, 0xff, 0xff, 0xff, 0xfe, 0xad, 0xff, 0xff, 0xff, 0xf0,
    0x9f, 0xfb, 0xff, 0xfb, 0xa7, 0xf8, 0x0f, 0xfe, 0x07, 0xf2, 0x7b, 0x7e,
    0xff, 0xfe, 0xfc, 0x17, 0xff, 0xff, 0xff, 0xff, 0xff, 0xff, 0xff, 0xff,
    0xff, 0xff, 0xff, 0xff, 0xff, 0xff, 0xff, 0xff, 0xff, 0xff, 0xff, 0xff,
    0xff, 0xff, 0xff, 0xff, 0xff, 0xff, 0xfd, 0xf7, 0xff, 0xff, 0xff, 0xf8,
    0x1f, 0xff, 0x6e, 0xdf, 0x17, 0x68, 0x0f, 0xfe, 0x07, 0xf4, 0xff, 0xf7,
    0xee, 0xbf, 0xec, 0x07, 0xff, 0xff, 0xff, 0xff, 0xff, 0xff, 0xff, 0xff,
    0xff, 0xff, 0xff, 0xff, 0xff, 0xff, 0xff, 0xff, 0xff, 0xff, 0xff, 0xff,
    0xff, 0xff, 0xff, 0xff, 0xff, 0xff, 0xfb, 0x5d, 0xff, 0xff, 0xff, 0xf8,
    0x3f, 0xf7, 0xfb, 0xfd, 0x4f, 0xf8, 0x4f, 0xfe, 0x07, 0xf2, 0x6d, 0xbf,
    0x7b, 0xff, 0x7c, 0x47, 0xff, 0xff, 0xff, 0xff, 0xff, 0xff, 0xff, 0xff,
    0xff, 0xff, 0xff, 0xff, 0xff, 0xff, 0xff, 0xff, 0xff, 0xff, 0xff, 0xff,
    0xff, 0xff, 0xff, 0xff, 0xff, 0xff, 0xef, 0xee, 0xbf, 0xff, 0xff, 0xf8,
    0x1f, 0xfd, 0xbf, 0x6f, 0x2f, 0xb0, 0x1f, 0xfe, 0x17, 0xf0, 0xff, 0xf7,
    0xef, 0xff, 0xec, 0x0f, 0xff, 0xff, 0xff, 0xff, 0xff, 0xff, 0xff, 0xff,
    0xff, 0xff, 0xff, 0xff, 0xff, 0xff, 0xff, 0xff, 0xff, 0xff, 0xff, 0xff,
    0xff, 0xff, 0xff, 0xff, 0xff, 0xff, 0xba, 0xbb, 0xd7, 0xff, 0xff, 0xf0,
    0x3f, 0xf7, 0xef, 0xfa, 0x4e, 0xe0, 0x1f, 0xfe, 0x07, 0xf6, 0xdb, 0x7d,
    0xbe, 0xfd, 0xb8, 0x0f, 0xff, 0xff, 0xff, 0xff, 0xff, 0xff, 0xff, 0xff,
    0xff, 0xff, 0xff, 0xff, 0xff, 0xff, 0xff, 0xff, 0xff, 0xff, 0xff, 0xff,
    0xff, 0xff, 0xff, 0xff, 0xff, 0xfe, 0xef, 0xd6, 0xff, 0xff, 0xff, 0xf8,
    0x1f, 0xfe, 0xfb, 0x6e, 0x9f, 0xe0, 0x00, 0x06, 0x07, 0xf0, 0x7f, 0xdf,
    0xfb, 0xff, 0xf8, 0x0f, 0xff, 0xff, 0xff, 0xff, 0xff, 0xff, 0xff, 0xff,
    0xff, 0xff, 0xff, 0xff, 0xff, 0xff, 0xff, 0xff, 0xff, 0xff, 0xff, 0xff,
    0xff, 0xff, 0xff, 0xff, 0xff, 0xff, 0xb5, 0x7f, 0x5f, 0xff, 0xff, 0xf8,
    0x3f, 0xff, 0xbf, 0xfe, 0x3f, 0xc4, 0x40, 0x00, 0x07, 0xf4, 0xed, 0xf6,
    0xef, 0x7d, 0xd8, 0x5f, 0xff, 0xff, 0xff, 0xff, 0xff, 0xff, 0xff, 0xff,
    0xff, 0xff, 0xff, 0xff, 0xff, 0xff, 0xff, 0xff, 0xff, 0xff, 0xff, 0xff,
    0xff, 0xff, 0xff, 0xff, 0xff, 0xff, 0xff, 0xaa, 0xff, 0xff, 0xff, 0xf0,
    0x9f, 0xf6, 0xf6, 0xdc, 0x9f, 0xc0, 0x00, 0x00, 0x27, 0xf2, 0xff, 0x7f,
    0xbf, 0xff, 0x70, 0x1f, 0xff, 0xff, 0xff, 0xff, 0xff, 0xff, 0xff, 0xff,
    0xff, 0xff, 0xff, 0xff, 0xff, 0xff, 0xff, 0xff, 0xff, 0xff, 0xff, 0xff,
    0xff, 0xff, 0xff, 0xff, 0xff, 0xff, 0xf5, 0xfd, 0xff, 0xff, 0xff, 0xf8,
    0x1f, 0xff, 0xdf, 0xf4, 0x3f, 0x80, 0x00, 0x00, 0x07, 0xf4, 0x6d, 0xed,
    0xfa, 0xfb, 0xf0, 0x1f, 0xff, 0xff, 0xff, 0xff, 0xff, 0xff, 0xff, 0xff,
    0xff, 0xff, 0xff, 0xff, 0xff, 0xff, 0xff, 0xff, 0xff, 0xff, 0xff, 0xff,
    0xff, 0xff, 0xff, 0xff, 0xff, 0xff, 0xfe, 0xab, 0xff, 0xff, 0xff, 0xf8,
    0x1f, 0xfb, 0x7d, 0xb9, 0x7f, 0x81, 0x08, 0x88, 0x07, 0xf2, 0xff, 0xff,
    0xdf, 0xff, 0xf1, 0x1f, 0xff, 0xff, 0xff, 0xff, 0xff, 0xff, 0xff, 0xff,
    0xff, 0xff, 0xff, 0xff, 0xff, 0xff, 0xff, 0xff, 0xff, 0xff, 0xff, 0xff,
    0xff, 0xff, 0xff, 0xff, 0xff, 0xff, 0xff, 0xff, 0xff, 0xfe, 0xff, 0xf8,
    0x1f, 0xff, 0xf7, 0xf9, 0x7f, 0x08, 0x00, 0x00, 0x87, 0xf0, 0xdb, 0x6d,
    0xfb, 0xf6, 0xe0, 0x3f, 0xff, 0xff, 0xff, 0xff, 0xff, 0xff, 0xff, 0xff,
    0xff, 0xff, 0xff, 0xff, 0xff, 0xff, 0xff, 0xff, 0xff, 0xff, 0xff, 0xff,
    0xff, 0xff, 0xff, 0xff, 0xff, 0xff, 0xfe, 0xaf, 0xff, 0xfb, 0xbf, 0xf8,
    0x1f, 0xfb, 0xbf, 0x72, 0x7f, 0x01, 0x76, 0x90, 0x03, 0xfa, 0x7f, 0xff,
    0x6f, 0xff, 0xb0, 0x3f, 0xff, 0xff, 0xff, 0xff, 0xff, 0xff, 0xff, 0xff,
    0xff, 0xff, 0xff, 0xff, 0xff, 0xff, 0xff, 0xff, 0xff, 0xff, 0xff, 0xff,
    0xff, 0xff, 0xff, 0xff, 0xff, 0xff, 0xff, 0xef, 0xff, 0xfe, 0xff, 0xf9,
    0x0f, 0xfe, 0xfb, 0xd0, 0xff, 0xff, 0xff, 0xfe, 0x07, 0xf2, 0xed, 0xb7,
    0xff, 0xed, 0xe0, 0x3f, 0xff, 0xff, 0xff, 0xff, 0xff, 0xff, 0xff, 0xff,
    0xff, 0xff, 0xff, 0xff, 0xff, 0xff, 0xff, 0xff, 0xff, 0xff, 0xff, 0xff,
    0xff, 0xff, 0xff, 0xff, 0xf5, 0x7f, 0xff, 0x7f, 0xff, 0xfb, 0xbf, 0xfc,
    0x1f, 0xff, 0xef, 0x75, 0xff, 0xff, 0xff, 0xff, 0xe3, 0xf8, 0x7f, 0xfd,
    0xb7, 0xff, 0xc1, 0x7f, 0xff, 0xff, 0xff, 0xff, 0xff, 0xff, 0xff, 0xff,
    0xff, 0xff, 0xff, 0xff, 0xff, 0xff, 0xff, 0xff, 0xff, 0xff, 0xff, 0xff,
    0xff, 0xff, 0xff, 0xff, 0xff, 0xbf, 0xff, 0xaf, 0xff, 0xfe, 0xff, 0xf8,
    0x0f, 0xfd, 0xbf, 0xe3, 0xff, 0xff, 0xff, 0xff, 0xfb, 0xfa, 0x76, 0xdf,
    0xff, 0xdb, 0x40, 0x7f, 0xff, 0xff, 0xff, 0xff, 0xff, 0xff, 0xff, 0xff,
    0xff, 0xff, 0xff, 0xff, 0xff, 0xff, 0xff, 0xff, 0xff, 0xff, 0xff, 0xff,
    0xff, 0xff, 0xff, 0xff, 0xd5, 0xdf, 0xff, 0xff, 0xff, 0xff, 0xff, 0xfc,
    0x0f, 0xff, 0xfa, 0xff, 0xff, 0xff, 0xff, 0xff, 0xff, 0xf1, 0x7f, 0xf6,
    0xdf, 0xff, 0xc4, 0x7f, 0xff, 0xff, 0xff, 0xff, 0xff, 0xff, 0xff, 0xff,
    0xff, 0x02, 0xff, 0xff, 0xff, 0xff, 0xff, 0xff, 0xff, 0xff, 0xff, 0xff,
    0xff, 0xff, 0xff, 0xff, 0xfe, 0xff, 0xff, 0xbf, 0xff, 0xff, 0xff, 0xfc,
    0x1f, 0xfe, 0xef, 0xff, 0xff, 0xff, 0xff, 0xff, 0xff, 0xfa, 0x6d, 0xbf,
    0xff, 0xb7, 0x80, 0xff, 0xff, 0xff, 0xff, 0xff, 0xff, 0xff, 0xff, 0xff,
    0xf0, 0x00, 0x1f, 0xff, 0xff, 0xff, 0xff, 0xff, 0xff, 0xff, 0xff, 0xff,
    0xff, 0xff, 0xff, 0xff, 0xd5, 0xaf, 0xff, 0xdf, 0xff, 0xff, 0xff, 0xfc,
    0x0f, 0xff, 0xbf, 0xff, 0xff, 0xff, 0xff, 0xff, 0xff, 0xf8, 0x7f, 0xfb,
    0x6f, 0xfe, 0x80, 0xff, 0xff, 0xff, 0xff, 0xff, 0xff, 0xff, 0xe0, 0x03,
    0xc0, 0x10, 0x03, 0xff, 0xff, 0xff, 0xff, 0xff, 0xff, 0xff, 0xff, 0xff,
    0xff, 0xff, 0xff, 0xff, 0xff, 0x7f, 0xff, 0xff, 0xff, 0xff, 0xff, 0xfc,
    0x0f, 0xff, 0xff, 0xff, 0xff, 0xff, 0xff, 0xff, 0xff, 0xfa, 0x6e, 0xdf,
    0xff, 0x6f, 0x09, 0xff, 0xff, 0xff, 0xff, 0xff, 0xff, 0xff, 0x80, 0x00,
    0x00, 0x00, 0x00, 0xff, 0xff, 0xff, 0xff, 0xff, 0xff, 0xff, 0xff, 0xff,
    0xff, 0xff, 0xff, 0xff, 0xd5, 0xdf, 0xff, 0xff, 0xff, 0xff, 0xff, 0xfc,
    0x07, 0xff, 0xff, 0xff, 0xff, 0xff, 0xff, 0xff, 0xff, 0xfd, 0x7b, 0xfb,
    0xbf, 0xfb, 0x01, 0xff, 0xff, 0xff, 0xff, 0xff, 0xff, 0xfe, 0x08, 0x00,
    0x00, 0x80, 0x00, 0x7f, 0xff, 0xff, 0xff, 0xff, 0xff, 0xff, 0xff, 0xff,
    0xff, 0xff, 0xff, 0xff, 0xfe, 0xff, 0xff, 0xff, 0xff, 0xff, 0xff, 0xfe,
    0x0f, 0xff, 0xff, 0xff, 0xff, 0xff, 0xff, 0xff, 0xff, 0xfc, 0x3f, 0xbe,
    0xfe, 0xdf, 0x01, 0xff, 0xff, 0xff, 0xff, 0xff, 0xff, 0xfc, 0x00, 0x00,
    0x02, 0x12, 0x20, 0x3f, 0xff, 0xff, 0xff, 0xff, 0xff, 0xff, 0xff, 0xff,
    0xff, 0xff, 0xff, 0xff, 0xf5, 0xbf, 0xff, 0xff, 0xff, 0xff, 0xff, 0xfe,
    0x27, 0xff, 0xff, 0xff, 0xff, 0xff, 0xff, 0xff, 0xff, 0xff, 0xbb, 0xef,
    0xff, 0xfa, 0x0b, 0xff, 0xff, 0xff, 0xff, 0xff, 0xff, 0xf8, 0x20, 0x44,
    0x10, 0xff, 0x02, 0x1f, 0xff, 0xff, 0xff, 0xff, 0xff, 0xff, 0xff, 0xff,
    0xff, 0xff, 0xff, 0xff, 0xff, 0xff, 0xff, 0xff, 0xff, 0xff, 0xff, 0xfe,
    0x07, 0xff, 0xff, 0xff, 0xff, 0xff, 0xff, 0xff, 0xff, 0xff, 0xfe, 0xfa,
    0xfd, 0xbe, 0x03, 0xff, 0xff, 0xff, 0xff, 0xff, 0xff, 0xf0, 0x01, 0x10,
    0x47, 0xff, 0xe0, 0x0f, 0xff, 0xff, 0xff, 0xff, 0xff, 0xff, 0xff, 0xff,
    0xff, 0xff, 0xff, 0xff, 0xff, 0xff, 0xff, 0x7f, 0xff, 0xff, 0xff, 0xf8,
    0x03, 0xff, 0xff, 0xff, 0xff, 0xff, 0xff, 0xff, 0xff, 0xff, 0xff, 0xaf,
    0xff, 0xf4, 0x07, 0xff, 0xff, 0xff, 0xff, 0xff, 0xff, 0xe0, 0x8f, 0xf8,
    0x1f, 0xff, 0xf8, 0x07, 0xff, 0xff, 0xff, 0xff, 0xff, 0xff, 0xff, 0xff,
    0xff, 0xff, 0xff, 0xff, 0xff, 0xff, 0xff, 0xff, 0xff, 0xff, 0xff, 0xf0,
    0x03, 0xff, 0xff, 0xff, 0xff, 0xff, 0xff, 0xff, 0xff, 0xff, 0xff, 0xff,
    0xfb, 0xbc, 0x07, 0xff, 0xff, 0xff, 0xff, 0xff, 0xff, 0xe0, 0x1f, 0xff,
    0x7f, 0xff, 0xfc, 0x03, 0xff, 0xff, 0xff, 0xff, 0xff, 0xff, 0xff, 0xff,
    0xff, 0xff, 0xff, 0xff, 0xff, 0xff, 0xff, 0x7f, 0xff, 0xff, 0xff, 0xe0,
    0x0f, 0xff, 0xff, 0xff, 0xff, 0xff, 0xff, 0xff, 0xff, 0xff, 0xff, 0xff,
    0xfe, 0xf8, 0x23, 0xff, 0xff, 0xff, 0xff, 0xff, 0xff, 0xc2, 0x7f, 0xff,
    0xff, 0xff, 0xfe, 0x43, 0xff, 0xff, 0xff, 0xff, 0xff, 0xff, 0xff, 0xff,
    0xff, 0xff, 0xff, 0xff, 0xff, 0xff, 0xff, 0xbf, 0xff, 0xff, 0xff, 0xc1,
    0x1f, 0xff, 0xff, 0xff, 0xff, 0xff, 0xff, 0xff, 0xff, 0xff, 0xff, 0xff,
    0xef, 0xd0, 0x01, 0xff, 0xff, 0xff, 0xff, 0xff, 0xff, 0x80, 0xff, 0xff,
    0xff, 0xff, 0xff, 0x01, 0xff, 0xff, 0xff, 0xff, 0xff, 0xff, 0xff, 0xff,
    0xff, 0xff, 0xff, 0xff, 0xff, 0xff, 0xfe, 0xdf, 0xff, 0xff, 0xff, 0x80,
    0x3f, 0xff, 0xff, 0xff, 0xff, 0xff, 0xff, 0xff, 0xff, 0xff, 0xff, 0xff,
    0xfd, 0xf0, 0x00, 0x7f, 0xff, 0xff, 0xff, 0xff, 0xff, 0x80, 0xff, 0xff,
    0xff, 0xff, 0xff, 0x81, 0xff, 0xff, 0xff, 0xff, 0xff, 0xff, 0xff, 0xff,
    0xff, 0xff, 0xff, 0xff, 0xff, 0xff, 0xfd, 0xb7, 0xff, 0xff, 0xff, 0x00,
    0x7f, 0xff, 0xff, 0xff, 0xff, 0xff, 0xff, 0xff, 0xff, 0xff, 0xff, 0xff,
    0xf7, 0xa0, 0x00, 0x3f, 0xff, 0xff, 0xff, 0xff, 0xff, 0x85, 0xff, 0xff,
    0xff, 0xff, 0xfd, 0x84, 0xff, 0xff, 0xff, 0xff, 0xff, 0xff, 0xff, 0xff,
    0xff, 0xff, 0xff, 0xff, 0xff, 0xff, 0xf7, 0x7b, 0xff, 0xff, 0xfe, 0x05,
    0xff, 0xff, 0xff, 0xff, 0xff, 0xff, 0xff, 0xff, 0xff, 0xff, 0xff, 0xff,
    0xbf, 0xe1, 0x00, 0x1b, 0x6a, 0x01, 0x5d, 0xff, 0xff, 0x11, 0xff, 0xff,
    0xff, 0xff, 0xff, 0xc0, 0xff, 0xff, 0xff, 0xff, 0xff, 0xff, 0xff, 0xff,
    0xff, 0xff, 0xff, 0xff, 0xff, 0xff, 0xed, 0xd6, 0xff, 0xff, 0xfc, 0x01,
    0xff, 0xff, 0xff, 0xff, 0xff, 0xff, 0xff, 0xff, 0xff, 0xff, 0xff, 0xff,
    0xf6, 0xc0, 0x64, 0x00, 0x00, 0x00, 0x00, 0x05, 0xff, 0x03, 0xff, 0xff,
    0xff, 0xff, 0xfd, 0xc0, 0xff, 0xff, 0xff, 0xff, 0xff, 0xff, 0xff, 0xff,
    0xff, 0xff, 0xff, 0xff, 0xff, 0xff, 0xfb, 0x7f, 0xff, 0xff, 0xf8, 0x07,
    0xff, 0xff, 0xff, 0xff, 0xff, 0xff, 0xff, 0xff, 0xff, 0xff, 0xff, 0xff,
    0xdf, 0x80, 0x70, 0x00, 0x00, 0x20, 0x00, 0x00, 0x0f, 0x03, 0xff, 0xff,
    0xff, 0xff, 0xff, 0x60, 0x7f, 0xff, 0xff, 0xff, 0xff, 0xff, 0xff, 0xff,
    0xff, 0xff, 0xff, 0xff, 0xff, 0xff, 0xff, 0xaf, 0xff, 0xff, 0xf0, 0x2f,
    0xff, 0xff, 0xff, 0xff, 0xff, 0xff, 0xff, 0xff, 0xff, 0xff, 0xff, 0xff,
    0xfd, 0x81, 0xf8, 0x40, 0x00, 0x00, 0x00, 0x00, 0x00, 0x43, 0xff, 0xff,
    0xff, 0xff, 0xfd, 0xe0, 0x7f, 0xff, 0xff, 0xff, 0xff, 0xff, 0xff, 0xff,
    0xff, 0xff, 0xff, 0xff, 0xff, 0xff, 0xfe, 0xff, 0xff, 0xff, 0xe0, 0x0f,
    0xff, 0xff, 0xff, 0xff, 0xff, 0xff, 0xff, 0xff, 0xff, 0xff, 0xff, 0xff,
    0xf7, 0x85, 0xfc, 0x00, 0x00, 0x84, 0x00, 0x00, 0x00, 0x03, 0xff, 0xff,
    0xff, 0xff, 0xff, 0xe1, 0x7f, 0xff, 0xff, 0xff, 0xff, 0xff, 0xff, 0xff,
    0xff, 0xff, 0xff, 0xff, 0xff, 0xff, 0xff, 0x5f, 0xff, 0xff, 0xc0, 0x3f,
    0xff, 0xff, 0xff, 0xff, 0xff, 0xff, 0xff, 0xff, 0xff, 0xff, 0xff, 0xff,
    0xff, 0x83, 0x7e, 0x00, 0x80, 0x00, 0x00, 0x20, 0x00, 0x03, 0xff, 0xff,
    0xff, 0xff, 0xff, 0xa0, 0x7f, 0xff, 0xff, 0xff, 0xff, 0xff, 0xff, 0xff,
    0xff, 0xff, 0xff, 0xff, 0xff, 0xff, 0xff, 0xff, 0xff, 0xff, 0xc1, 0x3f,
    0xff, 0xff, 0xff, 0xff, 0xff, 0xff, 0xff, 0xff, 0xff, 0xff, 0xff, 0xff,
    0xfe, 0xef, 0xff, 0x04, 0x0a, 0xff, 0xfd, 0x80, 0x40, 0x01, 0xff, 0xff,
    0xff, 0xff, 0xfd, 0xe0, 0x3f, 0xff, 0xff, 0xff, 0xff, 0xff, 0xff, 0xff,
    0xff, 0xff, 0xff, 0xff, 0xff, 0xff, 0xff, 0x7f, 0xff, 0xff, 0x80, 0x7f,
    0xff, 0xff, 0xff, 0xff, 0xff, 0xff, 0xff, 0xff, 0xff, 0xff, 0xff, 0xff,
    0xff, 0xfd, 0xff, 0x90, 0x01, 0xff, 0xff, 0xff, 0x02, 0x20, 0x3f, 0xff,
    0xff, 0xff, 0xff, 0xf1, 0x7f, 0xff, 0xff, 0xff, 0xff, 0xff, 0xff, 0xff,
    0xff, 0xff, 0xff, 0xff, 0xff, 0xdf, 0xff, 0xff, 0xff, 0xff, 0x08, 0xff,
    0xff, 0xff, 0xff, 0xff, 0xff, 0xff, 0xff, 0xff, 0xff, 0xff, 0xff, 0xff,
    0xff, 0xb7, 0xff, 0xc0, 0x00, 0x3f, 0xff, 0xff, 0xf8, 0x00, 0x0f, 0xff,
    0xff, 0xff, 0xff, 0xa0, 0x7f, 0xff, 0xff, 0xff, 0xff, 0xff, 0xff, 0xff,
    0xff, 0xff, 0xff, 0xff, 0xff, 0xef, 0xff, 0xff, 0xff, 0xff, 0x01, 0xff,
    0xff, 0xff, 0xff, 0xff, 0xff, 0xff, 0xff, 0xff, 0xff, 0xff, 0xff, 0xff,
    0xff, 0xff, 0xff, 0xe0, 0x00, 0x1f, 0xff, 0xff, 0xff, 0x40, 0x03, 0xff,
    0xff, 0xff, 0xfb, 0xe0, 0x3f, 0xff, 0xff, 0xff, 0xff, 0xff, 0xff, 0xff,
    0xff, 0xff, 0xff, 0xff, 0xff, 0xbf, 0xff, 0xff, 0xff, 0xfe, 0x03, 0xff,
    0xff, 0xff, 0xff, 0xff, 0xff, 0xff, 0xff, 0xff, 0xff, 0xff, 0xff, 0xff,
    0xff, 0xde, 0xdf, 0x60, 0x60, 0x07, 0xff, 0xff, 0xff, 0xe8, 0x00, 0xff,
    0xff, 0xff, 0xff, 0x60, 0x1f, 0xff, 0xff, 0xff, 0xff, 0xff, 0xff, 0xff,
    0xff, 0xff, 0xff, 0xff, 0xfe, 0xeb, 0xff, 0xff, 0xff, 0xfc, 0x03, 0xff,
    0xff, 0xff, 0xff, 0xff, 0xff, 0xff, 0xff, 0xff, 0xff, 0xff, 0xff, 0xff,
    0xff, 0xfb, 0xff, 0xf1, 0x1c, 0x03, 0x6f, 0xff, 0xff, 0xfc, 0x40, 0x3f,
    0xff, 0xff, 0xff, 0xf2, 0x0f, 0xff, 0xff, 0xff, 0xff, 0xff, 0xff, 0xff,
    0xff, 0xff, 0xff, 0xff, 0xff, 0xbd, 0xff, 0xff, 0xff, 0xfc, 0x17, 0xff,
    0xff, 0xff, 0xff, 0xff, 0xff, 0xff, 0xff, 0xff, 0xff, 0xff, 0xff, 0xff,
    0xff, 0xff, 0xed, 0xf8, 0x1f, 0x81, 0xfd, 0xbf, 0xff, 0xff, 0x80, 0x0f,
    0xff, 0xff, 0xfb, 0xf0, 0x0f, 0xff, 0xff, 0xff, 0xff, 0xff, 0xff, 0xff,
    0xff, 0xff, 0xff, 0xff, 0xff, 0xd7, 0xff, 0xff, 0xff, 0xf8, 0x0f, 0xff,
    0xff, 0xff, 0xff, 0xff, 0xff, 0xff, 0xff, 0xff, 0xff, 0xff, 0xff, 0xff,
    0xff, 0xfb, 0x7f, 0xfc, 0x0f, 0xe0, 0xdf, 0xf6, 0xff, 0xff, 0xe0, 0x03,
    0xff, 0xff, 0xff, 0xfc, 0x07, 0xff, 0xff, 0xff, 0xff, 0xff, 0xff, 0xff,
    0xff, 0xff, 0xff, 0xff, 0xff, 0xbf, 0xff, 0xff, 0xff, 0xf8, 0x4f, 0xff,
    0xff, 0xff, 0xff, 0xff, 0xff, 0xff, 0xff, 0xff, 0xff, 0xff, 0xff, 0xff,
    0xff, 0xff, 0xf7, 0xfe, 0x05, 0xb8, 0x3b, 0x6f, 0xdf, 0xff, 0xfc, 0x01,
    0xff, 0xff, 0xff, 0xfc, 0x43, 0xff, 0xff, 0xff, 0xff, 0xff, 0xff, 0xff,
    0xff, 0xff, 0xff, 0xff, 0xff, 0xef, 0xff, 0xff, 0xff, 0xf0, 0x1f, 0xff,
    0xff, 0xff, 0xff, 0xff, 0xff, 0xff, 0xff, 0xff, 0xff, 0xff, 0xff, 0xff,
    0xff, 0xfd, 0xdf, 0x7e, 0x07, 0xfc, 0x3f, 0xff, 0xf6, 0xff, 0xfe, 0x00,
    0x7f, 0xff, 0xfe, 0xff, 0x03, 0xff, 0xff, 0xff, 0xff, 0xff, 0xff, 0xff,
    0xff, 0xff, 0xff, 0xff, 0xff, 0xff, 0xff, 0xff, 0xff, 0xf0, 0x1f, 0xff,
    0xff, 0xff, 0xff, 0xff, 0xff, 0xff, 0xff, 0xff, 0xff, 0xff, 0xff, 0xff,
    0xff, 0xff, 0xff, 0xfb, 0x03, 0x7f, 0x0f, 0xff, 0xff, 0xd7, 0xff, 0x90,
    0x1f, 0xff, 0xff, 0xff, 0x01, 0xff, 0xff, 0xff, 0xff, 0xff, 0xff, 0xff,
    0xff, 0xff, 0xff, 0xff, 0xff, 0xff, 0xff, 0xff, 0xff, 0xe1, 0x3f, 0xff,
    0xff, 0xff, 0xff, 0xff, 0xff, 0xff, 0xff, 0xff, 0xff, 0xff, 0xff, 0xff,
    0xff, 0xff, 0xbf, 0xff, 0x01, 0xff, 0x87, 0xff, 0xff, 0xfe, 0xff, 0xe0,
    0x0f, 0xff, 0xff, 0xfd, 0x81, 0xff, 0xff, 0xff, 0xff, 0xff, 0xff, 0xff,
    0xff, 0xff, 0xff, 0xff, 0xff, 0xff, 0xff, 0xff, 0xff, 0xe0, 0x3f, 0xff,
    0xff, 0xff, 0xff, 0xff, 0xff, 0xff, 0xff, 0xff, 0xff, 0xff, 0xff, 0xff,
    0xff, 0xff, 0xfd, 0xff, 0x81, 0xfd, 0xe7, 0x7f, 0xff, 0xf7, 0xff, 0xf0,
    0x03, 0xff, 0xff, 0xff, 0x80, 0xff, 0xff, 0xff, 0xff, 0xff, 0xff, 0xff,
    0xff, 0xff, 0xff, 0xff, 0xff, 0xff, 0xff, 0xff, 0xff, 0xc0, 0x7f, 0xff,
    0xff, 0xff, 0xff, 0xff, 0xff, 0xff, 0xff, 0xff, 0xff, 0xff, 0xff, 0xff,
    0xff, 0xff, 0x7f, 0xff, 0xc4, 0xdf, 0xf3, 0xff, 0xfe, 0xff, 0xaf, 0xfd,
    0x01, 0xff, 0xfe, 0xff, 0xc0, 0xff, 0xff, 0xff, 0xff, 0xff, 0xff, 0xff,
    0xff, 0xff, 0xff, 0xff, 0xff, 0xff, 0xff, 0xff, 0xff, 0xc0, 0xff, 0xff,
    0xff, 0xff, 0xff, 0xff, 0xff, 0xff, 0xff, 0xff, 0xff, 0xff, 0xff, 0xff,
    0xff, 0xff, 0xff, 0xff, 0x40, 0xff, 0xf9, 0xff, 0xff, 0xff, 0xfd, 0xfe,
    0x00, 0xff, 0xff, 0xfe, 0xc2, 0xff, 0xff, 0xff, 0xff, 0xff, 0xff, 0xff,
    0xff, 0xff, 0xff, 0xff, 0xff, 0xff, 0xff, 0xff, 0xff, 0xc2, 0xff, 0xff,
    0xff, 0xff, 0xff, 0xff, 0xff, 0xff, 0xff, 0xff, 0xff, 0xff, 0xff, 0xff,
    0xff, 0xff, 0xdf, 0xff, 0xe0, 0x7f, 0xfe, 0xff, 0xff, 0xff, 0xf7, 0xbf,
    0x90, 0x3f, 0xff, 0xff, 0xc0, 0x7f, 0xff, 0xff, 0xff, 0xff, 0xff, 0xff,
    0xff, 0xff, 0xff, 0xff, 0xff, 0xff, 0xff, 0xff, 0xff, 0x80, 0xff, 0xff,
    0xff, 0xff, 0xff, 0xff, 0xff, 0xff, 0xff, 0xff, 0xff, 0xff, 0xff, 0xff,
    0xff, 0xff, 0xff, 0xff, 0xe0, 0x7f, 0xff, 0xff, 0xff, 0xff, 0xff, 0xff,
    0xc0, 0x1f, 0xff, 0xff, 0x40, 0xff, 0xff, 0xff, 0xff, 0xff, 0xff, 0xff,
    0xff, 0xff, 0xff, 0xff, 0xff, 0xff, 0xff, 0xff, 0xff, 0x81, 0xff, 0xff,
    0xff, 0xff, 0xff, 0xff, 0xff, 0xff, 0xff, 0xff, 0xff, 0xff, 0xff, 0xff,
    0xff, 0xff, 0xff, 0xff, 0xf0, 0x3f, 0xff, 0xff, 0xff, 0xff, 0xff, 0xfb,
    0xf0, 0x0f, 0xff, 0xff, 0xe0, 0x7f, 0xff, 0xff, 0xff, 0xff, 0xff, 0xff,
    0xff, 0xff, 0xff, 0xff, 0xff, 0xff, 0xff, 0xff, 0xff, 0x01, 0xff, 0xff,
    0xff, 0xff, 0xff, 0xff, 0xff, 0xff, 0xff, 0xff, 0xff, 0xff, 0xff, 0xff,
    0xff, 0xff, 0xef, 0xdf, 0xd0, 0x3f, 0xff, 0xff, 0xff, 0xff, 0xff, 0xff,
    0xf9, 0x07, 0xff, 0xff, 0xc2, 0x7f, 0xff, 0xff, 0xff, 0xff, 0xff, 0xff,
    0xff, 0xff, 0xff, 0xff, 0xff, 0xff, 0xff, 0xff, 0xff, 0x0b, 0xff, 0xff,
    0xff, 0xff, 0xff, 0xff, 0xff, 0xff, 0xff, 0xff, 0xff, 0xff, 0xff, 0xff,
    0xff, 0xff, 0xff, 0xff, 0xf8, 0xbf, 0xff, 0xff, 0xff, 0xff, 0xff, 0xff,
    0xfc, 0x01, 0xff, 0xff, 0xc0, 0x7f, 0xff, 0xff, 0xff, 0xff, 0xff, 0xff,
    0xff, 0xff, 0xff, 0xff, 0xff, 0xff, 0xff, 0xff, 0xff, 0x03, 0xff, 0xff,
    0xff, 0xff, 0xff, 0xff, 0xff, 0xff, 0xff, 0xff, 0xff, 0xff, 0xff, 0xff,
    0xff, 0xff, 0xff, 0xff, 0xf8, 0x17, 0xbf, 0xff, 0xff, 0xff, 0xff, 0xff,
    0xbf, 0x00, 0xff, 0xff, 0x48, 0xff, 0xff, 0xff, 0xff, 0xff, 0xff, 0xff,
    0xff, 0xff, 0xff, 0xff, 0xff, 0xff, 0xff, 0xff, 0xfe, 0x03, 0xff, 0xff,
    0xff, 0xff, 0xff, 0xff, 0xff, 0xff, 0xff, 0xff, 0xff, 0xff, 0xff, 0xff,
    0xff, 0xff, 0xf7, 0xff, 0xf8, 0x1e, 0xff, 0xff, 0xff, 0xff, 0xff, 0xff,
    0xff, 0x90, 0x7f, 0xff, 0xc0, 0xff, 0xff, 0xff, 0xff, 0xff, 0xff, 0xff,
    0xff, 0xff, 0xff, 0xff, 0xff, 0xff, 0xff, 0xff, 0xfe, 0x07, 0xff, 0xff,
    0xff, 0xff, 0xff, 0xff, 0xff, 0xff, 0xff, 0xff, 0xff, 0xff, 0xff, 0xff,
    0xff, 0xff, 0xff, 0xff, 0xfc, 0x03, 0xff, 0xff, 0xff, 0xff, 0xff, 0xff,
    0xf7, 0xc0, 0x37, 0xff, 0x80, 0xff, 0xff, 0xff, 0xff, 0xff, 0xff, 0xff,
    0xff, 0xff, 0xff, 0xff, 0xff, 0xff, 0xff, 0xff, 0xfe, 0x17, 0xff, 0xff,
    0xff, 0xff, 0xff, 0xff, 0xff, 0xff, 0xff, 0xff, 0xff, 0xff, 0xff, 0xff,
    0xff, 0xff, 0xff, 0xff, 0xec, 0x08, 0xbf, 0xff, 0xff, 0xff, 0xff, 0xff,
    0xff, 0xe0, 0x1f, 0xff, 0x80, 0xff, 0xff, 0xff, 0xff, 0xff, 0xff, 0xff,
    0xff, 0xff, 0xff, 0xff, 0xff, 0xff, 0xff, 0xff, 0xfe, 0x07, 0xff, 0xff,
    0xff, 0xff, 0xff, 0xff, 0xff, 0xff, 0xff, 0xff, 0xff, 0xff, 0xff, 0xff,
    0xff, 0xff, 0xfb, 0xff, 0xfe, 0x0a, 0x17, 0xff, 0xff, 0xff, 0xff, 0xff,
    0xfe, 0xf0, 0x0f, 0xff, 0x05, 0xff, 0xff, 0xff, 0xff, 0xff, 0xff, 0xff,
    0xff, 0xff, 0xff, 0xff, 0xff, 0xff, 0xff, 0xff, 0xfc, 0x07, 0xff, 0xff,
    0xff, 0xff, 0xff, 0xff, 0xff, 0xff, 0xff, 0xff, 0xff, 0xff, 0xff, 0xff,
    0xff, 0xff, 0xff, 0xff, 0xfe, 0x20, 0xa7, 0x7f, 0xff, 0xff, 0xff, 0xff,
    0xff, 0xfc, 0x03, 0xfe, 0x01, 0xff, 0xff, 0xff, 0xff, 0xff, 0xff, 0xff,
    0xff, 0xff, 0xff, 0xff, 0xff, 0xff, 0xff, 0xff, 0xfc, 0x4f, 0xff, 0xff,
    0xff, 0xff, 0xff, 0xff, 0xff, 0xff, 0xff, 0xff, 0xff, 0xff, 0xff, 0xff,
    0xff, 0xff, 0xff, 0xff, 0xfe, 0x05, 0x11, 0xff, 0xff, 0xff, 0xff, 0xff,
    0xff, 0xbc, 0x81, 0xfc, 0x03, 0xff, 0xff, 0xff, 0xff, 0xff, 0xff, 0xff,
    0xff, 0xff, 0xff, 0xff, 0xff, 0xff, 0xff, 0xff, 0xfc, 0x0f, 0xff, 0xff,
    0xff, 0xff, 0xff, 0xff, 0xff, 0xff, 0xff, 0xff, 0xff, 0xff, 0xff, 0xff,
    0xff, 0xff, 0xff, 0xff, 0xfe, 0x04, 0x48, 0x7f, 0xff, 0xff, 0xff, 0xff,
    0xff, 0xfe, 0x00, 0xf0, 0x13, 0xff, 0xff, 0xff, 0xff, 0xff, 0xff, 0xff,
    0xff, 0xff, 0xff, 0xff, 0xff, 0xff, 0xff, 0xff, 0xfc, 0x0f, 0xff, 0xfc,
    0x00, 0x1f, 0xff, 0xff, 0xff, 0xff, 0xff, 0xff, 0xff, 0xff, 0xff, 0xff,
    0xff, 0xff, 0xfd, 0xff, 0xff, 0x07, 0x85, 0x1f, 0xff, 0xff, 0xff, 0xff,
    0xff, 0xef, 0x00, 0x20, 0x07, 0xff, 0xff, 0xff, 0xff, 0xff, 0xff, 0xff,
    0xff, 0xff, 0xff, 0xff, 0xff, 0xff, 0xff, 0xff, 0xfc, 0x0f, 0xff, 0xe0,
    0x00, 0x03, 0xff, 0xff, 0xff, 0xff, 0xff, 0xff, 0xff, 0xff, 0xff, 0xff,
    0xff, 0xff, 0xff, 0xff, 0xff, 0x03, 0xf0, 0x8f, 0xff, 0xff, 0xff, 0xff,
    0xff, 0xff, 0xc4, 0x00, 0x8f, 0xff, 0xff, 0xff, 0xff, 0xff, 0xff, 0xff,
    0xff, 0xff, 0xff, 0xff, 0xff, 0xff, 0xff, 0xff, 0xfc, 0x5f, 0xff, 0x81,
    0x00, 0x00, 0x7f, 0xff, 0xff, 0xff, 0xff, 0xff, 0xff, 0xff, 0xff, 0xff,
    0xff, 0xff, 0xff, 0xff, 0xff, 0x02, 0xfa, 0x53, 0xff, 0xff, 0xff, 0xff,
    0xff, 0xfb, 0xc0, 0x02, 0x1f, 0xff, 0xff, 0xff, 0xff, 0xff, 0xff, 0xff,
    0xff, 0xff, 0xff, 0xff, 0xff, 0xff, 0xff, 0xff, 0xf8, 0x0f, 0xfe, 0x04,
    0x2a, 0x00, 0x1f, 0xff, 0xff, 0xff, 0xff, 0xff, 0xff, 0xdb, 0xff, 0xff,
    0xff, 0xff, 0xff, 0xff, 0xff, 0x8b, 0xfd, 0x23, 0xff, 0xff, 0xff, 0xff,
    0xff, 0xff, 0xe0, 0x08, 0x3f, 0xff, 0xff, 0xff, 0xff, 0xff, 0xff, 0xff,
    0xff, 0xff, 0xff, 0xff, 0xff, 0xff, 0xff, 0xff, 0xf8, 0x1f, 0xfc, 0x01,
    0xff, 0xf0, 0x0f, 0xff, 0xff, 0xff, 0xff, 0xff, 0xf8, 0x00, 0x17, 0xff,
    0xff, 0xff, 0xfe, 0xff, 0xfe, 0x81, 0x7f, 0x14, 0xff, 0xff, 0xff, 0xff,
    0xff, 0xfd, 0xf0, 0x80, 0x7f, 0xff, 0xff, 0xff, 0xff, 0xff, 0xff, 0xff,
    0xff, 0xff, 0xff, 0xff, 0xff, 0xff, 0xff, 0xff, 0xf8, 0x1f, 0xf0, 0x1f,
    0xff, 0xfc, 0x03, 0xff, 0xff, 0xff, 0xff, 0xff, 0xc0, 0x00, 0x01, 0xff,
    0xff, 0xff, 0xff, 0xff, 0xff, 0x81, 0xff, 0xc8, 0x7f, 0xff, 0xff, 0xff,
    0xff, 0xfe, 0xf8, 0x03, 0xff, 0xff, 0xff, 0xff, 0xff, 0xff, 0xff, 0xff,
    0xff, 0xff, 0xff, 0xff, 0xff, 0xff, 0xff, 0xff, 0xf9, 0x1f, 0xe0, 0x3f,
    0xff, 0xff, 0x01, 0xff, 0xff, 0xff, 0xff, 0xfe, 0x00, 0x00, 0x00, 0x3f,
    0xff, 0xff, 0xff, 0xff, 0xff, 0x81, 0xbf, 0xe2, 0x3f, 0xff, 0xff, 0xff,
    0xff, 0xff, 0x6c, 0x03, 0xff, 0xff, 0xff, 0xff, 0xff, 0xff, 0xff, 0xff,
    0xff, 0xff, 0xff, 0xff, 0xff, 0xff, 0xff, 0xff, 0xf8, 0x1f, 0xe0, 0xff,
    0xff, 0xff, 0xc0, 0xff, 0xff, 0xff, 0xff, 0xfc, 0x00, 0xb6, 0x00, 0x1f,
    0xff, 0xff, 0xff, 0xff, 0xfe, 0x85, 0xff, 0xf5, 0x5f, 0xff, 0xff, 0xff,
    0xff, 0xff, 0xbe, 0x13, 0xff, 0xff, 0xff, 0xff, 0xff, 0xff, 0xff, 0xff,
    0xff, 0xff, 0xff, 0xff, 0xff, 0xff, 0xff, 0xff, 0xf8, 0x1f, 0x81, 0xff,
    0xff, 0xff, 0xe0, 0x7f, 0xff, 0xff, 0xff, 0xf0, 0x07, 0xff, 0xf0, 0x07,
    0xff, 0xff, 0xff, 0x7f, 0xff, 0xc0, 0xdf, 0xf8, 0x1f, 0xff, 0xff, 0xff,
    0xff, 0xff, 0x7b, 0x01, 0xff, 0xff, 0xff, 0xff, 0xff, 0xff, 0xff, 0xff,
    0xff, 0xff, 0xff, 0xff, 0xff, 0xff, 0xff, 0xff, 0xf8, 0x3f, 0x83, 0xff,
    0xff, 0xff, 0xf8, 0x3f, 0xff, 0xff, 0xff, 0xe0, 0x3f, 0xff, 0xfe, 0x01,
    0xff, 0xff, 0xff, 0xff, 0xff, 0xc1, 0xff, 0xfd, 0x4b, 0xff, 0xff, 0xff,
    0xff, 0xff, 0xdf, 0x80, 0xff, 0xff, 0xff, 0xff, 0xff, 0xff, 0xff, 0xff,
    0xff, 0xff, 0xff, 0xff, 0xff, 0xff, 0xff, 0xff, 0xf8, 0x1f, 0x07, 0xff,
    0xff, 0xff, 0xf8, 0x1f, 0xff, 0xff, 0xff, 0x80, 0xff, 0xff, 0xff, 0x80,
    0xff, 0xff, 0xff, 0xff, 0xff, 0x80, 0xdf, 0xfe, 0x27, 0xff, 0xff, 0xff,
    0xff, 0xff, 0xed, 0x80, 0x7f, 0xff, 0xff, 0xff, 0xff, 0xff, 0xff, 0xff,
    0xff, 0xff, 0xff, 0xff, 0xff, 0xff, 0xff, 0xff, 0xf8, 0x1e, 0x0f, 0xff,
    0xff, 0xff, 0xfc, 0x5f, 0xff, 0xff, 0xff, 0x03, 0xff, 0xff, 0xff, 0xe0,
    0x7f, 0xff, 0xff, 0xff, 0xff, 0xc1, 0xff, 0xff, 0x4b, 0xff, 0xff, 0xff,
    0xff, 0xff, 0xde, 0xc0, 0x7f, 0xff, 0xff, 0xff, 0xff, 0xff, 0xff, 0xff,
    0xff, 0xff, 0xff, 0xff, 0xff, 0xff, 0xff, 0xff, 0xf8, 0x3e, 0x0f, 0xff,
    0xff, 0xff, 0xfe, 0x0f, 0xff, 0xff, 0xfe, 0x07, 0xff, 0xff, 0xff, 0xf0,
    0x3f, 0xff, 0xff, 0x7f, 0xff, 0x48, 0xdf, 0xff, 0x81, 0xff, 0xff, 0xff,
    0xff, 0xff, 0xf7, 0x62, 0x1f, 0xff, 0xff, 0xff, 0xff, 0xff, 0xff, 0xff,
    0xff, 0xff, 0xff, 0xff, 0xff, 0xff, 0xff, 0xff, 0xf8, 0x9c, 0x1f, 0xff,
    0xff, 0xff, 0xff, 0x07, 0xff, 0xff, 0xfe, 0x0f, 0xff, 0xff, 0xff, 0xf9,
    0x1f, 0xff, 0xff, 0xff, 0xff, 0xe0, 0xf7, 0xff, 0xa9, 0xff, 0xff, 0xff,
    0xff, 0xff, 0xed, 0xf0, 0x1f, 0xff, 0xff, 0xff, 0xff, 0xff, 0xff, 0xff,
    0xff, 0xff, 0xff, 0xff, 0xff, 0xff, 0xff, 0xff, 0xf8, 0x1c, 0x3f, 0xff,
    0xff, 0xff, 0xff, 0x07, 0xff, 0xff, 0xfc, 0x1f, 0xff, 0xff, 0xff, 0xfc,
    0x1f, 0xff, 0xff, 0xff, 0xfd, 0xc0, 0xff, 0xff, 0xca, 0xff, 0xff, 0xff,
    0xff, 0xff, 0xfb, 0x50, 0x0f, 0xff, 0xff, 0xff, 0xff, 0xff, 0xff, 0xff,
    0xff, 0xff, 0xff, 0xff, 0xff, 0xff, 0xff, 0xff, 0xf8, 0x18, 0x3f, 0xff,
    0xff, 0xc1, 0xff, 0x87, 0xff, 0xff, 0xf8, 0x3f, 0xff, 0xff, 0xff, 0xfe,
    0x0f, 0xff, 0xff, 0xff, 0xff, 0xc0, 0xdf, 0xff, 0xe0, 0xdf, 0xff, 0xff,
    0xff, 0xff, 0xf7, 0xf8, 0x0f, 0xff, 0xff, 0xff, 0xff, 0xff, 0xff, 0xff,
    0xff, 0xff, 0xff, 0xff, 0xff, 0xff, 0xff, 0xff, 0xf8, 0x18, 0x3f, 0xff,
    0xff, 0x00, 0x7f, 0xc3, 0xff, 0xff, 0xf0, 0x7f, 0xff, 0xff, 0xff, 0xff,
    0x07, 0xff, 0xff, 0xff, 0xef, 0xc1, 0xf7, 0xff, 0xf5, 0x7f, 0xff, 0xff,
    0xff, 0xff, 0xfd, 0x5c, 0x87, 0xff, 0xff, 0xff, 0xff, 0xff, 0xff, 0xff,
    0xff, 0xff, 0xff, 0xff, 0xff, 0xff, 0xff, 0xff, 0xf8, 0x00, 0x7f, 0xff,
    0xfe, 0x00, 0x7f, 0xc3, 0xff, 0xff, 0xf0, 0x7f, 0xff, 0xff, 0xff, 0xff,
    0x83, 0xff, 0xff, 0xbf, 0xff, 0xc4, 0xbf, 0xff, 0xf0, 0x7f, 0xff, 0xff,
    0xff, 0xff, 0xfb, 0xf6, 0x03, 0xff, 0xff, 0xff, 0xff, 0xff, 0xff, 0xff,
    0xff, 0xff, 0xff, 0xff, 0xff, 0xff, 0xff, 0xff, 0xf8, 0x01, 0x7f, 0xff,
    0xfc, 0x00, 0x1f, 0xc1, 0xff, 0xff, 0xf0, 0xff, 0xff, 0x87, 0xff, 0xff,
    0x83, 0xff, 0xff, 0xff, 0xff, 0xc0, 0xf7, 0xff, 0xfa, 0xbf, 0xff, 0xff,
    0xff, 0xff, 0xfe, 0xba, 0x01, 0xff, 0xff, 0xff, 0xff, 0xff, 0xff, 0xff,
    0xff, 0xff, 0xff, 0xff, 0xff, 0xff, 0xff, 0xff, 0xf8, 0x80, 0x7f, 0xff,
    0xfc, 0x04, 0x1f, 0xe1, 0xff, 0xff, 0xe0, 0xff, 0xfe, 0x00, 0xff, 0xff,
    0xc1, 0xff, 0xff, 0xff, 0xff, 0x60, 0xff, 0xff, 0xf8, 0x1f, 0xff, 0xff,
    0xff, 0xff, 0xfb, 0xef, 0x01, 0xff, 0xff, 0xff, 0xff, 0xff, 0xff, 0xff,
    0xff, 0xff, 0xff, 0xff, 0xff, 0xff, 0xff, 0xff, 0xf0, 0x04, 0x7f, 0xff,
    0xf8, 0x10, 0x1f, 0xe1, 0xff, 0xff, 0xe1, 0xff, 0xfc, 0x00, 0x7f, 0xff,
    0xc1, 0xff, 0xff, 0xff, 0xef, 0xc0, 0xdb, 0xff, 0xfd, 0x5f, 0xff, 0xff,
    0xff, 0xff, 0xfe, 0xbb, 0x84, 0xff, 0xff, 0xff, 0xff, 0xff, 0xff, 0xff,
    0xff, 0xff, 0xff, 0xff, 0xff, 0xff, 0xff, 0xff, 0xe0, 0x00, 0x7f, 0xff,
    0xf8, 0x00, 0x0f, 0xe0, 0xfa, 0xbf, 0xc1, 0xff, 0xf8, 0x00, 0x3f, 0xff,
    0xe5, 0xff, 0xff, 0xbf, 0xbf, 0xc1, 0xfd, 0xff, 0xfe, 0x4f, 0xff, 0xff,
    0xff, 0xff, 0xfd, 0xee, 0x90, 0x7f, 0xff, 0xff, 0xff, 0xff, 0xff, 0xff,
    0xff, 0xff, 0xff, 0xff, 0xff, 0xff, 0xff, 0xff, 0xe0, 0x00, 0x7f, 0xff,
    0xf0, 0x00, 0x0f, 0xe1, 0x80, 0x01, 0xc3, 0xff, 0xf0, 0x10, 0x1f, 0xff,
    0xe0, 0xff, 0xff, 0xff, 0xfd, 0xc0, 0xef, 0xff, 0xfe, 0x2f, 0xff, 0xff,
    0xff, 0xff, 0xff, 0x7b, 0xc0, 0x7f, 0xff, 0xff, 0xff, 0xff, 0xff, 0xff,
    0xff, 0xff, 0xff, 0xff, 0xff, 0xff, 0xff, 0xff, 0xc1, 0x30, 0xff, 0xff,
    0xf8, 0x40, 0x87, 0xe0, 0x00, 0x00, 0x49, 0xff, 0xf0, 0x00, 0x0f, 0xff,
    0xe0, 0xff, 0xff, 0xff, 0xff, 0xc4, 0xfd, 0xff, 0xff, 0x0f, 0xff, 0xff,
    0xff, 0xff, 0xfd, 0xde, 0xe0, 0x3f, 0xff, 0xff, 0xff, 0xff, 0xff, 0xff,
    0xff, 0xff, 0xff, 0xff, 0xff, 0xff, 0xff, 0xff, 0x80, 0x78, 0x7f, 0xff,
    0xf0, 0x00, 0x0f, 0xf0, 0x00, 0x00, 0x03, 0xff, 0xe0, 0x00, 0x0f, 0xff,
    0xf0, 0xff, 0xff, 0xff, 0xff, 0x41, 0xdf, 0xff, 0xff, 0x57, 0xff, 0xff,
    0xff, 0xff, 0xff, 0x77, 0xa0, 0xbf, 0xff, 0xff, 0xff, 0xff, 0xff, 0xff,
    0xff, 0xff, 0xff, 0xff, 0xff, 0xff, 0xff, 0xff, 0x00, 0xf0, 0x7f, 0xff,
    0xf0, 0x00, 0x0f, 0xe0, 0x00, 0x00, 0x03, 0xff, 0xe0, 0x01, 0x0f, 0xff,
    0xf0, 0xfc, 0x1f, 0x7f, 0xfd, 0xc1, 0xf6, 0xff, 0xff, 0x07, 0xff, 0xff,
    0xff, 0xff, 0xfe, 0xda, 0xf0, 0x1f, 0xff, 0xff, 0xff, 0xff, 0xff, 0xff,
    0xff, 0xff, 0xff, 0xff, 0xff, 0xff, 0xff, 0xff, 0x09, 0xf8, 0xff, 0xff,
    0xf8, 0x04, 0x07, 0xe0, 0x9f, 0xf4, 0x03, 0xff, 0xe0, 0x88, 0x07, 0xff,
    0xf0, 0x60, 0x0f, 0xff, 0xff, 0x81, 0xdf, 0xff, 0xff, 0xa3, 0xff, 0xff,
    0xff, 0xff, 0xff, 0xff, 0xb0, 0x1f, 0xff, 0xff, 0xff, 0xff, 0xff, 0xff,
    0xff, 0xff, 0xff, 0xff, 0xff, 0xff, 0xff, 0xfe, 0x01, 0xf0, 0x7f, 0xff,
    0xf0, 0x10, 0x0f, 0xe2, 0x7f, 0xfc, 0x43, 0xff, 0xc0, 0x00, 0x07, 0xff,
    0xf0, 0x00, 0x0f, 0xff, 0xef, 0x81, 0xfd, 0x7f, 0xff, 0x93, 0xff, 0xff,
    0xff, 0xff, 0xfd, 0x55, 0xe8, 0x0f, 0xff, 0xff, 0xff, 0xff, 0xff, 0xff,
    0xff, 0xff, 0xff, 0xff, 0xff, 0xff, 0xff, 0xfc, 0x03, 0xf8, 0x7f, 0xff,
    0xf0, 0x80, 0x4f, 0xe0, 0xff, 0xff, 0x07, 0xff, 0xc0, 0x00, 0x07, 0xff,
    0xf0, 0x00, 0x1f, 0xff, 0xff, 0x88, 0xf7, 0xff, 0xff, 0xca, 0xff, 0xff,
    0xff, 0xff, 0xff, 0xff, 0x7c, 0x07, 0xff, 0xff, 0xff, 0xff, 0xff, 0xff,
    0xff, 0xff, 0xff, 0xff, 0xff, 0xff, 0xff, 0xf8, 0x23, 0xf8, 0x3f, 0xef,
    0xf8, 0x00, 0x0f, 0xe1, 0xff, 0xff, 0x83, 0xff, 0xe0, 0x00, 0x17, 0xff,
    0xf0, 0x00, 0x7f, 0xff, 0xf6, 0x80, 0x5f, 0xbf, 0xff, 0xd1, 0xff, 0xff,
    0xff, 0xff, 0xfe, 0xab, 0xac, 0x47, 0xff, 0xff, 0xff, 0xff, 0xff, 0xff,
    0xff, 0xff, 0xff, 0xff, 0xff, 0xff, 0xff, 0xf8, 0x03, 0xf8, 0x7f, 0x7b,
    0xf8, 0x00, 0x0f, 0xe0, 0xff, 0xff, 0xc3, 0xff, 0xc2, 0x00, 0x47, 0xff,
    0xf1, 0x0b, 0xff, 0xff, 0xff, 0xc0, 0x3e, 0xff, 0xff, 0xe5, 0xbf, 0xff,
    0xff, 0xff, 0xff, 0xfe, 0xfe, 0x03, 0xff, 0xff, 0xff, 0xff, 0xff, 0xff,
    0xff, 0xff, 0xff, 0xff, 0xff, 0xff, 0xff, 0xf0, 0x07, 0xfc, 0x3d, 0xde,
    0xfc, 0x00, 0x1f, 0xc1, 0xfb, 0xff, 0xc3, 0xff, 0xe0, 0x22, 0x07, 0xff,
    0xf0, 0x5f, 0xff, 0xff, 0xef, 0x60, 0x1f, 0xdf, 0xff, 0xe5, 0xff, 0xff,
    0xff, 0xff, 0xfd, 0x57, 0xaa, 0x03, 0xff, 0xff, 0xff, 0xff, 0xff, 0xff,
    0xff, 0xff, 0xff, 0xff, 0xff, 0xff, 0xff, 0xe0, 0x43, 0xfc, 0x1f, 0xf7,
    0xbc, 0x02, 0x3f, 0xc5, 0xf6, 0xbf, 0xc3, 0xff, 0xe0, 0x00, 0x07, 0xff,
    0xf0, 0x7f, 0xfe, 0xff, 0xbb, 0xf0, 0x0d, 0xff, 0xff, 0xe0, 0xaf, 0xff,
    0xff, 0xff, 0xff, 0xfd, 0xff, 0x09, 0xff, 0xff, 0xff, 0xff, 0xff, 0xff,
    0xff, 0xff, 0xff, 0xff, 0xff, 0xff, 0xff, 0xc0, 0x07, 0xfe, 0x1d, 0xbd,
    0xde, 0x10, 0x3f, 0xc3, 0xef, 0xef, 0xe1, 0xff, 0xe0, 0x00, 0x0f, 0xff,
    0xf0, 0xff, 0xff, 0xff, 0xff, 0x22, 0x07, 0xbf, 0xff, 0xf4, 0xff, 0xff,
    0xff, 0xff, 0xfd, 0x56, 0xad, 0x01, 0xff, 0xff, 0xff, 0xff, 0xff, 0xff,
    0xff, 0xff, 0xff, 0xff, 0xff, 0xff, 0xff, 0x80, 0x03, 0xfe, 0x0f, 0xef,
    0x7e, 0x00, 0x7f, 0x83, 0xfd, 0xbf, 0xe1, 0xff, 0xe0, 0x00, 0x0f, 0xff,
    0xe0, 0xff, 0xff, 0xff, 0xfe, 0x00, 0x03, 0xef, 0xff, 0xf2, 0xd7, 0xff,
    0xff, 0xff, 0xfb, 0xff, 0xfb, 0x81, 0xff, 0xff, 0xff, 0xff, 0xff, 0xff,
    0xff, 0xff, 0xff, 0xff, 0xff, 0xff, 0xff, 0x01, 0x87, 0xfe, 0x07, 0x7b,
    0xef, 0x81, 0xff, 0x07, 0xf7, 0xef, 0xe1, 0xff, 0xf1, 0x08, 0x1f, 0xdb,
    0xe0, 0xff, 0xfd, 0xbf, 0xee, 0x00, 0x23, 0xbf, 0xff, 0xf4, 0x7d, 0xff,
    0xff, 0xff, 0xfe, 0xb5, 0x5f, 0x80, 0x3f, 0xff, 0xff, 0xff, 0xff, 0xff,
    0xff, 0xff, 0xff, 0xff, 0xff, 0xff, 0xfe, 0x01, 0x03, 0xff, 0x07, 0xbe,
    0xff, 0xff, 0xff, 0x07, 0xfe, 0xbf, 0xe0, 0xff, 0xf8, 0x00, 0x9f, 0x7e,
    0xe1, 0xff, 0xff, 0xfe, 0xfe, 0x03, 0x01, 0xf7, 0xff, 0xf9, 0x6e, 0xff,
    0xff, 0xff, 0xf7, 0xdf, 0xf5, 0x80, 0x01, 0xff, 0xff, 0xff, 0xff, 0xff,
    0xff, 0xff, 0xff, 0xff, 0xff, 0xff, 0xfc, 0x0b, 0x83, 0xff, 0x83, 0xef,
    0xaf, 0xff, 0xfe, 0x0f, 0xff, 0xff, 0xf0, 0xff, 0xf8, 0x00, 0x3d, 0xef,
    0xc1, 0xff, 0xff, 0x6f, 0xfe, 0x23, 0x80, 0xff, 0xff, 0xf9, 0x77, 0xff,
    0xff, 0xff, 0xed, 0x75, 0x5e, 0xc4, 0x00, 0x3f, 0xff, 0xff, 0xff, 0xff,
    0xff, 0xff, 0xff, 0xff, 0xff, 0xff, 0xf9, 0x27, 0x8b, 0xff, 0xc0, 0xf5,
    0xff, 0xff, 0xfc, 0x0f, 0xff, 0xff, 0xf0, 0x7f, 0xfe, 0x00, 0xff, 0xba,
    0xc3, 0xff, 0xff, 0xff, 0xb4, 0x03, 0x80, 0xdb, 0xff, 0xfa, 0x3d, 0x5f,
    0xff, 0xff, 0xdf, 0xdf, 0xf7, 0xc0, 0x00, 0x07, 0xff, 0xff, 0xff, 0xff,
    0xff, 0xff, 0xff, 0xff, 0xff, 0xff, 0xf0, 0x07, 0x81, 0xff, 0xc0, 0x7f,
    0x5f, 0xff, 0xf8, 0x3f, 0xff, 0xff, 0xf8, 0x7f, 0xff, 0x45, 0xfb, 0xff,
    0x83, 0xff, 0xff, 0xff, 0xfe, 0x07, 0x40, 0x7f, 0xff, 0xfc, 0xaf, 0xf7,
    0xff, 0xff, 0xb5, 0x7b, 0x7d, 0x40, 0x00, 0x00, 0xff, 0xff, 0xff, 0xff,
    0xff, 0xff, 0xff, 0xff, 0xff, 0xff, 0xe4, 0x1f, 0xc1, 0xff, 0xf0, 0x3f,
    0xff, 0xff, 0xf0, 0x3f, 0xff, 0xff, 0xf8, 0x3f, 0xff, 0xff, 0xfe, 0xd5,
    0x03, 0xff, 0xf6, 0xde, 0xec, 0x07, 0xe4, 0x3b, 0xff, 0xfc, 0x3a, 0xbd,
    0xff, 0xfe, 0xff, 0xdd, 0xd7, 0xe0, 0x84, 0x00, 0x1f, 0xff, 0xff, 0xff,
    0xff, 0xff, 0xff, 0xff, 0xff, 0xff, 0xc0, 0x1f, 0xc0, 0xff, 0xf0, 0x0f,
    0xff, 0xff, 0xc0, 0x7f, 0xff, 0xff, 0xfc, 0x1f, 0xff, 0xff, 0xef, 0xff,
    0x07, 0xff, 0xff, 0xfb, 0xf8, 0x0f, 0xf0, 0x3f, 0xff, 0xfd, 0x5f, 0xd7,
    0x7f, 0xf5, 0xab, 0x77, 0x7d, 0xaa, 0x60, 0x40, 0x0f, 0xff, 0xff, 0xff,
    0xff, 0xff, 0xff, 0xff, 0xff, 0xff, 0x80, 0x7f, 0xc0, 0xff, 0xfc, 0x03,
    0xff, 0xff, 0x00, 0xff, 0xff, 0xff, 0xfc, 0x0f, 0xff, 0xff, 0xfa, 0xb4,
    0x0f, 0xff, 0xdd, 0xbf, 0xb8, 0x2f, 0xf0, 0x1b, 0xff, 0xfe, 0x15, 0x7d,
    0xaa, 0xaf, 0xfe, 0xdd, 0xd7, 0xe1, 0x7e, 0x00, 0x03, 0xff, 0xff, 0xff,
    0xff, 0xff, 0xff, 0xff, 0xff, 0xfe, 0x00, 0xff, 0xe0, 0x17, 0xfe, 0x00,
    0x5f, 0xfc, 0x03, 0xff, 0xff, 0xff, 0xff, 0x03, 0xff, 0xff, 0xef, 0xfc,
    0x1f, 0xff, 0xff, 0xfb, 0xf0, 0x1f, 0xd8, 0x1f, 0xff, 0xfe, 0x9f, 0xef,
    0xff, 0xdd, 0x5b, 0xf7, 0xfd, 0x64, 0x7f, 0xc2, 0x00, 0xff, 0xff, 0xff,
    0xff, 0xff, 0xff, 0xff, 0xff, 0xfc, 0x02, 0xff, 0xc4, 0x00, 0xbf, 0x80,
    0x02, 0x40, 0x27, 0xf8, 0x7c, 0x7f, 0xff, 0x01, 0xff, 0xff, 0xff, 0x70,
    0x3f, 0xff, 0xf6, 0xef, 0xe0, 0x1f, 0xfc, 0x4d, 0xff, 0xfe, 0x5a, 0xda,
    0xaa, 0xf7, 0xf7, 0x5e, 0xb7, 0xb2, 0x6b, 0xf8, 0x20, 0x3f, 0xff, 0xff,
    0xff, 0xff, 0xff, 0xff, 0xff, 0xf0, 0x08, 0xff, 0x00, 0x00, 0x0f, 0xe0,
    0x00, 0x00, 0x0f, 0xfc, 0x00, 0x1e, 0x3f, 0xc0, 0xff, 0xff, 0xf5, 0xc0,
    0x7f, 0xff, 0xdf, 0xff, 0x60, 0xbf, 0xfc, 0x0e, 0xff, 0xfe, 0x0f, 0xff,
    0xff, 0x5d, 0xbd, 0xfb, 0xde, 0xf1, 0x3e, 0xff, 0x00, 0x1f, 0xff, 0xff,
    0xff, 0xff, 0xff, 0xff, 0xff, 0xe0, 0x41, 0xff, 0x00, 0x00, 0x03, 0xfc,
    0x00, 0x00, 0xbf, 0xf8, 0x00, 0x00, 0x1f, 0xc0, 0x1f, 0xff, 0xff, 0x80,
    0xfe, 0xaf, 0xfd, 0xfd, 0xc0, 0x7f, 0xfe, 0x07, 0xff, 0xff, 0x4d, 0x6b,
    0x6b, 0xf7, 0xef, 0x6e, 0xf7, 0xd4, 0x8f, 0xbf, 0xc0, 0x0f, 0xff, 0xff,
    0xff, 0xff, 0xff, 0xff, 0xff, 0x81, 0x05, 0xfc, 0x02, 0x20, 0x00, 0xff,
    0x90, 0x03, 0xff, 0xfe, 0x01, 0x00, 0x3f, 0xf2, 0x07, 0xff, 0xfc, 0x00,
    0x80, 0x01, 0xf7, 0xff, 0x80, 0x7f, 0xfe, 0x06, 0xff, 0xff, 0x2f, 0xbe,
    0xfe, 0xde, 0xbb, 0xdb, 0xbd, 0x72, 0x46, 0xed, 0xf1, 0x07, 0xff, 0xff,
    0xff, 0xff, 0xff, 0xff, 0xff, 0x00, 0x2b, 0xfc, 0x17, 0x7e, 0x00, 0x3f,
    0xff, 0xff, 0xff, 0xff, 0xaf, 0x80, 0x7f, 0xfc, 0x00, 0x2a, 0x80, 0x00,
    0x00, 0x00, 0x3f, 0xf7, 0x01, 0xff, 0xff, 0x03, 0xff, 0xff, 0x45, 0xf7,
    0xad, 0xfb, 0xee, 0xfe, 0xef, 0xd4, 0x93, 0xff, 0xf8, 0x01, 0xff, 0xff,
    0xff, 0xff, 0xff, 0xff, 0xfc, 0x04, 0x63, 0xf8, 0x3e, 0xff, 0xc0, 0x1f,
    0xff, 0xff, 0xff, 0xff, 0xff, 0xfb, 0xff, 0xfe, 0x00, 0x00, 0x00, 0x02,
    0x00, 0x00, 0x1f, 0xfe, 0x01, 0xff, 0xff, 0x03, 0x7f, 0xff, 0x97, 0x5d,
    0xff, 0x5e, 0xfb, 0xaf, 0xba, 0xf2, 0x48, 0xef, 0x6e, 0x01, 0xff, 0xff,
    0xff, 0xff, 0xff, 0xff, 0xf0, 0x01, 0xc7, 0xf0, 0x3c, 0xff, 0xf0, 0x0f,
    0xff, 0xff, 0xff, 0xff, 0xff, 0xff, 0xff, 0xff, 0xe0, 0x00, 0x00, 0x08,
    0x00, 0x08, 0x0f, 0xfc, 0x0b, 0xff, 0xff, 0x8b, 0xfd, 0xff, 0x87, 0xef,
    0x55, 0xf7, 0xae, 0xfa, 0xff, 0xb1, 0x24, 0x7d, 0xff, 0x20, 0xff, 0xff,
    0xff, 0xff, 0xff, 0xff, 0xe0, 0x17, 0x97, 0xf0, 0x7d, 0xff, 0xfc, 0x07,
    0xff, 0xff, 0xff, 0xff, 0xff, 0xff, 0xff, 0xff, 0xfd, 0x00, 0x20, 0x20,
    0x5e, 0x20, 0x07, 0x74, 0x47, 0xff, 0xfd, 0x81, 0x7f, 0xff, 0xaa, 0xbf,
    0xff, 0xba, 0xff, 0xb7, 0xd5, 0xf4, 0x92, 0x9f, 0xff, 0x80, 0x7f, 0xff,
    0xff, 0xff, 0xff, 0xff, 0x80, 0x4f, 0xaf, 0xf0, 0xfd, 0xff, 0xfe, 0x43,
    0xff, 0xff, 0xff, 0xff, 0xff, 0xff, 0xff, 0xff, 0xff, 0xff, 0xc1, 0x01,
    0xff, 0x80, 0x87, 0xf0, 0x0f, 0xff, 0xff, 0xc1, 0xfe, 0xff, 0x93, 0xeb,
    0xb6, 0xef, 0xb5, 0xfe, 0xff, 0x52, 0x48, 0x5b, 0xdf, 0xc0, 0x3f, 0xff,
    0xff, 0xff, 0xff, 0xff, 0x01, 0x1f, 0x1f, 0xe0, 0xf9, 0xff, 0xff, 0x01,
    0xff, 0xff, 0xff, 0xff, 0xff, 0xff, 0xff, 0xff, 0xff, 0xff, 0x80, 0x3e,
    0x7f, 0xce, 0x02, 0xc0, 0x1f, 0xff, 0xff, 0xc0, 0xbf, 0xbf, 0xcb, 0x7d,
    0xef, 0xbd, 0xff, 0x57, 0xad, 0xe4, 0x92, 0x87, 0x7f, 0xe4, 0x3f, 0xff,
    0xff, 0xff, 0xff, 0xfe, 0x04, 0x7e, 0x5f, 0xf0, 0xfd, 0xff, 0xff, 0x80,
    0xbf, 0xff, 0xff, 0xff, 0xff, 0xff, 0xff, 0xff, 0xff, 0xff, 0x00, 0xff,
    0x3f, 0xe7, 0x03, 0x80, 0x3d, 0xff, 0xff, 0xc0, 0xff, 0x7f, 0xc3, 0xb7,
    0xfa, 0xf7, 0x55, 0xfd, 0xff, 0x49, 0x24, 0x53, 0xff, 0xb0, 0x3f, 0xff,
    0xff, 0xff, 0xff, 0xfc, 0x21, 0xfe, 0xbf, 0xe0, 0xfd, 0xff, 0xff, 0xe0,
    0x6b, 0xff, 0xff, 0xff, 0xff, 0xff, 0xff, 0xff, 0xff, 0xfe, 0x03, 0xff,
    0x9f, 0xe7, 0xc1, 0x00, 0xff, 0xff, 0xfd, 0xe0, 0xdf, 0xd7, 0xd5, 0xed,
    0x7f, 0xdf, 0xff, 0xb7, 0x6b, 0xc4, 0x92, 0x8b, 0xff, 0xf0, 0x9f, 0xff,
    0xff, 0xff, 0xff, 0xf8, 0x03, 0xfc, 0x3f, 0xe0, 0xfd, 0xff, 0xff, 0xe0,
    0x7e, 0xff, 0xff, 0xff, 0xff, 0xff, 0xff, 0xff, 0xff, 0xfe, 0x0f, 0xff,
    0xcf, 0xf7, 0xc0, 0x01, 0xff, 0xff, 0xff, 0xe2, 0x7f, 0xff, 0xe1, 0x7f,
    0xbf, 0x7a, 0xdb, 0x7d, 0xfd, 0x29, 0x08, 0x21, 0xff, 0xf8, 0x1f, 0xff,
    0xff, 0xff, 0xff, 0xf0, 0x0f, 0xfd, 0x7f, 0xf0, 0xfd, 0xff, 0xff, 0xf0,
    0x3f, 0xbf, 0xff, 0xff, 0xff, 0xff, 0xff, 0xff, 0xff, 0xfc, 0x1f, 0xff,
    0xcf, 0xf3, 0xc0, 0x07, 0x7e, 0xdf, 0xff, 0xf0, 0x7f, 0xb5, 0xe9, 0xd5,
    0xef, 0xdf, 0xff, 0xdf, 0x57, 0x12, 0x7f, 0xf5, 0xff, 0xf8, 0x1f, 0xff,
    0xff, 0xff, 0xff, 0xe0, 0x1f, 0xfa, 0xff, 0xe0, 0xff, 0xff, 0xff, 0xf8,
    0x15, 0xeb, 0xff, 0xff, 0xff, 0xff, 0xff, 0xff, 0xff, 0xe8, 0x1f, 0xff,
    0xef, 0xf7, 0xc0, 0x17, 0xef, 0xfd, 0xff, 0xb0, 0x2f, 0xfe, 0xe5, 0xbf,
    0x7f, 0xf6, 0xad, 0x75, 0xfc, 0x43, 0xff, 0xff, 0xff, 0xf8, 0x1f, 0xff,
    0xff, 0xff, 0xff, 0xc0, 0x7f, 0xf8, 0xff, 0xf0, 0xff, 0xff, 0xff, 0xf8,
    0x07, 0xbe, 0xff, 0xff, 0xff, 0xff, 0xff, 0xff, 0xff, 0x78, 0x3f, 0xff,
    0xef, 0xf3, 0xe2, 0x3d, 0xbb, 0xf7, 0xff, 0xf0, 0x3f, 0xeb, 0xf0, 0xf5,
    0xd7, 0xfb, 0xff, 0xff, 0xb1, 0x1f, 0xff, 0xff, 0xff, 0xf8, 0x9f, 0xff,
    0xff, 0xff, 0xff, 0xc0, 0xff, 0xf1, 0xff, 0x70, 0x7f, 0xff, 0xff, 0xfc,
    0x01, 0xff, 0xaf, 0xff, 0xff, 0xff, 0xff, 0xff, 0xfb, 0xf0, 0x7f, 0xff,
    0xef, 0xf7, 0xc0, 0xef, 0xff, 0xff, 0xff, 0xf0, 0x3f, 0xff, 0x74, 0xdf,
    0x7a, 0xff, 0x75, 0xad, 0xc4, 0x7d, 0xff, 0xff, 0xff, 0xf8, 0x1f, 0xff,
    0xff, 0xff, 0xff, 0x82, 0xff, 0xf7, 0xfd, 0xf0, 0x7f, 0xff, 0xff, 0xee,
    0x00, 0x16, 0xfb, 0x7f, 0xff, 0xff, 0xff, 0xff, 0x6f, 0xa0, 0xff, 0xff,
    0xff, 0xf7, 0xc1, 0xdd, 0x7f, 0xff, 0x7f, 0xb8, 0x37, 0xf5, 0xda, 0x77,
    0xdf, 0xff, 0xdf, 0xfe, 0x93, 0xf7, 0xff, 0xff, 0xff, 0xf8, 0x1f, 0xff,
    0xff, 0xff, 0xff, 0x81, 0xff, 0xff, 0xff, 0xd0, 0x3f, 0xff, 0xff, 0xfe,
    0x10, 0x01, 0xff, 0xdb, 0xff, 0xff, 0xff, 0xb5, 0xfd, 0xe0, 0xff, 0xff,
    0xff, 0xf7, 0xc3, 0x7f, 0xbf, 0xff, 0xff, 0xf8, 0x9f, 0xff, 0x79, 0x5d,
    0x75, 0x5f, 0xf6, 0xd7, 0xdd, 0xff, 0xff, 0xff, 0xff, 0xf0, 0x3f, 0xff,
    0xff, 0xff, 0xff, 0x03, 0xff, 0xff, 0xfb, 0x78, 0x3f, 0xff, 0xff, 0xfa,
    0x00, 0x00, 0x0b, 0xfe, 0xad, 0xb6, 0xd5, 0xff, 0xdf, 0xa0, 0xff, 0xff,
    0xff, 0xff, 0x41, 0xeb, 0xff, 0xff, 0xff, 0xf8, 0x1b, 0xfe, 0xec, 0x37,
    0xdf, 0xff, 0xff, 0x7d, 0xef, 0xff, 0xff, 0xff, 0xff, 0xf1, 0x1f, 0xff,
    0xff, 0xff, 0xff, 0x03, 0xff, 0xff, 0xef, 0xfc, 0x1f, 0xff, 0xff, 0xff,
    0x00, 0x00, 0x00, 0x6f, 0xff, 0xff, 0xff, 0xb7, 0x76, 0xe1, 0xff, 0xff,
    0xff, 0xff, 0x83, 0xbe, 0xff, 0xff, 0xbf, 0xf8, 0x1f, 0xff, 0xbc, 0x9d,
    0x76, 0xab, 0xff, 0xef, 0x7b, 0xff, 0xff, 0xff, 0xff, 0xe0, 0x3f, 0xff,
    0xff, 0xff, 0xff, 0x07, 0xff, 0xff, 0xff, 0xb4, 0x0b, 0xff, 0xff, 0xf7,
    0x00, 0x80, 0x00, 0x0b, 0xed, 0xb6, 0xde, 0xff, 0xff, 0xc1, 0xff, 0xff,
    0xff, 0xfe, 0x83, 0xfb, 0xff, 0xff, 0xff, 0xfc, 0x1b, 0xff, 0xea, 0x4f,
    0xdf, 0xfe, 0xff, 0xfb, 0xff, 0xff, 0xff, 0xff, 0xff, 0xa4, 0x3f, 0xff,
    0xff, 0xff, 0xfe, 0x17, 0xff, 0xff, 0x76, 0xfc, 0x05, 0xff, 0xff, 0xff,
    0x04, 0x04, 0x00, 0x01, 0x7f, 0xff, 0xff, 0xa8, 0x00, 0x03, 0xff, 0xff,
    0xff, 0xff, 0x07, 0x5f, 0xff, 0xff, 0xff, 0xfc, 0x0f, 0xff, 0xff, 0x23,
    0x75, 0x6b, 0xff, 0xfe, 0xff, 0xff, 0xff, 0xff, 0xff, 0xc0, 0x7f, 0xff,
    0xff, 0xff, 0xfe, 0x03, 0xff, 0xfd, 0xdf, 0xde, 0x07, 0xff, 0xff, 0xfd,
    0x00, 0x00, 0x00, 0x00, 0x16, 0xdb, 0xa0, 0x00, 0x00, 0x01, 0xff, 0xff,
    0xff, 0xfe, 0x01, 0xf7, 0xff, 0xff, 0xdf, 0xfc, 0x0d, 0xff, 0xfd, 0x91,
    0xff, 0xbf, 0x5f, 0xff, 0xbf, 0xff, 0xff, 0xff, 0xff, 0x80, 0xff, 0xff,
    0xff, 0xff, 0xff, 0x07, 0xff, 0xf7, 0xfd, 0xf6, 0x23, 0xff, 0xff, 0xf7,
    0x00, 0xa9, 0x50, 0x00, 0x03, 0xfe, 0x40, 0x00, 0x00, 0x03, 0xff, 0xff,
    0xff, 0xfc, 0x00, 0x7f, 0xff, 0xff, 0xff, 0xfe, 0x0f, 0xff, 0xff, 0xca,
    0x00, 0x00, 0x02, 0xff, 0xf7, 0xff, 0xff, 0xff, 0xfe, 0x00, 0xff, 0xff,
    0xff, 0xff, 0xfe, 0x03, 0xdb, 0x5f, 0x77, 0xbf, 0x01, 0xff, 0xff, 0xfe,
    0x03, 0xff, 0xff, 0x44, 0x00, 0x28, 0x00, 0x00, 0x04, 0x21, 0xff, 0xff,
    0xff, 0xfc, 0x10, 0x3f, 0xff, 0xff, 0xff, 0xfc, 0x26, 0xff, 0xff, 0xe1,
    0x15, 0x52, 0xa8, 0x3f, 0xfe, 0xff, 0xff, 0xff, 0xf8, 0x05, 0xff, 0xff,
    0xff, 0xff, 0xff, 0x13, 0xff, 0xfd, 0xff, 0xf6, 0x00, 0x00, 0x09, 0x5c,
    0x17, 0xff, 0xff, 0xf0, 0x00, 0x00, 0x00, 0x00, 0x40, 0x03, 0xff, 0xff,
    0xff, 0xff, 0x80, 0x3f, 0xff, 0xff, 0xdf, 0xfe, 0x07, 0xff, 0xff, 0xfc,
    0x40, 0x00, 0x02, 0x87, 0xff, 0xbf, 0xff, 0xfe, 0xe0, 0x13, 0xff, 0xff,
    0xff, 0xff, 0xff, 0x01, 0xdb, 0x7f, 0xbf, 0xfc, 0x00, 0x00, 0x00, 0x00,
    0x07, 0xff, 0xf6, 0xfe, 0x00, 0x00, 0x00, 0x00, 0x00, 0x01, 0xff, 0xff,
    0xff, 0xff, 0xf8, 0x9f, 0xff, 0xff, 0xff, 0xff, 0x06, 0xbf, 0xff, 0xff,
    0x15, 0xff, 0xe8, 0x23, 0xff, 0xee, 0xff, 0xf7, 0x80, 0x47, 0xff, 0xff,
    0xff, 0xff, 0xff, 0x80, 0xff, 0xed, 0xff, 0xa0, 0x00, 0x00, 0x00, 0x00,
    0x05, 0xff, 0xff, 0xaf, 0xc0, 0x00, 0x0b, 0xff, 0xa0, 0x03, 0xff, 0xff,
    0xff, 0xff, 0xfe, 0x3f, 0xff, 0xff, 0xff, 0xfe, 0x03, 0xff, 0xff, 0xff,
    0xff, 0xff, 0xff, 0x14, 0xfd, 0xbb, 0xff, 0xfa, 0x02, 0x0f, 0xff, 0xff,
    0xff, 0xff, 0xff, 0x80, 0x3d, 0xff, 0xfd, 0x00, 0x00, 0x00, 0x00, 0x00,
    0x40, 0x7f, 0xff, 0xfb, 0xf8, 0x00, 0xff, 0xff, 0xff, 0x41, 0xef, 0xff,
    0xff, 0xff, 0xff, 0x1f, 0xff, 0xff, 0xbf, 0xff, 0x03, 0xdf, 0xff, 0xff,
    0xf7, 0xff, 0xff, 0xe0, 0x6f, 0xff, 0xde, 0x80, 0x00, 0x3f, 0xff, 0xff,
    0xff, 0xff, 0xff, 0xc0, 0x03, 0x77, 0x40, 0x00, 0x0b, 0xff, 0xfa, 0x01,
    0x00, 0x0f, 0xff, 0xfe, 0xf0, 0x8b, 0xff, 0xff, 0xff, 0xc1, 0xff, 0xff,
    0xff, 0xff, 0xff, 0xff, 0xff, 0xff, 0xff, 0xff, 0x13, 0x7f, 0xff, 0xff,
    0xfd, 0x6f, 0xff, 0xfa, 0x3e, 0xef, 0xf4, 0x00, 0x00, 0xff, 0xff, 0xff,
    0xff, 0xff, 0xff, 0xe4, 0x00, 0x00, 0x00, 0x00, 0x7f, 0xff, 0xff, 0xfa,
    0x00, 0x01, 0xff, 0xfb, 0xa0, 0x1f, 0xff, 0xff, 0xef, 0xe0, 0xf7, 0xff,
    0xff, 0xff, 0xff, 0xff, 0xff, 0xfe, 0xff, 0xff, 0x81, 0xef, 0xff, 0xff,
    0xff, 0xfd, 0xff, 0xfc, 0x9b, 0xbf, 0xc0, 0x00, 0x23, 0xff, 0xff, 0xff,
    0xff, 0xff, 0xff, 0xf0, 0x00, 0x00, 0x00, 0x11, 0xff, 0xff, 0xff, 0xff,
    0xd0, 0x00, 0x3f, 0xfe, 0xc0, 0x7f, 0xff, 0xdb, 0x7d, 0xa0, 0xff, 0xff,
    0xff, 0xff, 0xff, 0xff, 0xff, 0xff, 0xff, 0xff, 0x81, 0xfb, 0xff, 0xff,
    0xff, 0x77, 0xaf, 0xfe, 0x5f, 0xfa, 0x00, 0x08, 0x0f, 0xff, 0xff, 0xff,
    0xff, 0xff, 0xff, 0xfc, 0x00, 0x00, 0x00, 0x43, 0xff, 0xf5, 0x7f, 0xff,
    0xfe, 0x80, 0x0f, 0xfd, 0x01, 0xff, 0xff, 0xff, 0xff, 0xf2, 0xf7, 0xff,
    0xff, 0xff, 0xff, 0xff, 0xff, 0xff, 0x7f, 0xff, 0xc0, 0xef, 0xff, 0xff,
    0xff, 0xdf, 0xfd, 0xf7, 0x0d, 0xdc, 0x00, 0x41, 0x7f, 0xff, 0xff, 0xff,
    0xff, 0xff, 0xff, 0xff, 0x80, 0x00, 0x04, 0x0f, 0xff, 0xea, 0x03, 0xff,
    0xff, 0xd0, 0x03, 0xf6, 0x03, 0xff, 0x55, 0xff, 0xff, 0xe0, 0x7d, 0xff,
    0xff, 0xff, 0xff, 0xff, 0xff, 0xfb, 0xff, 0xff, 0x80, 0xfe, 0xff, 0xff,
    0xff, 0xff, 0x7f, 0xbd, 0x27, 0x70, 0x02, 0x0f, 0xff, 0xff, 0xff, 0xff,
    0xff, 0xff, 0xff, 0xff, 0xfa, 0x01, 0x10, 0x3f, 0xff, 0xff, 0xfb, 0xff,
    0xff, 0xfc, 0x00, 0xfc, 0x0e, 0x00, 0x00, 0x00, 0x37, 0xf8, 0x3e, 0xff,
    0xff, 0xff, 0xff, 0xff, 0xff, 0xef, 0x8f, 0xff, 0xc4, 0x6f, 0xbf, 0xff,
    0xff, 0xf7, 0xef, 0xff, 0x87, 0xc0, 0x48, 0xff, 0xff, 0xff, 0xff, 0xff,
    0xff, 0xff, 0xff, 0xff, 0xff, 0xff, 0x00, 0xff, 0xff, 0xff, 0xff, 0xfc,
    0x1f, 0xff, 0x80, 0x30, 0x00, 0x00, 0x00, 0x00, 0x00, 0x28, 0x1f, 0x7f,
    0xff, 0xff, 0xff, 0xff, 0xff, 0xfd, 0x3f, 0xff, 0xe0, 0x3b, 0xff, 0xff,
    0xff, 0xfd, 0xfd, 0xb7, 0x96, 0x00, 0x03, 0xff, 0xff, 0xff, 0xff, 0xff,
    0xff, 0xff, 0xff, 0xff, 0xff, 0xfc, 0x03, 0xff, 0xf4, 0xbf, 0xff, 0xff,
    0xe3, 0xff, 0xe0, 0x00, 0x00, 0x00, 0x00, 0x00, 0x80, 0x00, 0x0f, 0xbf,
    0xff, 0xff, 0xff, 0xff, 0xff, 0xbf, 0x3f, 0xff, 0xe0, 0x3e, 0xdf, 0xff,
    0xff, 0xff, 0xbf, 0xfd, 0x84, 0x00, 0x3f, 0xff, 0xff, 0xff, 0xff, 0xff,
    0xff, 0xff, 0xff, 0xff, 0xff, 0xf8, 0x07, 0xff, 0xf7, 0x41, 0x7f, 0xff,
    0xfc, 0x7f, 0xf8, 0x00, 0x41, 0x7f, 0xff, 0xea, 0x00, 0x00, 0x01, 0xff,
    0xff, 0xff, 0xff, 0xff, 0xff, 0xfa, 0x3f, 0xff, 0xf0, 0x0f, 0xf5, 0xff,
    0xff, 0xff, 0xeb, 0x6f, 0x90, 0x00, 0xff, 0xff, 0xff, 0xff, 0xff, 0xff,
    0xff, 0xff, 0xff, 0xff, 0xff, 0xe0, 0x1f, 0xff, 0xff, 0xfe, 0xbf, 0xff,
    0xff, 0x9f, 0xfe, 0x00, 0x1f, 0xff, 0xff, 0xff, 0xf4, 0x00, 0x00, 0x3f,
    0xff, 0xff, 0xff, 0xff, 0xff, 0xfc, 0x7f, 0xff, 0xe0, 0x0e, 0xdf, 0x7f,
    0xff, 0xfb, 0x7f, 0xfd, 0x80, 0x03, 0xff, 0xff, 0xff, 0xff, 0xff, 0xff,
    0xff, 0xff, 0xff, 0xff, 0xff, 0x80, 0x7f, 0xff, 0xff, 0xff, 0xff, 0x85,
    0xff, 0xef, 0xff, 0x82, 0xff, 0xff, 0xff, 0xff, 0xff, 0xe4, 0x20, 0x07,
    0xff, 0xff, 0xff, 0xff, 0xff, 0xe8, 0x7f, 0xfe, 0xc0, 0x83, 0xff, 0xd6,
    0xff, 0xdf, 0xfe, 0xde, 0x00, 0x4f, 0xff, 0xff, 0xff, 0xff, 0xff, 0xff,
    0xff, 0xff, 0xff, 0xff, 0xff, 0x00, 0xff, 0x80, 0x05, 0xff, 0xff, 0xf8,
    0x7f, 0xff, 0xff, 0x07, 0xff, 0x40, 0x3f, 0xff, 0xff, 0xff, 0x40, 0x01,
    0xff, 0xff, 0xff, 0xff, 0xff, 0xd0, 0xff, 0xdf, 0x00, 0x00, 0xed, 0xff,
    0xaa, 0xff, 0xdb, 0xf0, 0x00, 0x3f, 0xff, 0xff, 0xff, 0xff, 0xff, 0xff,
    0xff, 0xff, 0xff, 0xff, 0xfc, 0x03, 0xff, 0xf5, 0x68, 0x05, 0xff, 0xff,
    0x8f, 0xff, 0xec, 0x17, 0xff, 0xff, 0x83, 0xff, 0xff, 0xff, 0xf4, 0x00,
    0x3f, 0xff, 0xff, 0xff, 0xff, 0x71, 0xff, 0xf8, 0x00, 0x00, 0x3f, 0x76,
    0xff, 0xdb, 0x7f, 0xd0, 0x42, 0xff, 0xff, 0xff, 0xff, 0xff, 0xff, 0xff,
    0xff, 0xff, 0xff, 0xff, 0xf8, 0x27, 0xff, 0xff, 0xff, 0xd0, 0x7f, 0xff,
    0xe3, 0xff, 0xb8, 0x1f, 0xff, 0xff, 0xff, 0xc0, 0xbf, 0xff, 0xff, 0x40,
    0x1f, 0xff, 0xff, 0xff, 0xfd, 0xc1, 0xfe, 0xa0, 0x04, 0x00, 0x07, 0xdf,
    0xff, 0xff, 0xf6, 0x01, 0x03, 0xff, 0xff, 0xff, 0xff, 0xff, 0xff, 0xff,
    0xff, 0xff, 0xff, 0xff, 0xf0, 0x1f, 0xff, 0xff, 0xff, 0xff, 0xfd, 0x7f,
    0xfd, 0xff, 0xe0, 0x7f, 0xff, 0xff, 0xff, 0xff, 0x47, 0xff, 0xff, 0xd0,
    0x0f, 0xff, 0xff, 0xff, 0xff, 0x87, 0xa9, 0x00, 0x10, 0x20, 0x00, 0xff,
    0xf7, 0x77, 0xd8, 0x00, 0x0f, 0xff, 0xff, 0xff, 0xff, 0xff, 0xff, 0xff,
    0xff, 0xff, 0xff, 0xff, 0xc0, 0x7f, 0xff, 0xff, 0xff, 0xff, 0xfe, 0x1f,
    0xff, 0xfd, 0xc0, 0xff, 0x49, 0x2f, 0xff, 0xff, 0xf0, 0xff, 0xff, 0xf8,
    0x07, 0xff, 0xff, 0xff, 0xf6, 0x00, 0x00, 0x00, 0x40, 0x02, 0x00, 0x16,
    0xff, 0xfe, 0x40, 0x00, 0x7f, 0xff, 0xff, 0xff, 0xff, 0xff, 0xff, 0xff,
    0xff, 0xff, 0xff, 0xff, 0xc0, 0xb7, 0xd5, 0x6f, 0xff, 0xff, 0xff, 0xc3,
    0xff, 0xf7, 0x03, 0xff, 0xbe, 0xd0, 0x3f, 0xff, 0xff, 0x1f, 0xff, 0xf0,
    0x06, 0xff, 0xff, 0xff, 0x7c, 0x00, 0x00, 0x01, 0x00, 0x00, 0x00, 0x00,
    0x08, 0x00, 0x00, 0x23, 0xff, 0xff, 0xff, 0xff, 0xff, 0xff, 0xff, 0xff,
    0xff, 0xff, 0xff, 0xff, 0xc0, 0x00, 0x00, 0x00, 0x05, 0xff, 0xff, 0xf4,
    0xff, 0xfe, 0x0f, 0xff, 0xff, 0xff, 0xff, 0xff, 0xff, 0xef, 0xff, 0xc0,
    0x87, 0xef, 0xff, 0x7f, 0xf0, 0x00, 0x00, 0x00, 0x12, 0xaa, 0x10, 0x00,
    0x00, 0x00, 0x00, 0x8f, 0xff, 0xff, 0xff, 0xff, 0xff, 0xff, 0xff, 0xff,
    0xff, 0xff, 0xff, 0xff, 0x80, 0x00, 0x00, 0x00, 0x00, 0x1f, 0xff, 0xfc,
    0x7f, 0xbc, 0x1f, 0xff, 0xff, 0xff, 0xfe, 0x03, 0xff, 0xff, 0xff, 0x03,
    0x07, 0xbd, 0xb7, 0xfe, 0xc0, 0x80, 0x00, 0x2f, 0xff, 0xff, 0xc1, 0x00,
    0x00, 0x80, 0x00, 0x7f, 0xff, 0xff, 0xff, 0xff, 0xff, 0xff, 0xff, 0xff,
    0xff, 0xff, 0xff, 0xff, 0x82, 0x24, 0xad, 0x54, 0x40, 0x01, 0xff, 0xff,
    0x7f, 0xe8, 0x3f, 0xff, 0xff, 0xff, 0xff, 0xf4, 0x3f, 0xff, 0xfe, 0x07,
    0x03, 0xff, 0xff, 0xfb, 0x00, 0x08, 0x15, 0xff, 0xff, 0xff, 0xfc, 0x02,
    0x40, 0x10, 0x0b, 0xff, 0xff, 0xff, 0xff, 0xff, 0xff, 0xff, 0xff, 0xff,
    0xff, 0xff, 0xff, 0xff, 0x89, 0xff, 0xff, 0xff, 0xfc, 0x00, 0x3f, 0xff,
    0xfe, 0xf0, 0x7f, 0x40, 0x03, 0xff, 0xff, 0xff, 0x0f, 0xff, 0xf8, 0x1d,
    0x03, 0xff, 0xdf, 0xfc, 0x04, 0x01, 0x6f, 0xff, 0xff, 0xff, 0xff, 0xf0,
    0x00, 0x02, 0xff, 0xff, 0xff, 0xff, 0xff, 0xff, 0xff, 0xff, 0xff, 0xff,
    0xff, 0xff, 0xff, 0xff, 0xc1, 0xff, 0xff, 0xff, 0xff, 0xe0, 0x0f, 0xff,
    0xff, 0xc1, 0xff, 0x7f, 0xf9, 0xe8, 0xbf, 0xff, 0xe3, 0xff, 0xf0, 0x7b,
    0x81, 0xff, 0xff, 0xd0, 0x40, 0x17, 0xff, 0xff, 0xff, 0xff, 0xff, 0xff,
    0xef, 0x7f, 0xff, 0xff, 0xff, 0xff, 0xff, 0xff, 0xff, 0xff, 0xff, 0xff,
    0xff, 0xff, 0xff, 0xff, 0x01, 0x03, 0xfe, 0xdb, 0x5f, 0xfe, 0x03, 0xff,
    0xfb, 0x81, 0xff, 0xff, 0xff, 0xf6, 0x01, 0xff, 0xff, 0xff, 0xc0, 0xdf,
    0x08, 0xff, 0xfd, 0x00, 0x01, 0xff, 0xff, 0xff, 0xff, 0xff, 0xff, 0xff,
    0xff, 0xff, 0xff, 0xff, 0xff, 0xff, 0xff, 0xff, 0xff, 0xff, 0xff, 0xff,
    0xff, 0xff, 0xff, 0xfc, 0x00, 0x00, 0x07, 0xff, 0xff, 0xff, 0x80, 0xff,
    0xf7, 0x07, 0xff, 0xff, 0xff, 0xff, 0xfa, 0x1f, 0xff, 0xff, 0x03, 0xb5,
    0x80, 0x0a, 0xa0, 0x00, 0x07, 0xff, 0xff, 0xff, 0xff, 0xff, 0xff, 0xff,
    0xff, 0xff, 0xff, 0xff, 0xff, 0xff, 0xff, 0xff, 0xff, 0xff, 0xff, 0xff,
    0xff, 0xff, 0xff, 0xf0, 0x01, 0xfd, 0x51, 0xbf, 0xfb, 0xfe, 0xf0, 0x3f,
    0xee, 0x0f, 0xff, 0xff, 0xff, 0xff, 0xff, 0xc3, 0xff, 0xfc, 0x0e, 0xfb,
    0x00, 0x00, 0x00, 0x01, 0x3f, 0xff, 0xff, 0xff, 0xff, 0xff, 0xff, 0xff,
    0xff, 0xff, 0xff, 0xff, 0xff, 0xff, 0xff, 0xff, 0xff, 0xff, 0xff, 0xff,
    0xff, 0xff, 0xff, 0xe0, 0x03, 0xff, 0xff, 0xff, 0xde, 0xff, 0xfc, 0x1f,
    0xfc, 0x1c, 0x00, 0x00, 0x6f, 0xff, 0xff, 0xf8, 0xff, 0xf8, 0x1b, 0x8f,
    0x00, 0x00, 0x00, 0x80, 0xff, 0xff, 0xff, 0xff, 0xff, 0xff, 0xff, 0xff,
    0xff, 0xff, 0xff, 0xff, 0xff, 0xff, 0xff, 0xff, 0xff, 0xff, 0xff, 0xff,
    0xff, 0xff, 0xff, 0xc0, 0x09, 0xff, 0xff, 0xff, 0x00, 0x07, 0xfe, 0x0f,
    0xd8, 0x20, 0x40, 0x00, 0x01, 0xff, 0xff, 0xfe, 0xff, 0xe0, 0xb6, 0xbb,
    0x00, 0x00, 0x04, 0x0f, 0xff, 0xff, 0xff, 0xff, 0xff, 0xff, 0xff, 0xff,
    0xff, 0xff, 0xff, 0xff, 0xff, 0xff, 0xff, 0xff, 0xff, 0xff, 0xff, 0xff,
    0xff, 0xff, 0xff, 0x80, 0x00, 0x05, 0xff, 0xff, 0x00, 0x00, 0x7f, 0x83,
    0xf0, 0x00, 0x00, 0x08, 0x00, 0x0f, 0xff, 0xff, 0xff, 0xc1, 0xee, 0x6c,
    0x03, 0x00, 0x00, 0x7f, 0xff, 0xff, 0xff, 0xff, 0xff, 0xff, 0xff, 0xff,
    0xff, 0xff, 0xff, 0xff, 0xff, 0xff, 0xff, 0xff, 0xff, 0xff, 0xff, 0xff,
    0xff, 0xff, 0xff, 0x81, 0x80, 0x00, 0x00, 0xb7, 0x00, 0x00, 0x0f, 0x83,
    0xe0, 0x03, 0xff, 0xff, 0xc8, 0x00, 0xff, 0xff, 0xff, 0x06, 0xb8, 0xda,
    0x0d, 0x80, 0x17, 0xff, 0xff, 0xff, 0xff, 0xff, 0xff, 0xff, 0xff, 0xff,
    0xff, 0xff, 0xff, 0xff, 0xff, 0xff, 0xff, 0xff, 0xff, 0xff, 0xff, 0xff,
    0xff, 0xff, 0xff, 0x82, 0xf4, 0x00, 0x00, 0x00, 0x1f, 0xa0, 0x02, 0xe1,
    0x80, 0x7f, 0x7f, 0xf7, 0x7e, 0x80, 0x0f, 0xff, 0xfc, 0x0f, 0x63, 0xb0,
    0x2a, 0x85, 0xff, 0xff, 0xff, 0xff, 0xff, 0xff, 0xff, 0xff, 0xff, 0xff,
    0xff, 0xff, 0xff, 0xff, 0xff, 0xff, 0xff, 0xff, 0xff, 0xff, 0xff, 0xff,
    0xff, 0xff, 0xff, 0x81, 0x57, 0xa8, 0x00, 0x00, 0x14, 0xff, 0x03, 0xf0,
    0x81, 0xef, 0xed, 0xbd, 0xfb, 0xf8, 0x00, 0xff, 0xf0, 0x3b, 0x8e, 0xc0,
    0x55, 0x01, 0xff, 0xff, 0xff, 0xff, 0xff, 0xff, 0xff, 0xff, 0xff, 0xff,
    0xff, 0xff, 0xff, 0xff, 0xff, 0xff, 0xff, 0xff, 0xff, 0xff, 0xff, 0xff,
    0xff, 0xff, 0xff, 0x80, 0x2a, 0xd7, 0xda, 0x80, 0x36, 0x95, 0x05, 0xf8,
    0x07, 0xbd, 0x76, 0xff, 0xef, 0xff, 0x80, 0x3f, 0xc0, 0xee, 0x3b, 0x01,
    0x58, 0x01, 0xff, 0xff, 0xff, 0xff, 0xff, 0xff, 0xff, 0xff, 0xff, 0xff,
    0xff, 0xff, 0xff, 0xff, 0xff, 0xff, 0xff, 0xff, 0xff, 0xff, 0xff, 0xff,
    0xff, 0xff, 0xff, 0xc0, 0x00, 0x35, 0x6b, 0x74, 0x15, 0x6b, 0x0f, 0xf8,
    0x0e, 0xf7, 0x49, 0x02, 0xbf, 0xdf, 0xf0, 0x07, 0x01, 0xb8, 0x6e, 0x05,
    0x50, 0x03, 0xff, 0xff, 0xff, 0xff, 0xff, 0xff, 0xff, 0xff, 0xff, 0xff,
    0xff, 0xff, 0xff, 0xff, 0xff, 0xff, 0xff, 0xff, 0xff, 0xff, 0xff, 0xff,
    0xff, 0xff, 0xff, 0xe0, 0x00, 0x00, 0x2d, 0x94, 0x35, 0xaa, 0x00, 0x14,
    0x1f, 0xdf, 0xff, 0xfd, 0x12, 0xff, 0x7e, 0x00, 0x07, 0x61, 0xf8, 0x15,
    0x40, 0x07, 0xff, 0xff, 0xff, 0xff, 0xff, 0xff, 0xff, 0xff, 0xff, 0xff,
    0xff, 0xff, 0xff, 0xff, 0xff, 0xff, 0xff, 0xff, 0xff, 0xff, 0xff, 0xff,
    0xff, 0xff, 0xff, 0xf0, 0x00, 0x00, 0x00, 0x58, 0x2a, 0xab, 0x00, 0x00,
    0x15, 0xfd, 0xff, 0xff, 0xfa, 0x17, 0xff, 0xc0, 0x3d, 0xcf, 0x60, 0x35,
    0x80, 0x1f, 0xff, 0xff, 0xff, 0xff, 0xff, 0xff, 0xff, 0xff, 0xff, 0xff,
    0xff, 0xff, 0xff, 0xff, 0xff, 0xff, 0xff, 0xff, 0xff, 0xff, 0xff, 0xff,
    0xff, 0xff, 0xff, 0xff, 0x00, 0x00, 0x00, 0x00, 0x6d, 0x54, 0x00, 0x00,
    0x00, 0x05, 0x6f, 0xf7, 0xff, 0xe8, 0xfd, 0xf0, 0x6f, 0x1b, 0x80, 0xca,
    0x01, 0x7f, 0xff, 0xff, 0xff, 0xff, 0xff, 0xff, 0xff, 0xff, 0xff, 0xff,
    0xff, 0xff, 0xff, 0xff, 0xff, 0xff, 0xff, 0xff, 0xff, 0xff, 0xff, 0xff,
    0xff, 0xff, 0xff, 0xff, 0xf4, 0x02, 0x00, 0x00, 0x2a, 0xab, 0x14, 0x00,
    0x00, 0x00, 0x01, 0x7f, 0xff, 0xfe, 0x0f, 0xbc, 0x6a, 0x76, 0x01, 0x58,
    0x04, 0xff, 0xff, 0xff, 0xff, 0xff, 0xff, 0xff, 0xff, 0xff, 0xff, 0xff,
    0xff, 0xff, 0xff, 0xff, 0xff, 0xff, 0xff, 0xff, 0xff, 0xff, 0xff, 0xff,
    0xff, 0xff, 0xff, 0xff, 0xff, 0xd0, 0x00, 0x00, 0x6a, 0xaa, 0x1b, 0xfa,
    0x80, 0x00, 0x00, 0x02, 0xef, 0xff, 0xf1, 0x7c, 0x3d, 0xdc, 0x06, 0xa0,
    0x01, 0xff, 0xff, 0xff, 0xff, 0xff, 0xff, 0xff, 0xff, 0xff, 0xff, 0xff,
    0xff, 0xff, 0xff, 0xff, 0xff, 0xff, 0xff, 0xff, 0xff, 0xff, 0xff, 0xff,
    0xff, 0xff, 0xff, 0xff, 0xff, 0xfe, 0xc8, 0x00, 0x56, 0xd6, 0x0c, 0x96,
    0xfe, 0xa0, 0x00, 0x00, 0x16, 0xef, 0xfe, 0xb4, 0x2e, 0xb0, 0x1a, 0xc0,
    0x0f, 0xff, 0xff, 0xff, 0xff, 0xff, 0xff, 0xff, 0xff, 0xff, 0xff, 0xff,
    0xff, 0xff, 0xff, 0xff, 0xff, 0xff, 0xff, 0xff, 0xff, 0xff, 0xff, 0xff,
    0xff, 0xff, 0xff, 0xff, 0xff, 0xff, 0xff, 0xa2, 0xb0, 0x32, 0x03, 0x52,
    0x89, 0xbf, 0xb4, 0x00, 0x00, 0x3b, 0xef, 0xfc, 0x35, 0xc0, 0x6b, 0x00,
    0x3f, 0xff, 0xff, 0xff, 0xff, 0xff, 0xff, 0xff, 0xff, 0xff, 0xff, 0xff,
    0xff, 0xff, 0xff, 0xff, 0xff, 0xff, 0xff, 0xff, 0xff, 0xff, 0xff, 0xff,
    0xff, 0xff, 0xff, 0xff, 0xff, 0xff, 0xff, 0xf0, 0x40, 0x0c, 0x00, 0xba,
    0xb6, 0xd4, 0xab, 0xd4, 0x00, 0x00, 0xbf, 0xfe, 0x3f, 0x00, 0xac, 0x00,
    0xff, 0xff, 0xff, 0xff, 0xff, 0xff, 0xff, 0xff, 0xff, 0xff, 0xff, 0xff,
    0xff, 0xff, 0xff, 0xff, 0xff, 0xff, 0xff, 0xff, 0xff, 0xff, 0xff, 0xff,
    0xff, 0xff, 0xff, 0xff, 0xff, 0xff, 0xff, 0xe0, 0x00, 0x06, 0x00, 0x05,
    0xa8, 0x05, 0xda, 0x5b, 0xa0, 0x00, 0x03, 0xfc, 0x2a, 0x03, 0x50, 0x02,
    0xff, 0xff, 0xff, 0xff, 0xff, 0xff, 0xff, 0xff, 0xff, 0xff, 0xff, 0xff,
    0xff, 0xff, 0xff, 0xff, 0xff, 0xff, 0xff, 0xff, 0xff, 0xff, 0xff, 0xff,
    0xff, 0xff, 0xff, 0xff, 0xff, 0xff, 0xff, 0xe0, 0x00, 0x00, 0x00, 0x00,
    0x00, 0x00, 0x05, 0xaa, 0x5e, 0x80, 0x00, 0x16, 0x18, 0x0d, 0x40, 0x0b,
    0xff, 0xff, 0xff, 0xff, 0xff, 0xff, 0xff, 0xff, 0xff, 0xff, 0xff, 0xff,
    0xff, 0xff, 0xff, 0xff, 0xff, 0xff, 0xff, 0xff, 0xff, 0xff, 0xff, 0xff,
    0xff, 0xff, 0xff, 0xff, 0xff, 0xff, 0xff, 0xe0, 0x01, 0x00, 0x10, 0x00,
    0x00, 0x00, 0x00, 0x05, 0xd2, 0xfa, 0x00, 0x02, 0x00, 0x35, 0x00, 0x1f,
    0xff, 0xff, 0xff, 0xff, 0xff, 0xff, 0xff, 0xff, 0xff, 0xff, 0xff, 0xff,
    0xff, 0xff, 0xff, 0xff, 0xff, 0xff, 0xff, 0xff, 0xff, 0xff, 0xff, 0xff,
    0xff, 0xff, 0xff, 0xff, 0xff, 0xff, 0xff, 0xf0, 0x0f, 0xc0, 0x0e, 0x00,
    0x00, 0x00, 0x00, 0x00, 0x17, 0x4b, 0xd0, 0x00, 0x00, 0x56, 0x00, 0x7f,
    0xff, 0xff, 0xff, 0xff, 0xff, 0xff, 0xff, 0xff, 0xff, 0xff, 0xff, 0xff,
    0xff, 0xff, 0xff, 0xff, 0xff, 0xff, 0xff, 0xff, 0xff, 0xff, 0xff, 0xff,
    0xff, 0xff, 0xff, 0xff, 0xff, 0xff, 0xff, 0xfd, 0x7f, 0xf8, 0x1f, 0xe8,
    0x02, 0xa0, 0x00, 0x00, 0x00, 0x35, 0x2f, 0x40, 0x01, 0xa8, 0x09, 0xff,
    0xff, 0xff, 0xff, 0xff, 0xff, 0xff, 0xff, 0xff, 0xff, 0xff, 0xff, 0xff,
    0xff, 0xff, 0xff, 0xff, 0xff, 0xff, 0xff, 0xff, 0xff, 0xff, 0xff, 0xff,
    0xff, 0xff, 0xff, 0xff, 0xff, 0xff, 0xff, 0xff, 0xff, 0xff, 0x7f, 0xff,
    0xff, 0xfe, 0xa0, 0x00, 0x00, 0x01, 0x74, 0xb4, 0x06, 0xa0, 0x03, 0xff,
    0xff, 0xff, 0xff, 0xff, 0xff, 0xff, 0xff, 0xff, 0xff, 0xff, 0xff, 0xff,
    0xff, 0xff, 0xff, 0xff, 0xff, 0xff, 0xff, 0xff, 0xff, 0xff, 0xff, 0xff,
    0xff, 0xff, 0xff, 0xff, 0xff, 0xff, 0xff, 0xff, 0xff, 0xff, 0xff, 0xff,
    0xff, 0xff, 0xfe, 0x80, 0x00, 0x00, 0x03, 0x57, 0xf9, 0x80, 0x2f, 0xff,
    0xff, 0xff, 0xff, 0xff, 0xff, 0xff, 0xff, 0xff, 0xff, 0xff, 0xff, 0xff,
    0xff, 0xff, 0xff, 0xff, 0xff, 0xff, 0xff, 0xff, 0xff, 0xff, 0xff, 0xff,
    0xff, 0xff, 0xff, 0xff, 0xff, 0xff, 0xff, 0xff, 0xff, 0xff, 0xff, 0xff,
    0xff, 0xff, 0xff, 0xfd, 0x00, 0x00, 0x00, 0x2a, 0x46, 0x00, 0x1f, 0xff,
    0xff, 0xff, 0xff, 0xff, 0xff, 0xff, 0xff, 0xff, 0xff, 0xff, 0xff, 0xff,
    0xff, 0xff, 0xff, 0xff, 0xff, 0xff, 0xff, 0xff, 0xff, 0xff, 0xff, 0xff,
    0xff, 0xff, 0xff, 0xff, 0xff, 0xff, 0xff, 0xff, 0xff, 0xff, 0xff, 0xff,
    0xff, 0xff, 0xff, 0xff, 0xf2, 0x00, 0x00, 0x01, 0x78, 0x04, 0xff, 0xff,
    0xff, 0xff, 0xff, 0xff, 0xff, 0xff, 0xff, 0xff, 0xff, 0xff, 0xff, 0xff,
    0xff, 0xff, 0xff, 0xff, 0xff, 0xff, 0xff, 0xff, 0xff, 0xff, 0xff, 0xff,
    0xff, 0xff, 0xff, 0xff, 0xff, 0xff, 0xff, 0xff, 0xff, 0xff, 0xff, 0xff,
    0xff, 0xff, 0xff, 0xff, 0xff, 0xd0, 0x00, 0x00, 0x00, 0x01, 0xff, 0xff,
    0xff, 0xff, 0xff, 0xff, 0xff, 0xff, 0xff, 0xff, 0xff, 0xff, 0xff, 0xff,
    0xff, 0xff, 0xff, 0xff, 0xff, 0xff, 0xff, 0xff, 0xff, 0xff, 0xff, 0xff,
    0xff, 0xff, 0xff, 0xff, 0xff, 0xff, 0xff, 0xff, 0xff, 0xff, 0xff, 0xff,
    0xff, 0xff, 0xff, 0xff, 0xff, 0xff, 0x40, 0x00, 0x00, 0x07, 0xff, 0xff,
    0xff, 0xff, 0xff, 0xff, 0xff, 0xff, 0xff, 0xff, 0xff, 0xff, 0xff, 0xff,
    0xff, 0xff, 0xff, 0xff, 0xff, 0xff, 0xff, 0xff, 0xff, 0xff, 0xff, 0xff,
    0xff, 0xff, 0xff, 0xff, 0xff, 0xff, 0xff, 0xff, 0xff, 0xff, 0xff, 0xff,
    0xff, 0xff, 0xff, 0xff, 0xff, 0xff, 0xfe, 0x40, 0x00, 0x3f, 0xff, 0xff,
    0xff, 0xff, 0xff, 0xff, 0xff, 0xff, 0xff, 0xff, 0xff, 0xff, 0xff, 0xff,
    0xff, 0xff, 0xff, 0xff, 0xff, 0xff, 0xff, 0xff, 0xff, 0xff, 0xff, 0xff,
    0xff, 0xff, 0xff, 0xff, 0xff, 0xff, 0xff, 0xff, 0xff, 0xff, 0xff, 0xff,
    0xff, 0xff, 0xff, 0xff, 0xff, 0xff, 0xff, 0xd4, 0x02, 0x7f, 0xff, 0xff,
    0xff, 0xff, 0xff, 0xff, 0xff, 0xff, 0xff, 0xff, 0xff, 0xff, 0xff, 0xff,
    0xff, 0xff, 0xff, 0xff, 0xbf, 0xff, 0xff, 0xff, 0xff, 0xff, 0xff, 0xff,
    0xff, 0xff, 0xff, 0xff, 0xff, 0xff, 0xff, 0xff, 0xff, 0xff, 0xff, 0xff,
    0xff, 0xff, 0xff, 0xff, 0xff, 0xff, 0xff, 0xff, 0x40, 0xff, 0xff, 0xff,
    0xff, 0xff, 0xff, 0xff, 0xff, 0xff, 0xff, 0xff, 0xff, 0xff, 0xff, 0xff,
    0xff, 0xff, 0xff, 0xff, 0xff, 0xff, 0xff, 0xff, 0xff, 0xff, 0xff, 0xff,
    0xff, 0xff, 0xff, 0xff, 0xff, 0xff, 0xff, 0xff, 0xff, 0xff, 0xff, 0xff,
    0xff, 0xff, 0xff, 0xff, 0xff, 0xff, 0xff, 0xff, 0xff, 0xff, 0xff, 0xff,
    0xff, 0xff, 0xff, 0xff, 0xff, 0xff, 0xff, 0xff, 0xff, 0xff, 0xff, 0xff,
    0xff, 0xff, 0xff, 0xff, 0x7f, 0xff, 0xff, 0xff, 0xff, 0xff, 0xff, 0xff,
    0xff, 0xff, 0xff, 0xff, 0xff, 0xff, 0xff, 0xff, 0xff, 0xff, 0xff, 0xff,
    0xff, 0xff, 0xff, 0xff, 0xff, 0xff, 0xff, 0xff, 0xff, 0xff, 0xff, 0xff,
    0xff, 0xff, 0xff, 0xff, 0xff, 0xff, 0xff, 0xff, 0xff, 0xff, 0xff, 0xff,
    0xff, 0xff, 0xff, 0xff, 0xbf, 0xbf, 0xff, 0xff, 0xff, 0xff, 0xff, 0xff,
    0xff, 0xff, 0xff, 0xff, 0xff, 0xff, 0xff, 0xff, 0xff, 0xff, 0xff, 0xff,
    0xff, 0xff, 0xff, 0xff, 0xff, 0xff, 0xff, 0xff, 0xff, 0xff, 0xff, 0xff,
    0xff, 0xff, 0xff, 0xff, 0xff, 0xff, 0xff, 0xff, 0xff, 0xff, 0xff, 0xff,
    0xff, 0xff, 0xff, 0xff, 0xdf, 0xff, 0xff, 0xfc, 0xbf, 0xff, 0xff, 0xff,
    0xff, 0xff, 0xff, 0xff, 0xff, 0xff, 0xff, 0xff, 0xff, 0xff, 0xff, 0xff,
    0xff, 0xff, 0xff, 0xff, 0xff, 0xff, 0xff, 0xff, 0xff, 0xff, 0xff, 0xff,
    0xff, 0xff, 0xff, 0xff, 0xff, 0xff, 0xff, 0xff, 0xff, 0xff, 0xff, 0xff,
    0xff, 0xff, 0xff, 0xfe, 0xff, 0xbf, 0xff, 0xf2, 0x4f, 0xff, 0xff, 0xff,
    0xff, 0xff, 0xff, 0xff, 0xff, 0xff, 0xff, 0xff, 0xff, 0xff, 0xff, 0xff,
    0xff, 0xff, 0xff, 0xff, 0xff, 0xff, 0xff, 0xff, 0xff, 0xff, 0xff, 0xff,
    0xff, 0xff, 0xff, 0xff, 0xff, 0xff, 0xff, 0xff, 0xff, 0xff, 0xff, 0xff,
    0xff, 0xff, 0xff, 0xff, 0x5f, 0xff, 0xff, 0xc9, 0xa7, 0xff, 0xff, 0xff,
    0xff, 0xff, 0xff, 0xff, 0xff, 0xff, 0xff, 0xff, 0xff, 0xff, 0xff, 0xff,
    0xff, 0xff, 0xff, 0xff, 0xff, 0xff, 0xff, 0xff, 0xff, 0xff, 0xff, 0xff,
    0xff, 0xff, 0xff, 0xff, 0xff, 0xff, 0xff, 0xff, 0xff, 0xff, 0xff, 0xff,
    0xff, 0xff, 0xff, 0xfd, 0xef, 0xff, 0xff, 0xd7, 0xf3, 0xff, 0xff, 0xff,
    0xff, 0xff, 0xff, 0xff, 0xff, 0xff, 0xff, 0xff, 0xff, 0xff, 0xff, 0xff,
    0xff, 0xff, 0xff, 0xff, 0xff, 0xff, 0xff, 0xff, 0xff, 0xff, 0xff, 0xff,
    0xff, 0xff, 0xff, 0xff, 0xff, 0xff, 0xff, 0xff, 0xff, 0xff, 0xff, 0xff,
    0xff, 0xff, 0xff, 0xfb, 0x7b, 0xff, 0xff, 0xad, 0x59, 0xfa, 0xff, 0xff,
    0xff, 0xff, 0xff, 0xff, 0xff, 0xff, 0xff, 0xff, 0xff, 0xff, 0xff, 0xff,
    0xff, 0xff, 0xff, 0xff, 0xff, 0xff, 0xff, 0xff, 0xff, 0xff, 0xff, 0xff,
    0xff, 0xff, 0xff, 0xff, 0xff, 0xff, 0xff, 0xff, 0xff, 0xff, 0xff, 0xff,
    0xff, 0xff, 0xff, 0xef, 0xd6, 0xff, 0xff, 0x9f, 0xfd, 0xa1, 0x3f, 0xff,
    0xff, 0xff, 0xff, 0xff, 0xff, 0xff, 0xff, 0xff, 0xff, 0xff, 0xff, 0xff,
    0xff, 0xff, 0xff, 0xff, 0xff, 0xff, 0xff, 0xff, 0xff, 0xff, 0xff, 0xff,
    0xff, 0xff, 0xff, 0xff, 0xff, 0xff, 0xff, 0xff, 0xff, 0xff, 0xff, 0xff,
    0xff, 0xff, 0xff, 0xba, 0xff, 0x7f, 0xff, 0xaa, 0xd4, 0x9e, 0x9f, 0xff,
    0xff, 0xff, 0xff, 0xff, 0xff, 0xff, 0xff, 0xff, 0xff, 0xff, 0xff, 0xff,
    0xef, 0xff, 0xff, 0xff, 0xff, 0xff, 0xff, 0xff, 0xff, 0xff, 0xff, 0xff,
    0xff, 0xff, 0xff, 0xff, 0xff, 0xff, 0xff, 0xff, 0xff, 0xff, 0xff, 0xff,
    0xff, 0xff, 0xff, 0xef, 0x55, 0xff, 0xff, 0x9f, 0xbd, 0x6b, 0xaf, 0xff,
    0xff, 0xff, 0xff, 0xff, 0xff, 0xff, 0xff, 0xff, 0xff, 0xff, 0xff, 0xff,
    0xff, 0xff, 0xff, 0xff, 0xff, 0xff, 0xff, 0xff, 0xff, 0xff, 0xff, 0xff,
    0xff, 0xff, 0xff, 0xff, 0xff, 0xff, 0xff, 0xff, 0xff, 0xff, 0xff, 0xff,
    0xff, 0xff, 0xff, 0xfb, 0xff, 0xff, 0xff, 0x5a, 0xed, 0xbe, 0xc7, 0xff,
    0xff, 0xff, 0xff, 0xff, 0xff, 0xff, 0xff, 0xff, 0xff, 0xff, 0xff, 0xff,
    0xef, 0xff, 0xff, 0xff, 0xff, 0xff, 0xff, 0xff, 0xff, 0xff, 0xff, 0xff,
    0xff, 0xff, 0xff, 0xff, 0xff, 0xff, 0xff, 0xff, 0xff, 0xff, 0xff, 0xff,
    0xff, 0xff, 0xbf, 0xfe, 0xaf, 0xff, 0xff, 0x9f, 0xb7, 0x6b, 0x6f, 0xff,
    0xff, 0xff, 0xff, 0xff, 0xff, 0xff, 0xff, 0xff, 0xff, 0xff, 0xff, 0xff,
    0xf7, 0xff, 0xff, 0xff, 0xff, 0xff, 0xff, 0xff, 0xff, 0xff, 0xff, 0xff,
    0xff, 0xff, 0xff, 0xff, 0xff, 0xff, 0xff, 0xff, 0xff, 0xff, 0xff, 0xff,
    0xff, 0xfe, 0xff, 0xff, 0xdf, 0xff, 0xff, 0xab, 0x7d, 0xfd, 0xd7, 0xff,
    0xff, 0xff, 0xff, 0xff, 0xff, 0xff, 0xfa, 0x00, 0x17, 0xff, 0xff, 0xff,
    0xbb, 0xff, 0xff, 0xff, 0xff, 0xfe, 0x00, 0x7f, 0xff, 0xff, 0xff, 0xff,
    0xff, 0xff, 0xff, 0xfe, 0xa9, 0x55, 0xff, 0xff, 0xff, 0xff, 0xff, 0xff,
    0xff, 0xff, 0xbf, 0xff, 0x7f, 0xff, 0xff, 0xae, 0xd7, 0x57, 0x67, 0xff,
    0xff, 0xff, 0xff, 0xff, 0xff, 0xff, 0x00, 0x22, 0x00, 0x2f, 0xff, 0xff,
    0xdf, 0xff, 0xff, 0xff, 0xff, 0xf8, 0x00, 0x1f, 0xff, 0xff, 0xff, 0xff,
    0xff, 0xff, 0xff, 0x40, 0x00, 0x00, 0x17, 0xff, 0xff, 0xff, 0xff, 0xff,
    0xff, 0xff, 0x7f, 0xff, 0xbf, 0xff, 0xff, 0xcd, 0xfb, 0xed, 0xd7, 0xff,
    0xff, 0xff, 0xff, 0xff, 0xff, 0xf0, 0x00, 0x80, 0x80, 0x03, 0xff, 0xfe,
    0xea, 0xff, 0xff, 0xff, 0xff, 0xe0, 0x08, 0x07, 0xff, 0xff, 0xff, 0xff,
    0xff, 0xff, 0xf8, 0x00, 0x00, 0x00, 0x03, 0xff, 0xff, 0xff, 0xff, 0xfe,
    0xaf, 0xff, 0xff, 0xff, 0x7f, 0xff, 0xff, 0xd7, 0x5d, 0x5e, 0xcf, 0xff,
    0xff, 0xff, 0xff, 0xff, 0xff, 0x80, 0x52, 0x00, 0x08, 0x80, 0x7f, 0xfd,
    0xbf, 0xbd, 0xff, 0xff, 0xff, 0xc0, 0x80, 0x87, 0xff, 0xff, 0xff, 0xff,
    0xff, 0xff, 0xe0, 0x09, 0x24, 0x24, 0x40, 0xff, 0xff, 0xff, 0xff, 0xff,
    0xff, 0xff, 0xff, 0xff, 0xff, 0xff, 0xff, 0xe6, 0xef, 0xf7, 0xaf, 0xff,
    0xff, 0xff, 0xff, 0xff, 0xfc, 0x02, 0x00, 0xb6, 0xa0, 0x08, 0x1f, 0xff,
    0xea, 0xfb, 0x7f, 0xff, 0xff, 0xc2, 0x7e, 0x13, 0xff, 0xff, 0xff, 0xff,
    0xff, 0xff, 0xc1, 0x00, 0x01, 0x00, 0x08, 0xff, 0xff, 0xff, 0xff, 0xfd,
    0x57, 0xff, 0xff, 0xff, 0xff, 0xff, 0xff, 0xeb, 0xb5, 0x5a, 0x9f, 0xff,
    0xff, 0xff, 0xff, 0xff, 0xf0, 0x08, 0x5f, 0xff, 0xff, 0xa0, 0x07, 0xff,
    0xbf, 0xfe, 0xff, 0xff, 0xff, 0x89, 0xff, 0x83, 0xff, 0xff, 0xff, 0xff,
    0xff, 0xff, 0xc4, 0x57, 0xff, 0xff, 0xc0, 0x7f, 0xff, 0xff, 0xff, 0xff,
    0xff, 0xff, 0xff, 0xf4, 0x5f, 0xff, 0xff, 0xe6, 0xfe, 0xef, 0x5f, 0xff,
    0xff, 0xff, 0xff, 0xff, 0xc0, 0x83, 0xff, 0xff, 0xff, 0xf8, 0x83, 0xff,
    0xd7, 0xff, 0xff, 0xff, 0xff, 0x83, 0xff, 0x83, 0xff, 0xff, 0xff, 0xfe,
    0xa5, 0xff, 0x81, 0xff, 0xff, 0xff, 0xf2, 0x7f, 0xff, 0xff, 0xff, 0xfd,
    0x57, 0xff, 0xff, 0x80, 0x01, 0xff, 0xff, 0xf3, 0xab, 0xba, 0x3f, 0xff,
    0xff, 0xff, 0xff, 0xff, 0x84, 0x3f, 0xff, 0xff, 0xff, 0xff, 0x10, 0xff,
    0xff, 0xff, 0xff, 0xff, 0xff, 0x87, 0xff, 0xc9, 0xff, 0xff, 0xff, 0xf8,
    0x00, 0x7f, 0x8b, 0xff, 0xff, 0xff, 0xf8, 0x3f, 0xff, 0xff, 0xff, 0xff,
    0xff, 0xff, 0xfe, 0x01, 0x00, 0x7f, 0xff, 0xf9, 0xdd, 0xed, 0x7f, 0xff,
    0xff, 0xff, 0xff, 0xfe, 0x00, 0xff, 0xff, 0xff, 0xff, 0xff, 0x80, 0xff,
    0xef, 0xff, 0xff, 0xff, 0xff, 0x13, 0xff, 0x83, 0xff, 0xff, 0xff, 0xe0,
    0x04, 0x1f, 0x87, 0xff, 0xff, 0xff, 0xf0, 0x7f, 0xff, 0xff, 0xff, 0xff,
    0x7f, 0xff, 0xf8, 0x00, 0x04, 0x7f, 0xff, 0xfa, 0xb7, 0x72, 0xff, 0xff,
    0xff, 0xff, 0xff, 0xfe, 0x13, 0xff, 0xff, 0xff, 0xff, 0xff, 0xe2, 0x3f,
    0xff, 0xff, 0xff, 0xff, 0xff, 0x87, 0xff, 0xc1, 0xff, 0xff, 0xff, 0xc1,
    0x10, 0x4f, 0x87, 0xff, 0xff, 0xff, 0xf9, 0x3f, 0xff, 0xff, 0xff, 0xff,
    0xff, 0xff, 0xf8, 0x15, 0x50, 0x3f, 0xff, 0xf9, 0xfd, 0xc9, 0xff, 0xff,
    0xff, 0xff, 0xff, 0xf8, 0x47, 0xff, 0xff, 0xff, 0xff, 0xff, 0xf0, 0x3f,
    0xff, 0xff, 0xff, 0xff, 0xff, 0x83, 0xff, 0x83, 0xff, 0xff, 0xff, 0x80,
    0x4a, 0x07, 0x83, 0xff, 0xff, 0xff, 0xf0, 0x7f, 0xff, 0xff, 0xff, 0xff,
    0xff, 0xff, 0xf0, 0xbf, 0xf0, 0xbf, 0xff, 0xfc, 0x57, 0x27, 0xff, 0xff,
    0xff, 0xff, 0xff, 0xf8, 0x1f, 0xff, 0xff, 0x80, 0x7f, 0xff, 0xf8, 0x1f,
    0xff, 0xff, 0xff, 0xff, 0xff, 0x27, 0xff, 0x91, 0xff, 0xff, 0xff, 0x07,
    0xff, 0x07, 0x93, 0xff, 0xff, 0xff, 0xe0, 0x7f, 0xff, 0xff, 0xff, 0xff,
    0xff, 0xff, 0xf2, 0x7f, 0xfc, 0x1f, 0xff, 0xfe, 0xfc, 0x9f, 0xff, 0xff,
    0xff, 0xff, 0xff, 0xf1, 0x3f, 0xff, 0xfe, 0x08, 0x07, 0xff, 0xfc, 0x8f,
    0xff, 0xff, 0xff, 0xff, 0xff, 0x83, 0xff, 0xc3, 0xff, 0xff, 0xff, 0x17,
    0xff, 0x93, 0x80, 0xff, 0xff, 0xfe, 0x02, 0x7f, 0xff, 0xff, 0xff, 0xff,
    0xff, 0xff, 0xf0, 0x7f, 0xfc, 0x1f, 0xff, 0xfe, 0x22, 0x7f, 0xff, 0xff,
    0xff, 0xff, 0xff, 0xf0, 0x7f, 0xff, 0xfe, 0x01, 0x01, 0xff, 0xfe, 0x07,
    0xff, 0xff, 0xff, 0xff, 0xff, 0x87, 0xff, 0x81, 0xff, 0xff, 0xfe, 0x0f,
    0xff, 0x83, 0xc0, 0x07, 0xff, 0xf8, 0x00, 0xff, 0xff, 0xff, 0xff, 0xff,
    0xff, 0xff, 0xe0, 0xff, 0xf8, 0x5f, 0xff, 0xff, 0x55, 0xff, 0xff, 0xff,
    0xff, 0xff, 0xff, 0xe0, 0xff, 0xff, 0xfe, 0x20, 0x10, 0xff, 0xff, 0x07,
    0xff, 0xff, 0xff, 0xff, 0xff, 0x13, 0xff, 0xc3, 0xff, 0xff, 0xfe, 0x4f,
    0xff, 0x83, 0xe4, 0x03, 0xff, 0xf8, 0x91, 0xff, 0xff, 0xff, 0xff, 0xff,
    0xff, 0xff, 0xf2, 0x7f, 0xfc, 0x1f, 0xff, 0xff, 0x2f, 0xff, 0xff, 0xaf,
    0xff, 0xff, 0xff, 0xe4, 0xff, 0xff, 0xfe, 0x00, 0x40, 0x7f, 0xff, 0x17,
    0xff, 0xff, 0xff, 0xff, 0xff, 0x87, 0xff, 0x89, 0xff, 0xff, 0xfe, 0x0f,
    0xff, 0x8b, 0xe0, 0x23, 0xff, 0xf8, 0x07, 0xff, 0xff, 0xff, 0xff, 0xff,
    0xff, 0xff, 0xe0, 0xff, 0xfc, 0x3f, 0xff, 0xff, 0xff, 0xff, 0xfe, 0xf7,
    0xff, 0xff, 0xff, 0xe0, 0xff, 0xff, 0xfe, 0x1d, 0x04, 0x3f, 0xff, 0x83,
    0xff, 0xff, 0xff, 0xff, 0xff, 0x83, 0xff, 0xc3, 0xff, 0xff, 0xfe, 0x0f,
    0xff, 0x83, 0xf8, 0x83, 0xff, 0xf8, 0x1f, 0xff, 0xff, 0xff, 0xff, 0xff,
    0xff, 0xff, 0xf0, 0x7f, 0xf9, 0x1f, 0xff, 0xff, 0xff, 0xff, 0xff, 0xbf,
    0xff, 0xff, 0xff, 0xe4, 0xff, 0xff, 0xfe, 0x4f, 0xf0, 0x1f, 0xff, 0x83,
    0xff, 0xff, 0xff, 0xff, 0xff, 0x87, 0xff, 0x81, 0xff, 0xff, 0xff, 0x2f,
    0xff, 0x03, 0xff, 0x03, 0xff, 0xfc, 0x9f, 0xff, 0xff, 0xff, 0xff, 0xff,
    0xff, 0xff, 0xf2, 0xff, 0xfc, 0x1f, 0xff, 0xff, 0xff, 0xff, 0xfe, 0xeb,
    0xff, 0xff, 0xff, 0xf0, 0x7f, 0x3f, 0xfe, 0x0f, 0xf8, 0x1f, 0xff, 0xc1,
    0xff, 0xff, 0xff, 0xff, 0xff, 0x23, 0xff, 0xc3, 0xff, 0xff, 0xfe, 0x07,
    0xff, 0x13, 0xff, 0x8b, 0xff, 0xf8, 0x1f, 0xff, 0xff, 0xff, 0xff, 0xff,
    0xff, 0xff, 0xf0, 0x7f, 0xfc, 0x5f, 0xff, 0xff, 0xff, 0xff, 0xff, 0xbf,
    0xff, 0xff, 0xff, 0xe0, 0x50, 0x3f, 0xfe, 0x1f, 0xfc, 0x8f, 0xff, 0x89,
    0xff, 0xff, 0xff, 0xff, 0xff, 0x87, 0xff, 0x89, 0xff, 0xff, 0xff, 0x03,
    0xfc, 0x07, 0xff, 0x83, 0xff, 0xf8, 0x5f, 0xff, 0xff, 0xff, 0xff, 0xff,
    0xff, 0xff, 0xf0, 0xff, 0xf8, 0x1f, 0xff, 0xff, 0xff, 0xff, 0xff, 0x6f,
    0xff, 0xff, 0xff, 0xf2, 0x00, 0x7f, 0xfe, 0x4f, 0xfe, 0x0f, 0xff, 0xc1,
    0xff, 0xfe, 0xaf, 0xff, 0xff, 0x83, 0xff, 0xc1, 0xff, 0xff, 0xff, 0x11,
    0xf0, 0x27, 0xff, 0xc3, 0xff, 0xfa, 0x1f, 0xff, 0xff, 0xff, 0xff, 0xff,
    0xff, 0xff, 0xf0, 0x7f, 0xfc, 0x1f, 0xff, 0xff, 0xff, 0xff, 0xff, 0xff,
    0xff, 0xff, 0xff, 0xf8, 0x09, 0x3f, 0xff, 0x0f, 0xfe, 0x2f, 0xff, 0xc5,
    0xff, 0xc0, 0x00, 0x5f, 0xff, 0x87, 0xff, 0xc3, 0xff, 0xff, 0xff, 0x00,
    0x00, 0x0f, 0xff, 0x8b, 0xff, 0xf8, 0x3f, 0xff, 0xff, 0xff, 0xff, 0xab,
    0xff, 0xff, 0xf1, 0x7f, 0xfc, 0x9f, 0xff, 0xff, 0xff, 0xff, 0xff, 0xff,
    0xff, 0xff, 0xff, 0xf8, 0x80, 0x7f, 0xfe, 0x0f, 0xff, 0x07, 0xff, 0xc1,
    0xfe, 0x00, 0x00, 0x07, 0xff, 0x93, 0xff, 0x81, 0xff, 0xc2, 0x7f, 0x90,
    0x01, 0x1f, 0xff, 0xc3, 0xff, 0xf8, 0x9f, 0xfc, 0x00, 0x1f, 0xf0, 0x00,
    0x1f, 0xff, 0xf0, 0x7f, 0xfc, 0x1f, 0xff, 0xeb, 0xff, 0xff, 0xff, 0xff,
    0xff, 0xff, 0xff, 0xfc, 0x10, 0x3f, 0xfe, 0x0f, 0xfe, 0x0f, 0xff, 0xc8,
    0xf0, 0x11, 0x10, 0x00, 0xff, 0x87, 0xff, 0xc9, 0xff, 0x90, 0x0f, 0xc2,
    0x08, 0x7f, 0xff, 0x81, 0xff, 0xfc, 0x1f, 0xf0, 0x00, 0x07, 0x80, 0x00,
    0x03, 0xff, 0xf1, 0x7f, 0xf8, 0x1f, 0xff, 0x80, 0x3f, 0xff, 0xff, 0xff,
    0xff, 0xff, 0xbf, 0xff, 0x01, 0x3f, 0xfe, 0x4f, 0xff, 0x27, 0xff, 0xc1,
    0xe0, 0x40, 0x00, 0x90, 0x7f, 0x83, 0xff, 0xc1, 0xfe, 0x00, 0x03, 0xe0,
    0x40, 0x3f, 0xff, 0xcb, 0xff, 0xf8, 0x1f, 0xe0, 0x80, 0x86, 0x04, 0x04,
    0x40, 0xff, 0xf0, 0x7f, 0xfc, 0x5f, 0xfe, 0x00, 0x1f, 0xff, 0xff, 0xff,
    0xff, 0xff, 0xdf, 0xff, 0xe8, 0x7f, 0xff, 0x0f, 0xff, 0x0f, 0xff, 0xc1,
    0x84, 0x0f, 0xff, 0x02, 0x1f, 0x87, 0xff, 0x81, 0xfc, 0x02, 0x00, 0xf8,
    0x04, 0x0f, 0xff, 0xc3, 0xff, 0xfc, 0x9f, 0xc2, 0x12, 0x00, 0x40, 0xa0,
    0x00, 0x7f, 0xf0, 0x7f, 0xfc, 0x1f, 0xfc, 0x12, 0x47, 0xff, 0xff, 0xff,
    0xff, 0xff, 0xff, 0xff, 0xfc, 0x3f, 0xff, 0x0f, 0xff, 0x0f, 0xff, 0xc8,
    0x00, 0xff, 0xff, 0xe8, 0x0f, 0x83, 0xff, 0xc9, 0xf8, 0x95, 0x20, 0xe1,
    0x00, 0x87, 0xff, 0xc1, 0xff, 0xfc, 0x1f, 0xc0, 0xff, 0x91, 0x07, 0xff,
    0xc9, 0x1f, 0xf1, 0x7f, 0xfc, 0x1f, 0xf8, 0x40, 0x01, 0xff, 0xff, 0xff,
    0xff, 0xff, 0xff, 0xff, 0xf8, 0x3f, 0xff, 0x1f, 0xff, 0x07, 0xff, 0xc0,
    0x13, 0xff, 0xff, 0xf8, 0x47, 0x93, 0xff, 0xc1, 0xf2, 0x1f, 0xc4, 0x00,
    0x76, 0x03, 0xff, 0x83, 0xff, 0xfc, 0x1f, 0xc9, 0xff, 0xc0, 0x1f, 0xff,
    0xf0, 0x0f, 0xf0, 0x7f, 0xfc, 0x5f, 0xe0, 0x1f, 0x01, 0xff, 0xff, 0xff,
    0xff, 0xff, 0xff, 0xff, 0xf8, 0xbf, 0xfe, 0x0f, 0xfe, 0x0f, 0xff, 0xc2,
    0x47, 0xff, 0xff, 0xfe, 0x01, 0x83, 0xff, 0xc1, 0xe0, 0x3f, 0xe0, 0x03,
    0xff, 0x81, 0xff, 0xc9, 0xff, 0xf8, 0x5f, 0xc3, 0xff, 0xe4, 0x7f, 0xff,
    0xfc, 0x27, 0xf2, 0x7f, 0xfc, 0x0f, 0xc1, 0x7f, 0xc8, 0xff, 0xff, 0xff,
    0xff, 0xff, 0xdf, 0xff, 0xfc, 0x3f, 0xff, 0x0f, 0xfe, 0x4f, 0xff, 0xc8,
    0x1f, 0xff, 0xff, 0xff, 0x81, 0x83, 0xff, 0xc5, 0xc8, 0x7f, 0xf1, 0x17,
    0xff, 0xcb, 0xff, 0xc1, 0xff, 0xfc, 0x1f, 0xc1, 0xff, 0xc1, 0xff, 0xff,
    0xfe, 0x07, 0xf8, 0x7f, 0xfc, 0x1f, 0x04, 0xff, 0xe0, 0x7f, 0xff, 0xff,
    0xff, 0xff, 0xff, 0xff, 0xf8, 0x3f, 0xff, 0x2f, 0xfe, 0x0f, 0xff, 0x80,
    0x3f, 0xff, 0xff, 0xff, 0xc8, 0x93, 0xff, 0xc1, 0x81, 0xff, 0xf0, 0x07,
    0xff, 0x81, 0xff, 0xc5, 0xff, 0xfc, 0x1f, 0xc9, 0xff, 0xe3, 0xff, 0xff,
    0xff, 0x13, 0xf0, 0x7f, 0xfc, 0x5e, 0x01, 0xff, 0xf1, 0x7f, 0xbf, 0xff,
    0xff, 0xff, 0xbf, 0xff, 0xfc, 0xbf, 0xff, 0x07, 0xfc, 0x1f, 0xff, 0x80,
    0xff, 0xff, 0xff, 0xff, 0xe0, 0x83, 0xff, 0xc1, 0x03, 0xff, 0xe4, 0x47,
    0xff, 0xc1, 0xff, 0xc1, 0xff, 0xfc, 0x9f, 0xc3, 0xff, 0xe7, 0xff, 0xff,
    0xff, 0x83, 0xf0, 0x7f, 0xfc, 0x1c, 0x27, 0xff, 0xe0, 0x7f, 0xdf, 0xff,
    0xff, 0xff, 0xdf, 0xff, 0xf8, 0x3f, 0xff, 0x0f, 0xfc, 0x8f, 0xff, 0x92,
    0xff, 0xff, 0xff, 0xff, 0xe0, 0x43, 0xff, 0xc4, 0x13, 0xff, 0xc0, 0x07,
    0xff, 0x85, 0xff, 0xc3, 0xff, 0xf8, 0x0f, 0xc1, 0xff, 0xcf, 0xff, 0xff,
    0xff, 0x81, 0xf2, 0x7f, 0xfc, 0x10, 0x0f, 0xff, 0x82, 0x7f, 0x7f, 0xff,
    0xff, 0xff, 0x7f, 0xff, 0xfc, 0x3f, 0xff, 0x0f, 0xf8, 0x1f, 0xff, 0x81,
    0xff, 0xfc, 0x0f, 0xff, 0xf4, 0x0b, 0xff, 0xc0, 0x0f, 0xff, 0x91, 0x17,
    0xff, 0xc1, 0xff, 0xc9, 0xff, 0xfc, 0x1f, 0xc3, 0xff, 0xff, 0xff, 0xff,
    0xff, 0xc9, 0xf8, 0x7f, 0xfc, 0x40, 0x9f, 0xff, 0x80, 0xfd, 0xd7, 0xff,
    0xff, 0xff, 0xdf, 0xff, 0xf8, 0x3f, 0xff, 0x27, 0xf0, 0x3f, 0xff, 0x03,
    0xff, 0xf0, 0x01, 0xff, 0xf8, 0x03, 0xff, 0xc0, 0x9f, 0xff, 0x00, 0x47,
    0xff, 0xc9, 0xff, 0xc1, 0xff, 0xfc, 0x8f, 0xc9, 0xff, 0xff, 0xff, 0xff,
    0xff, 0xc0, 0xf0, 0x7f, 0xfc, 0x02, 0x3f, 0xfe, 0x09, 0xff, 0x7b, 0xff,
    0xff, 0xff, 0x77, 0xff, 0xfc, 0xbf, 0xff, 0x0f, 0xc1, 0x3f, 0xfe, 0x17,
    0xff, 0xe2, 0x20, 0xff, 0xf9, 0x23, 0xff, 0xc8, 0x3f, 0xfe, 0x45, 0x07,
    0xff, 0xc1, 0xff, 0xc3, 0xff, 0xfc, 0x1f, 0xc1, 0xff, 0xff, 0xff, 0xff,
    0xff, 0xe0, 0xf0, 0xff, 0xfc, 0x08, 0xff, 0xfc, 0x01, 0xff, 0xdf, 0xff,
    0xff, 0xfe, 0xdf, 0xff, 0xf8, 0x3f, 0xff, 0x0f, 0x04, 0x7f, 0xfe, 0x07,
    0xff, 0xc8, 0x82, 0x7f, 0xfc, 0x03, 0xff, 0xc0, 0xff, 0xfc, 0x03, 0x07,
    0xff, 0xc1, 0xff, 0xc9, 0xff, 0xfc, 0x4f, 0xe1, 0xff, 0xff, 0xf8, 0x5f,
    0xff, 0xe2, 0xf2, 0x7f, 0xfc, 0x81, 0xff, 0xf0, 0x27, 0xff, 0x7f, 0xff,
    0xff, 0xfd, 0xf7, 0xff, 0xfc, 0x3f, 0xff, 0x20, 0x20, 0xff, 0xfc, 0x4f,
    0xff, 0xc0, 0x00, 0x7f, 0xfc, 0x0b, 0xff, 0xc1, 0xff, 0xf8, 0x27, 0x27,
    0xff, 0xc5, 0xff, 0xc1, 0xff, 0xfd, 0x0f, 0xc1, 0xff, 0xff, 0xe1, 0x0f,
    0xff, 0xe0, 0x78, 0x7f, 0xfc, 0x27, 0xff, 0xe0, 0x8f, 0xff, 0xbf, 0xff,
    0xff, 0xf7, 0x5a, 0xff, 0xf8, 0x3f, 0xff, 0x80, 0x03, 0xff, 0xf8, 0x0f,
    0xff, 0x81, 0x50, 0x3f, 0xfe, 0x83, 0xff, 0xc7, 0xff, 0xe0, 0x8f, 0x87,
    0xff, 0xc1, 0xff, 0xe1, 0xff, 0xfc, 0x1f, 0xc9, 0xff, 0xff, 0x80, 0x03,
    0xff, 0xe8, 0x70, 0x7f, 0xfc, 0x8f, 0xff, 0x82, 0x1f, 0xff, 0xff, 0xff,
    0xff, 0xfd, 0xff, 0xbf, 0xfc, 0xbf, 0xff, 0x00, 0x8f, 0xff, 0xf9, 0x1f,
    0xff, 0x03, 0xf2, 0x3f, 0xfe, 0x13, 0xff, 0xc7, 0xff, 0xc0, 0x1f, 0x07,
    0xff, 0xc1, 0xff, 0xc5, 0xff, 0xfc, 0x0f, 0xe1, 0xff, 0xfe, 0x04, 0x23,
    0xff, 0xf0, 0x78, 0x7f, 0xfc, 0x3f, 0xff, 0x10, 0x7f, 0xff, 0xff, 0xff,
    0xff, 0xaf, 0x55, 0xef, 0xf8, 0x3f, 0xff, 0xd4, 0x7f, 0xff, 0xe0, 0x1f,
    0xff, 0x17, 0xf8, 0x1f, 0xff, 0x03, 0xff, 0xdf, 0xff, 0x89, 0x3f, 0x87,
    0xff, 0xc9, 0xff, 0xc1, 0xff, 0xfc, 0x8f, 0xc1, 0xff, 0xfc, 0x10, 0x03,
    0xff, 0xe1, 0x71, 0x3f, 0xfc, 0xff, 0xfe, 0x41, 0xff, 0xff, 0xff, 0xff,
    0xff, 0xdb, 0xfe, 0xbf, 0xfc, 0x3f, 0xff, 0xff, 0xff, 0xff, 0xe0, 0x5f,
    0xff, 0x07, 0xfc, 0x9f, 0xfe, 0x03, 0xff, 0xdf, 0xff, 0x00, 0xff, 0x17,
    0xff, 0xc0, 0xff, 0xe1, 0xff, 0xfc, 0x0f, 0xe1, 0xff, 0xf9, 0x05, 0x89,
    0xff, 0xf0, 0x78, 0x7f, 0xff, 0xff, 0xf8, 0x03, 0xff, 0xff, 0xff, 0xff,
    0xff, 0xfd, 0x57, 0xff, 0xf8, 0x9f, 0xff, 0xff, 0xff, 0xff, 0x84, 0x1f,
    0xfe, 0x2f, 0xfc, 0x1f, 0xff, 0x23, 0xff, 0xff, 0xfc, 0x11, 0xff, 0x87,
    0xff, 0xc1, 0xff, 0xc4, 0xff, 0xfc, 0x4f, 0xc4, 0xff, 0xf0, 0x4f, 0xc1,
    0xff, 0xf2, 0x70, 0x7f, 0xff, 0xff, 0xf0, 0x0f, 0xff, 0xff, 0xff, 0xff,
    0xff, 0xff, 0xfb, 0xff, 0xfc, 0x3f, 0xff, 0xff, 0xff, 0xff, 0x00, 0xbf,
    0xff, 0x0f, 0xfe, 0x0f, 0xff, 0x03, 0xff, 0xff, 0xf8, 0x07, 0xff, 0x03,
    0xff, 0xc8, 0xff, 0xe1, 0xff, 0xfe, 0x0f, 0xe1, 0xff, 0xe0, 0x3f, 0xc1,
    0xff, 0xf0, 0x39, 0x3f, 0xff, 0xff, 0xc2, 0x5f, 0xff, 0xff, 0xff, 0xff,
    0xff, 0xfd, 0x5f, 0xff, 0xf8, 0x1f, 0xff, 0xff, 0xff, 0xfc, 0x08, 0x1f,
    0xfe, 0x1f, 0xfe, 0x4f, 0xff, 0x13, 0xff, 0xff, 0xf8, 0x4f, 0xff, 0x87,
    0xff, 0xe1, 0xff, 0xc0, 0xff, 0xfc, 0x0f, 0xc0, 0xff, 0xe2, 0x7f, 0xe4,
    0xff, 0xf0, 0x78, 0x7f, 0xff, 0xff, 0xc0, 0x3f, 0xff, 0xff, 0xff, 0xff,
    0xff, 0xff, 0xef, 0xff, 0xfc, 0xbf, 0xff, 0xff, 0xff, 0xe0, 0x20, 0x3f,
    0xfe, 0x0f, 0xfe, 0x0f, 0xff, 0x43, 0xff, 0xff, 0xfd, 0x0f, 0xff, 0x93,
    0xff, 0xc1, 0xff, 0xe4, 0xff, 0xfe, 0x4f, 0xe5, 0xff, 0xe0, 0xff, 0xe1,
    0xff, 0xf1, 0x38, 0x7f, 0xff, 0xff, 0xc8, 0xff, 0xff, 0xff, 0xff, 0xff,
    0xff, 0xff, 0x7f, 0xff, 0xfc, 0x1f, 0xff, 0xff, 0xff, 0x00, 0x84, 0xbf,
    0xfe, 0x1f, 0xfe, 0x0f, 0xff, 0x03, 0xff, 0xff, 0xfe, 0x07, 0xff, 0x87,
    0xff, 0xc4, 0xff, 0xe1, 0xff, 0xfc, 0x0f, 0xe0, 0xff, 0xe2, 0xff, 0xe0,
    0xff, 0xf0, 0x70, 0x7f, 0xff, 0xff, 0xf0, 0x3f, 0xff, 0xff, 0xff, 0xff,
    0xff, 0xff, 0xaf, 0xff, 0xfc, 0x3f, 0xff, 0xbf, 0xd0, 0x12, 0x1c, 0x1f,
    0xfe, 0x4f, 0xff, 0x4f, 0xff, 0x0b, 0xff, 0xff, 0xff, 0x13, 0xff, 0x83,
    0xff, 0xe1, 0xff, 0xc0, 0xff, 0xfe, 0x0f, 0xe1, 0xff, 0xe8, 0xff, 0xe1,
    0xff, 0xf0, 0x39, 0x3f, 0xff, 0xff, 0xf0, 0x3f, 0xff, 0xff, 0xff, 0xff,
    0xff, 0xff, 0xff, 0xff, 0xfc, 0x1f, 0xff, 0x80, 0x00, 0x40, 0x3c, 0x3f,
    0xfe, 0x1f, 0xfe, 0x0f, 0xff, 0x41, 0xff, 0xff, 0xff, 0x81, 0xff, 0x87,
    0xff, 0xc0, 0xff, 0xe4, 0xff, 0xfc, 0x4f, 0xe0, 0xff, 0xe0, 0xff, 0xe0,
    0xff, 0xf4, 0x78, 0x7f, 0xff, 0xff, 0xfa, 0x0f, 0xff, 0xff, 0xff, 0xff,
    0xff, 0xff, 0xbf, 0xff, 0xfc, 0x3f, 0xff, 0x80, 0x01, 0x01, 0xfc, 0x1f,
    0xfe, 0x0f, 0xfe, 0x0f, 0xff, 0x03, 0xff, 0xff, 0xff, 0xc0, 0xff, 0x93,
    0xff, 0xc4, 0xff, 0xe0, 0xff, 0xfe, 0x0f, 0xe1, 0xff, 0xe0, 0xff, 0xe4,
    0xff, 0xf1, 0x38, 0x7f, 0xff, 0xff, 0xfc, 0x87, 0xff, 0xff, 0xff, 0xff,
    0xd7, 0xff, 0xdf, 0xf7, 0xfc, 0x9f, 0xff, 0x80, 0x24, 0x0b, 0xfc, 0x9f,
    0xff, 0x0f, 0xfe, 0x4f, 0xff, 0x09, 0xff, 0xef, 0xff, 0xe2, 0x7f, 0x83,
    0xff, 0xe0, 0xff, 0xe0, 0xff, 0xfc, 0x0f, 0xe0, 0xff, 0xf2, 0xff, 0xe0,
    0xff, 0xf0, 0x38, 0x3f, 0xfe, 0xff, 0xfe, 0x03, 0xff, 0xff, 0xff, 0xff,
    0xbd, 0xff, 0xff, 0xfb, 0xfc, 0x3f, 0xff, 0x92, 0x00, 0x3f, 0xfc, 0x1f,
    0xff, 0x2f, 0xfe, 0x1f, 0xff, 0x23, 0xff, 0xe7, 0xff, 0xe0, 0x3f, 0x87,
    0xff, 0xc0, 0xff, 0xe4, 0xff, 0xfe, 0x4f, 0xe4, 0xff, 0xe0, 0x7f, 0xe0,
    0xff, 0xf0, 0x78, 0x7f, 0xfe, 0x7f, 0xff, 0x21, 0xff, 0xff, 0xff, 0xff,
    0xef, 0xff, 0xff, 0xff, 0xfc, 0x1f, 0xff, 0x81, 0x57, 0xff, 0xfc, 0x1f,
    0xff, 0x07, 0xfc, 0x1f, 0xff, 0x01, 0xff, 0xe7, 0xff, 0xf8, 0x1f, 0x83,
    0xff, 0xe4, 0xff, 0xe0, 0xff, 0xfe, 0x07, 0xe0, 0xff, 0xf0, 0xff, 0xe4,
    0xff, 0xf9, 0x39, 0x3f, 0xfe, 0x7f, 0xff, 0x84, 0x7f, 0xff, 0xff, 0xff,
    0xbb, 0xff, 0xff, 0xff, 0xfc, 0x3f, 0xff, 0x87, 0xff, 0xff, 0xfc, 0x8f,
    0xff, 0x03, 0xfc, 0x9f, 0xfe, 0x03, 0xff, 0xe1, 0xff, 0xf9, 0x0f, 0x93,
    0xff, 0xe0, 0xff, 0xe0, 0xff, 0xfe, 0x0f, 0xe0, 0xff, 0xe2, 0x7f, 0xe0,
    0xff, 0xf0, 0x38, 0x3f, 0xfe, 0x1f, 0xff, 0xe0, 0x1f, 0xff, 0xff, 0xff,
    0xef, 0xff, 0xff, 0xff, 0xfc, 0x1f, 0xff, 0xc3, 0xff, 0xff, 0xfe, 0x0f,
    0xff, 0x83, 0xf8, 0x1f, 0xfe, 0x13, 0xff, 0xe1, 0xff, 0xfc, 0x27, 0xc7,
    0xff, 0xe0, 0xff, 0xe4, 0xff, 0xfe, 0x27, 0xe4, 0xff, 0xf0, 0xff, 0xe2,
    0xff, 0xf8, 0x38, 0x3f, 0xfe, 0x1f, 0xff, 0xe0, 0x0f, 0xff, 0xff, 0xff,
    0xff, 0xff, 0xff, 0xff, 0xfc, 0x9f, 0xff, 0x8b, 0xff, 0xff, 0xfe, 0x2f,
    0xff, 0x90, 0x40, 0x3f, 0xfe, 0x41, 0xff, 0xe0, 0xff, 0xff, 0x01, 0x83,
    0xff, 0xe2, 0xff, 0x00, 0xff, 0xfe, 0x00, 0xf0, 0xff, 0xe0, 0x7f, 0xe8,
    0xff, 0xf9, 0x38, 0xbf, 0xfe, 0x4f, 0xff, 0xf9, 0x23, 0xff, 0xff, 0xff,
    0xff, 0xff, 0xfe, 0xff, 0xfc, 0x1f, 0xff, 0x83, 0xff, 0xff, 0xfe, 0x07,
    0xff, 0xc0, 0x02, 0x7f, 0xfc, 0x03, 0xff, 0xe4, 0x7f, 0xff, 0x80, 0x83,
    0xff, 0xe0, 0xfc, 0x02, 0xff, 0xfe, 0x00, 0x20, 0xff, 0xf0, 0xff, 0xe0,
    0xff, 0xf0, 0x38, 0x3f, 0xff, 0x07, 0xff, 0xfc, 0x00, 0xff, 0xff, 0xff,
    0xff, 0xff, 0xff, 0x7f, 0xfc, 0x1f, 0xff, 0xc3, 0xff, 0xff, 0xff, 0x03,
    0xff, 0xe4, 0x10, 0x7f, 0xfc, 0x09, 0xff, 0xe0, 0x3f, 0xff, 0xc4, 0x23,
    0xff, 0xe0, 0xf8, 0x20, 0x7f, 0xfe, 0x20, 0x12, 0xff, 0xe4, 0x7f, 0xe0,
    0xff, 0xf8, 0xb8, 0x3f, 0xfe, 0x01, 0xff, 0xff, 0x00, 0x7f, 0xff, 0xff,
    0xff, 0xff, 0xff, 0xff, 0xfc, 0x9f, 0xff, 0x8b, 0xff, 0xff, 0xff, 0x23,
    0xff, 0xf0, 0x81, 0xff, 0xf8, 0x43, 0xff, 0xe0, 0x1f, 0xff, 0xe0, 0x0b,
    0xff, 0xe2, 0xf0, 0x8a, 0xff, 0xff, 0xa9, 0x00, 0xff, 0xf0, 0x7f, 0xf2,
    0xff, 0xf8, 0x38, 0xbf, 0xff, 0x01, 0xff, 0xff, 0xe4, 0x3f, 0xff, 0xff,
    0xff, 0xff, 0xfd, 0x7f, 0xfc, 0x1f, 0xff, 0xc3, 0xff, 0xff, 0xff, 0x81,
    0xff, 0xfe, 0x0f, 0xff, 0xf0, 0x01, 0xff, 0xe4, 0x8f, 0xff, 0xf8, 0x83,
    0xff, 0xe0, 0xf0, 0x3f, 0xff, 0xff, 0xfe, 0x00, 0x7f, 0xf1, 0x7f, 0xe0,
    0x7f, 0xf8, 0x38, 0x3f, 0xfe, 0x24, 0xff, 0xff, 0xf0, 0x3f, 0xff, 0xff,
    0xff, 0xff, 0xff, 0xbf, 0xfc, 0x5f, 0xff, 0x81, 0xff, 0xff, 0xff, 0x88,
    0xff, 0xff, 0xff, 0xff, 0xf1, 0x43, 0xff, 0xe0, 0x07, 0xff, 0xfc, 0x03,
    0xff, 0xe0, 0xe2, 0x7f, 0xff, 0xff, 0xff, 0x24, 0xff, 0xf0, 0x7f, 0xf0,
    0xff, 0xf9, 0x39, 0x3f, 0xff, 0x00, 0x3f, 0xff, 0xf9, 0x1f, 0xff, 0xff,
    0xff, 0xff, 0xea, 0xef, 0xfd, 0x1f, 0xff, 0xc3, 0xff, 0xff, 0xff, 0xc0,
    0x7f, 0xff, 0xff, 0xff, 0xc0, 0x49, 0xff, 0xe8, 0x13, 0xff, 0xfe, 0x23,
    0xff, 0xe4, 0x60, 0xff, 0xff, 0xff, 0xff, 0x00, 0xff, 0xf0, 0x7f, 0xf2,
    0xff, 0xf8, 0x38, 0x3f, 0xfe, 0x00, 0x3f, 0xff, 0xfc, 0x1f, 0xff, 0xff,
    0xff, 0xff, 0xff, 0xb7, 0xfc, 0x0f, 0xff, 0x89, 0xff, 0xff, 0xff, 0xe0,
    0x3f, 0xff, 0xff, 0xff, 0xc2, 0xc1, 0xff, 0xe1, 0x01, 0xff, 0xfc, 0x03,
    0xff, 0xe0, 0xf0, 0xff, 0xff, 0xff, 0xff, 0x08, 0xff, 0xf1, 0x7f, 0xe0,
    0xff, 0xf8, 0x38, 0x7f, 0xfe, 0x29, 0x1f, 0xff, 0xf8, 0x3f, 0xff, 0xff,
    0xff, 0xff, 0xfd, 0xdf, 0xfe, 0x1f, 0xff, 0xc3, 0xff, 0xff, 0xff, 0xf2,
    0x0f, 0xff, 0xff, 0xff, 0x00, 0xc3, 0xff, 0xe0, 0xc4, 0xff, 0xfc, 0x89,
    0xff, 0xe0, 0xe2, 0xff, 0xff, 0xff, 0xff, 0x80, 0x7f, 0xf0, 0x7f, 0xf0,
    0xff, 0xf9, 0x3a, 0x3f, 0xff, 0x0c, 0x07, 0xff, 0xf8, 0xbf, 0xff, 0xff,
    0xff, 0xff, 0xfe, 0xff, 0xfe, 0x4f, 0xff, 0x81, 0xff, 0xff, 0xff, 0xf0,
    0x07, 0xff, 0xff, 0xfc, 0x09, 0xe1, 0xff, 0xe8, 0xc0, 0x7f, 0xf8, 0x03,
    0xff, 0xe4, 0xe0, 0xff, 0xff, 0xff, 0xff, 0x10, 0xff, 0xf0, 0x7f, 0xf0,
    0x7f, 0xf8, 0x38, 0x3f, 0xfe, 0x0e, 0x03, 0xff, 0xe0, 0x3f, 0xff, 0xff,
    0xff, 0xff, 0xff, 0x7f, 0xfe, 0x0f, 0xff, 0xcb, 0xff, 0xff, 0xff, 0xfc,
    0x81, 0xff, 0xff, 0xf0, 0x23, 0xc8, 0xff, 0xe0, 0xf0, 0x3f, 0xe0, 0x10,
    0xff, 0xe0, 0xf0, 0x7f, 0xff, 0xff, 0xfe, 0x02, 0x7f, 0xf2, 0x7f, 0xe1,
    0x7f, 0xf8, 0x38, 0x9f, 0xfe, 0x2f, 0x20, 0xff, 0x81, 0x7f, 0xff, 0xff,
    0xff, 0xff, 0xff, 0xff, 0xfe, 0x07, 0xff, 0x81, 0xff, 0xff, 0xff, 0xfe,
    0x10, 0x2f, 0xff, 0x41, 0x0f, 0xe0, 0x2a, 0x82, 0xf2, 0x05, 0x01, 0x20,
    0x55, 0x00, 0xf2, 0x17, 0xff, 0xff, 0x50, 0x48, 0x3f, 0xe0, 0x7f, 0xf4,
    0x17, 0x42, 0x3c, 0x0a, 0xa8, 0x0f, 0x80, 0x2a, 0x04, 0xff, 0xff, 0xff,
    0xff, 0xff, 0xff, 0x7f, 0xff, 0x23, 0xff, 0x03, 0xff, 0xff, 0xff, 0xff,
    0x00, 0x01, 0x20, 0x04, 0x1f, 0xe0, 0x80, 0x00, 0xfc, 0x00, 0x00, 0x61,
    0x00, 0x24, 0xf0, 0x00, 0x00, 0x00, 0x01, 0x08, 0x00, 0x00, 0x7f, 0xf0,
    0x00, 0x00, 0x7c, 0x00, 0x00, 0x4f, 0xc9, 0x00, 0x11, 0xff, 0xff, 0xff,
    0xff, 0xff, 0xff, 0xff, 0xff, 0x01, 0xfc, 0x4b, 0xff, 0xff, 0xff, 0xff,
    0xc4, 0x00, 0x00, 0x00, 0x7f, 0xf2, 0x00, 0x09, 0xfe, 0x40, 0x10, 0xf0,
    0x00, 0x81, 0xf8, 0x90, 0x00, 0x00, 0x04, 0x1c, 0x80, 0x04, 0xff, 0xf8,
    0x80, 0x11, 0x7e, 0x40, 0x01, 0x1f, 0xf0, 0x00, 0x43, 0xff, 0xff, 0xff,
    0xff, 0xff, 0xff, 0xff, 0xff, 0x88, 0x01, 0x07, 0xff, 0xff, 0xff, 0xff,
    0xf0, 0x90, 0x09, 0x21, 0xff, 0xf8, 0x09, 0x23, 0xff, 0x12, 0x43, 0xf8,
    0x4a, 0x03, 0xfc, 0x02, 0x22, 0x11, 0x20, 0x7e, 0x04, 0x90, 0xff, 0xfc,
    0x11, 0x00, 0xfe, 0x09, 0x24, 0x3f, 0xf8, 0x49, 0x0f, 0xff, 0xff, 0xff,
    0xff, 0xff, 0xff, 0xff, 0xff, 0x80, 0x00, 0x0f, 0xff, 0xff, 0xff, 0xff,
    0xfe, 0x04, 0x80, 0x07, 0xff, 0xfe, 0x20, 0x0f, 0xff, 0xc0, 0x0f, 0xfe,
    0x00, 0x1f, 0xff, 0x40, 0x00, 0x00, 0x01, 0xff, 0x00, 0x03, 0xff, 0xff,
    0x00, 0x0b, 0xff, 0xc0, 0x00, 0xff, 0xff, 0x00, 0x3f, 0xff, 0xff, 0xff,
    0xff, 0xff, 0xff, 0xff, 0xff, 0xc4, 0x48, 0x4f, 0xff, 0xff, 0xff, 0xff,
    0xff, 0xa0, 0x00, 0x5f, 0xff, 0xff, 0xc4, 0xff, 0xff, 0xfd, 0x7f, 0xff,
    0xd2, 0xff, 0xff, 0xfa, 0xaa, 0xaa, 0xbf, 0xff, 0xe8, 0xaf, 0xff, 0xff,
    0xf5, 0x7f, 0xff, 0xfd, 0x5f, 0xff, 0xff, 0xf7, 0xff, 0xff, 0xff, 0xff,
    0xff, 0xff, 0xff, 0xff, 0xff, 0xf0, 0x01, 0x3f, 0xff, 0xff, 0xff, 0xff,
    0xff, 0xff, 0x7f, 0xff, 0xff, 0xff, 0xff, 0xff, 0xff, 0xff, 0xff, 0xff,
    0xff, 0xff, 0xff, 0xff, 0xff, 0xff, 0xff, 0xff, 0xff, 0xff, 0xff, 0xff,
    0xff, 0xff, 0xff, 0xff, 0xff, 0xff, 0xff, 0xff, 0xff, 0xff, 0xff, 0xff,
    0xff, 0xff, 0xff, 0xff, 0xff, 0xfd, 0x00, 0xff, 0xff, 0xff, 0xff, 0xff,
    0xff, 0xff, 0xff, 0xff, 0xff, 0xff, 0xff, 0xff, 0xff, 0xff, 0xff, 0xff,
    0xff, 0xff, 0xff, 0xff, 0xff, 0xff, 0xff, 0xff, 0xff, 0xff, 0xff, 0xff,
    0xff, 0xff, 0xff, 0xff, 0xff, 0xff, 0xff, 0xff, 0xff, 0xff, 0xff, 0xff,
    0xff, 0xff, 0xff, 0xff, 0xff, 0xff, 0xff, 0xff, 0xff, 0xff, 0xff, 0xff,
    0xff, 0xff, 0xff, 0xff, 0xff, 0xff, 0xff, 0xff, 0xff, 0xff, 0xff, 0xff,
    0xff, 0xff, 0xff, 0xff, 0xff, 0xff, 0xff, 0xff, 0xff, 0xff, 0xff, 0xff,
    0xff, 0xff, 0xff, 0xff, 0xff, 0xff, 0xff, 0xff, 0xff, 0xff, 0xff, 0xff,
    0xff, 0xff, 0xff, 0xff, 0xff, 0xff, 0xff, 0xff, 0xff, 0xff, 0xfb, 0xff,
    0xff, 0xff, 0xff, 0xff, 0xff, 0xff, 0xff, 0xff, 0xff, 0xff, 0xff, 0xff,
    0xff, 0xff, 0xff, 0xff, 0xff, 0xff, 0xff, 0xff, 0xff, 0xff, 0xff, 0xff,
    0xff, 0xff, 0xff, 0xff, 0xff, 0xff, 0xff, 0xff, 0xff, 0xff, 0xff, 0xff,
    0xff, 0xff, 0xff, 0xff, 0xff, 0xff, 0xff, 0xff, 0xff, 0xff, 0xff, 0x7f,
    0xff, 0xff, 0xff, 0xff, 0xff, 0xff, 0xff, 0xff, 0xff, 0xff, 0xff, 0xff,
    0xff, 0xff, 0xff, 0xff, 0xff, 0xff, 0xff, 0xff, 0xff, 0xff, 0xff, 0xff,
    0xff, 0xff, 0xff, 0xff, 0xff, 0xff, 0xff, 0xff, 0xff, 0xff, 0xff, 0xff,
    0xff, 0xff, 0xff, 0xff, 0xff, 0xff, 0xff, 0xff, 0xff, 0xff, 0xff, 0xd5,
    0xff, 0xff, 0xff, 0xff, 0xff, 0xff, 0xff, 0xff, 0xff, 0xff, 0xfb, 0x7e,
    0xd5, 0x56, 0xef, 0xff, 0xff, 0xff, 0xff, 0xff, 0xff, 0xff, 0xff, 0xff,
    0xff, 0xff, 0xff, 0xff, 0xff, 0xff, 0xff, 0xff, 0xff, 0xff, 0xff, 0xff,
    0xff, 0xff, 0xff, 0xff, 0xff, 0xff, 0xff, 0xff, 0xff, 0xff, 0xff, 0xff,
    0x5b, 0xff, 0xff, 0xff, 0xff, 0xff, 0xff, 0xff, 0xfb, 0xdd, 0xaf, 0xd7,
    0xbf, 0xff, 0xbb, 0x6d, 0xff, 0xff, 0xff, 0xff, 0xff, 0xff, 0xff, 0xff,
    0xff, 0xff, 0xff, 0xff, 0xff, 0xff, 0xff, 0xff, 0xff, 0xff, 0xff, 0xff,
    0xff, 0xff, 0xff, 0xff, 0xff, 0xff, 0xff, 0xff, 0xff, 0xff, 0xff, 0xff,
    0xf6, 0xaa, 0xbd, 0xff, 0xff, 0xff, 0xef, 0xb5, 0x5e, 0xf7, 0xfd, 0x7d,
    0xf6, 0xda, 0xff, 0xdf, 0x55, 0xbd, 0xff, 0xff, 0xff, 0xfb, 0x7f, 0xff,
    0xff, 0xff, 0xff, 0xff, 0xff, 0xff, 0xff, 0xff, 0xff, 0xff, 0xff, 0xff,
    0xff, 0xff, 0xff, 0xff, 0xff, 0xff, 0xff, 0xff, 0xff, 0xff, 0xff, 0xff,
    0xff, 0xff, 0xef, 0xb6, 0xaa, 0xad, 0x7a, 0xff, 0xf7, 0xbd, 0x6f, 0xee,
    0xdf, 0xff, 0xd5, 0x76, 0xff, 0xef, 0xbb, 0xff, 0xff, 0xff, 0xbf, 0xff,
    0xff, 0xff, 0xff, 0xff, 0xff, 0xff, 0xff, 0xff, 0xff, 0xff, 0xff, 0xff,
    0xff, 0xff, 0xff, 0xff, 0xff, 0xff, 0xff, 0xff, 0xff, 0xff, 0xff, 0xff,
    0xff, 0xf6, 0xb5, 0xff, 0xff, 0xff, 0xdf, 0xd6, 0xba, 0xef, 0xff, 0xff,
    0xff, 0xff, 0xff, 0xff, 0xda, 0xba, 0xee, 0xd5, 0x6b, 0xf5, 0x7f, 0xff,
    0xff, 0xff, 0xff, 0xff, 0xff, 0xff, 0xff, 0xff, 0xff, 0xff, 0xff, 0xff,
    0xff, 0xff, 0xff, 0xff, 0xff, 0xff, 0xff, 0xff, 0xff, 0xff, 0xff, 0xff,
    0xff, 0xff, 0xff, 0x55, 0x6d, 0xb5, 0x75, 0xbb, 0xef, 0xff, 0xff, 0xff,
    0xff, 0xff, 0xff, 0xff, 0xff, 0xef, 0xbf, 0xbf, 0xdf, 0xff, 0xff, 0xff,
    0xff, 0xff, 0xff, 0xff, 0xff, 0xff, 0xff, 0xff, 0xff, 0xff, 0xff, 0xff,
    0xff, 0xff, 0xff, 0xff, 0xff, 0xff, 0xff, 0xff, 0xff, 0xff, 0xff, 0xff,
    0xff, 0xff, 0xff, 0xff, 0xff, 0xff, 0xff, 0xff, 0xff, 0xff, 0xff, 0xff,
    0xff, 0xff, 0xff, 0xff, 0xff, 0xff, 0xf5, 0xfb, 0xff, 0xff, 0xff, 0xff,
    0xff, 0xff, 0xff, 0xff, 0xff, 0xff, 0xff, 0xff, 0xff, 0xff, 0xff, 0xff,
};
