/**
 * generated by fontconvert.py
 * name: baijamjuree_22_regular
 * size: 22
 * mode: 2-bit  compressed: true
 * Command used: ../scripts/fontconvert.py baijamjuree_22_regular 22 /Users/nakarinkochapond/Downloads/Books/Books/Bai_Jamjuree,Itim,Mali/Bai_Jamjuree/BaiJamjuree-Regular.ttf --additional-intervals 0x0E00,0x0E7F --2bit --compress
 */
#pragma once
#include "EpdFontData.h"

static const uint8_t baijamjuree_22_regularBitmaps[28933] = {
    0xCD, 0x59, 0x4D, 0x6E, 0xEC, 0xC6, 0x11, 0x6E, 0x92, 0xCE, 0x63, 0x60, 0x22, 0xE0, 0x01, 0xB4,
    0xA0, 0x6F, 0xC0, 0x2C, 0xB2, 0x27, 0x81, 0x5C, 0xC1, 0x87, 0x30, 0xE2, 0x45, 0x4E, 0x10, 0x34,
    0x81, 0x5C, 0x40, 0x37, 0xF0, 0xC6, 0x8B, 0x1C, 0x20, 0xDB, 0x37, 0x24, 0x90, 0x45, 0x96, 0x61,
    0xD6, 0x5E, 0x98, 0x86, 0x7D, 0x00, 0xC2, 0xA0, 0x11, 0x2A, 0x60, 0xB3, 0x5D, 0xF5, 0x7D, 0xCD,
    0x21, 0x47, 0x9A, 0x91, 0x9F, 0x5E, 0x24, 0x23, 0x23, 0xA1, 0xAB, 0xC5, 0x69, 0x56, 0xD7, 0xEF,
    0x57, 0xD5, 0x2D, 0x6B, 0xEC, 0x0B, 0x7E, 0xB6, 0x4F, 0x65, 0x7C, 0xA7, 0x3F, 0x95, 0x71, 0xC9,
    0xF4, 0xCC, 0xAF, 0x29, 0x3A, 0xFD, 0xFD, 0x58, 0xE2, 0xF1, 0x59, 0x2E, 0xC9, 0xFF, 0x15, 0x4F,
    0x93, 0xF7, 0xE6, 0xF6, 0x78, 0xE7, 0xFD, 0x60, 0x22, 0xD9, 0x60, 0x35, 0xA9, 0xEE, 0xD3, 0x15,
    0xB3, 0x31, 0xE5, 0x58, 0xC9, 0x8B, 0xE9, 0x54, 0xD5, 0xC6, 0xC4, 0x4B, 0x25, 0xCB, 0xA2, 0x05,
    0x96, 0xE5, 0xF8, 0xB9, 0x0D, 0x16, 0xC6, 0xD8, 0xE8, 0x58, 0x0E, 0xE0, 0xB8, 0xCA, 0x0B, 0x26,
    0xF1, 0xFE, 0x6B, 0x21, 0xD6, 0x7B, 0x61, 0xF5, 0xAE, 0xF5, 0x5E, 0x57, 0x7C, 0xE9, 0x47, 0x5D,
    0x71, 0xB7, 0xE8, 0x18, 0xAD, 0x78, 0xB5, 0xC5, 0x48, 0x66, 0xD6, 0x1D, 0x46, 0x7C, 0x61, 0xAD,
    0x32, 0x3B, 0xA9, 0x24, 0xB1, 0x53, 0xA9, 0x8A, 0x05, 0x12, 0x8E, 0x2A, 0xAD, 0xF0, 0x14, 0xC9,
    0x7F, 0x78, 0x46, 0xBB, 0x4F, 0x9B, 0x2D, 0x12, 0x52, 0x91, 0x2D, 0x6A, 0x75, 0xCB, 0x5C, 0x78,
    0xE5, 0xA2, 0xA3, 0xF0, 0x92, 0x6F, 0x2B, 0xAF, 0x32, 0xA9, 0x16, 0xB6, 0x49, 0x85, 0xFF, 0x09,
    0x22, 0xC5, 0x22, 0xA1, 0x0A, 0xE9, 0x94, 0xC4, 0x33, 0x67, 0xCE, 0x24, 0xE3, 0x36, 0xCB, 0x86,
    0x6D, 0xA6, 0xEC, 0x38, 0x2B, 0x9B, 0x6D, 0x06, 0xA3, 0x60, 0x76, 0x32, 0x7F, 0xFA, 0x9A, 0xB3,
    0x25, 0xF3, 0xBE, 0xD6, 0x59, 0x3C, 0x97, 0xDE, 0xF7, 0xCA, 0x39, 0x19, 0x6D, 0x93, 0x8F, 0xBA,
    0x5B, 0xD6, 0xAF, 0x26, 0x99, 0x55, 0x82, 0xBC, 0x5B, 0xD4, 0xDA, 0x22, 0x55, 0x59, 0x2F, 0x62,
    0x71, 0x91, 0xB4, 0xAF, 0x22, 0x9D, 0x45, 0xE2, 0x9D, 0xF7, 0x98, 0xC1, 0x09, 0xDB, 0x2C, 0x99,
    0xB6, 0x59, 0x3A, 0x6E, 0xB3, 0xBC, 0xDF, 0x66, 0x45, 0xB7, 0xCD, 0xAA, 0x7A, 0x9B, 0x59, 0x28,
    0x15, 0xD4, 0xD3, 0x7D, 0x0D, 0x9E, 0xB7, 0x75, 0x36, 0x29, 0x3B, 0xD8, 0x64, 0x50, 0x76, 0x9B,
    0x9D, 0xD4, 0x96, 0xB1, 0x7F, 0x00, 0xBB, 0xCD, 0x9E, 0x2D, 0xBC, 0x9C, 0x61, 0xA5, 0x29, 0x35,
    0x34, 0x85, 0x71, 0x1F, 0x3B, 0x7A, 0xD4, 0x93, 0xB9, 0xBD, 0x46, 0x5A, 0x2C, 0x81, 0xF7, 0xAB,
    0x3A, 0xD5, 0xF7, 0xCA, 0xAE, 0x54, 0xC3, 0xE6, 0x3F, 0x22, 0x48, 0x12, 0x0F, 0xFF, 0x27, 0x1E,
    0x1E, 0x2C, 0xBD, 0xEE, 0x23, 0xDE, 0xD6, 0xBF, 0xD2, 0x35, 0xD3, 0x85, 0xC5, 0x98, 0x2C, 0xE6,
    0x2F, 0x46, 0x82, 0xC2, 0x0B, 0x69, 0x35, 0xFC, 0xDE, 0x8B, 0x22, 0xA6, 0x18, 0x16, 0xDD, 0x20,
    0xFD, 0x09, 0x24, 0x96, 0xC8, 0x83, 0x38, 0x23, 0x48, 0x35, 0x18, 0x6C, 0x39, 0x1A, 0x0D, 0x29,
    0xF9, 0x4E, 0x1E, 0xDC, 0xAD, 0x4E, 0x55, 0xF4, 0x93, 0xF8, 0x40, 0xC3, 0x49, 0x38, 0x96, 0x7E,
    0x32, 0xF9, 0xE0, 0xCE, 0x1F, 0x55, 0x5E, 0x1E, 0x5B, 0xB5, 0x94, 0xD8, 0x4C, 0x8C, 0x25, 0x76,
    0xC9, 0x07, 0x7D, 0x5C, 0x76, 0x1A, 0xF7, 0x92, 0x1E, 0x16, 0xBA, 0x9D, 0xF0, 0xEB, 0x6E, 0xFC,
    0xAE, 0xF8, 0xB6, 0xC5, 0xCA, 0x4A, 0x35, 0xD7, 0x70, 0x11, 0x73, 0x0A, 0x1F, 0xD1, 0x49, 0x78,
    0x0A, 0x67, 0xF5, 0x82, 0xAC, 0x13, 0xF9, 0x84, 0x75, 0x3E, 0x54, 0x81, 0x4A, 0x0E, 0xC2, 0x5D,
    0xE4, 0x62, 0xF9, 0x72, 0x17, 0x5E, 0x96, 0xAF, 0x25, 0x16, 0x53, 0xB2, 0x38, 0xFF, 0x4E, 0xDB,
    0xEF, 0xF6, 0x84, 0x0B, 0x64, 0x25, 0x45, 0x97, 0x77, 0xCB, 0x4D, 0xF4, 0x55, 0xF7, 0x3D, 0xEB,
    0xA5, 0x4A, 0xD5, 0x0C, 0x03, 0x0C, 0xBF, 0x4D, 0xA6, 0xDF, 0x98, 0xF2, 0x8F, 0x53, 0x69, 0xAA,
    0xEF, 0x7F, 0xF2, 0x0A, 0x0F, 0x12, 0x2E, 0xAD, 0x3A, 0x2A, 0x87, 0x71, 0x65, 0x86, 0x67, 0xF8,
    0x16, 0xEB, 0xF0, 0xC6, 0xCE, 0xE0, 0x9C, 0xDB, 0x1F, 0x38, 0x02, 0xE8, 0xBA, 0xE3, 0xF8, 0x52,
    0x0E, 0x61, 0x74, 0xF8, 0x91, 0x3C, 0x49, 0xE6, 0x7C, 0xAA, 0x86, 0xB2, 0xF9, 0xDD, 0xC6, 0x5D,
    0x3F, 0x7B, 0x65, 0x30, 0xE7, 0xB8, 0x56, 0xC5, 0x37, 0x16, 0x88, 0x41, 0xA6, 0x1A, 0xB5, 0x48,
    0xC7, 0x1D, 0x56, 0x5E, 0x67, 0x79, 0x7C, 0x58, 0x9E, 0x1D, 0x96, 0x97, 0x87, 0xE5, 0x44, 0x47,
    0x2C, 0x04, 0x0C, 0x11, 0x82, 0x08, 0x3F, 0x84, 0x1E, 0xC2, 0x4E, 0xC0, 0x61, 0x4D, 0xC8, 0x7B,
    0xF5, 0x8A, 0xE4, 0x50, 0xA2, 0x6A, 0xD6, 0xF9, 0xAC, 0x79, 0x59, 0x0A, 0xE3, 0x7C, 0x54, 0x94,
    0x4E, 0x26, 0x8B, 0xAD, 0x4F, 0x90, 0x17, 0x72, 0x70, 0x74, 0x6F, 0x30, 0x86, 0x5D, 0x5A, 0xEC,
    0xC8, 0xDD, 0x29, 0x09, 0xA5, 0xA2, 0x84, 0xEA, 0x13, 0x87, 0x1A, 0x74, 0xAF, 0x20, 0x6F, 0x0A,
    0x17, 0x79, 0x57, 0x78, 0x67, 0x27, 0xD7, 0xD6, 0xEE, 0xEF, 0x37, 0x33, 0xEA, 0xA3, 0x7E, 0x4B,
    0x2F, 0xB8, 0xA5, 0xB5, 0x63, 0x54, 0x53, 0x69, 0x41, 0x95, 0xDC, 0xF2, 0x9A, 0xE1, 0x92, 0x76,
    0x16, 0xC6, 0x3F, 0xC1, 0x63, 0xEE, 0x30, 0xEE, 0x3E, 0xA4, 0x6B, 0x2C, 0x21, 0x09, 0xF6, 0x86,
    0x6B, 0xAA, 0x11, 0x0F, 0xF4, 0xCB, 0x0C, 0x55, 0xAD, 0x9A, 0xF0, 0x40, 0x3D, 0x93, 0xB9, 0xC3,
    0x0A, 0x7D, 0x90, 0xE2, 0x41, 0x01, 0x3F, 0x56, 0xDD, 0x1E, 0x13, 0xA7, 0x3D, 0x32, 0xC2, 0x88,
    0x40, 0xED, 0x31, 0x0E, 0x1C, 0xD5, 0x4A, 0x0D, 0xE4, 0x5F, 0x58, 0xA9, 0x55, 0x7E, 0xD3, 0x76,
    0xCA, 0xA7, 0xE8, 0x2D, 0x22, 0xE3, 0x84, 0xE8, 0x73, 0x87, 0xD1, 0x3C, 0x1A, 0xF3, 0xE1, 0xAC,
    0x4B, 0xD4, 0xD6, 0x1A, 0x2E, 0x4C, 0xE5, 0x19, 0xA3, 0x27, 0xBE, 0x53, 0xEB, 0x7E, 0x0F, 0x4E,
    0x46, 0x1E, 0xC3, 0x55, 0x9A, 0xA6, 0x7D, 0x1C, 0xB9, 0x23, 0x76, 0x1F, 0x29, 0x89, 0x48, 0x15,
    0xB5, 0x1D, 0x25, 0x54, 0x69, 0x67, 0x43, 0xC9, 0xCF, 0x21, 0x4D, 0xEB, 0x25, 0x18, 0x73, 0x4F,
    0xA0, 0xDF, 0xAB, 0xBE, 0x53, 0x5E, 0x52, 0x0F, 0xC1, 0xD1, 0xC2, 0xFA, 0x16, 0x29, 0xA1, 0xE3,
    0xAA, 0xF6, 0x92, 0xDC, 0xB1, 0x50, 0xC7, 0x22, 0x6B, 0x2C, 0x5A, 0x10, 0x1B, 0x00, 0x56, 0xF3,
    0xD0, 0x42, 0x52, 0x0B, 0x5D, 0x2D, 0x74, 0x65, 0x5F, 0x68, 0x77, 0x08, 0x90, 0x8F, 0xC5, 0xF8,
    0xE1, 0xB0, 0x52, 0x01, 0x90, 0x2E, 0xC6, 0x7A, 0x4F, 0xD6, 0x17, 0x8C, 0x5E, 0xE3, 0x50, 0x39,
    0x4C, 0x18, 0x57, 0x73, 0x0E, 0x0F, 0x53, 0xB2, 0x7F, 0x39, 0xF8, 0xEB, 0xD2, 0xF2, 0x1C, 0xBF,
    0x38, 0xD8, 0x7F, 0xC5, 0xCA, 0x16, 0x9E, 0xD5, 0x2C, 0x2B, 0xFB, 0x72, 0x52, 0x6E, 0x19, 0x38,
    0xC7, 0xD8, 0x85, 0x91, 0xAF, 0x41, 0xDF, 0xC0, 0xC9, 0x33, 0xF1, 0xC1, 0x68, 0x26, 0xB6, 0x9D,
    0xEE, 0x59, 0xF6, 0x2A, 0x5B, 0x3E, 0x58, 0x70, 0xDB, 0xA3, 0xE8, 0x32, 0x26, 0x9D, 0xBC, 0x7C,
    0x6F, 0x5C, 0xA6, 0x11, 0xE8, 0x54, 0xF4, 0xDA, 0x49, 0x0A, 0xB7, 0x9D, 0xBA, 0x38, 0x1F, 0xD1,
    0x37, 0x4C, 0x9A, 0x08, 0xC9, 0xAC, 0x85, 0x3B, 0x5A, 0x3C, 0x10, 0x60, 0xBD, 0x31, 0x12, 0x19,
    0xE0, 0xED, 0x49, 0x25, 0xCF, 0x46, 0xED, 0x21, 0x8B, 0x41, 0x6A, 0x8B, 0xC4, 0x0F, 0x25, 0xA4,
    0xB4, 0x1A, 0xEE, 0xCD, 0xD5, 0xE2, 0x10, 0xF2, 0x11, 0x3D, 0x87, 0x89, 0xD8, 0x3B, 0x20, 0x2B,
    0xD3, 0x69, 0x37, 0x64, 0x71, 0x03, 0x59, 0x8F, 0x40, 0x3C, 0x1F, 0x80, 0x78, 0x38, 0x2C, 0x6F,
    0xF6, 0x08, 0x58, 0x0F, 0x30, 0xFF, 0x04, 0xEC, 0xB3, 0x23, 0x34, 0xDF, 0x68, 0x48, 0xDF, 0x01,
    0xE5, 0x54, 0xA5, 0xD5, 0xD0, 0x03, 0x1D, 0x0A, 0xA9, 0x1D, 0x45, 0x6B, 0x79, 0x79, 0xC2, 0xA6,
    0x22, 0x4A, 0x05, 0xEB, 0x3D, 0x4B, 0xC2, 0x4A, 0x95, 0x55, 0x5B, 0x08, 0xE5, 0xD2, 0x23, 0xDB,
    0x7C, 0x7D, 0xB1, 0x83, 0x34, 0x09, 0xD2, 0xBB, 0x49, 0x48, 0x54, 0x3D, 0xC4, 0xB6, 0xD4, 0xE4,
    0x44, 0xB5, 0x08, 0x4F, 0x81, 0xD4, 0x17, 0x84, 0xEA, 0x5A, 0x9A, 0xAA, 0x35, 0x6C, 0xC2, 0x95,
    0x91, 0x74, 0xE1, 0x80, 0x4F, 0x41, 0xD1, 0xD0, 0x87, 0x6F, 0x8D, 0xF8, 0xBB, 0x2D, 0xBE, 0x96,
    0xAD, 0xFE, 0x3C, 0x00, 0x9F, 0x80, 0xFA, 0xEA, 0xA7, 0x74, 0x82, 0xCF, 0xE7, 0xF5, 0x5C, 0x7F,
    0x6E, 0x8D, 0xAC, 0x51, 0x09, 0xA2, 0x23, 0x5B, 0x74, 0xF3, 0x6A, 0x01, 0x5A, 0xE3, 0x04, 0xF0,
    0xB0, 0xE8, 0xCE, 0xFF, 0x5E, 0x64, 0xE3, 0x07, 0x3A, 0xE4, 0xDA, 0x18, 0xCE, 0x2E, 0x5A, 0x79,
    0xE6, 0x12, 0xA7, 0x19, 0xB5, 0x56, 0x3E, 0x2A, 0x28, 0x87, 0xF8, 0xAA, 0x59, 0x2D, 0x59, 0x39,
    0x2F, 0xBB, 0x82, 0xC7, 0x9F, 0xC3, 0xB7, 0x4B, 0xE2, 0xF5, 0x87, 0x95, 0xF9, 0xEA, 0xE7, 0x6F,
    0x5B, 0xFB, 0x11, 0x2F, 0xE9, 0x2C, 0x67, 0xA9, 0xBE, 0xA8, 0x3F, 0xE1, 0x37, 0x9F, 0x41, 0xB6,
    0xF1, 0x5C, 0x05, 0x22, 0x9C, 0x8A, 0x32, 0x64, 0x7F, 0x3B, 0x9F, 0xA7, 0x16, 0x3D, 0x3D, 0xFA,
    0xDE, 0x12, 0xF6, 0xE0, 0x14, 0x3E, 0x41, 0xD7, 0x6D, 0x7C, 0xBD, 0xCF, 0xCB, 0x63, 0xD3, 0xCC,
    0x13, 0x54, 0x4A, 0x3C, 0x69, 0x19, 0xD7, 0xFC, 0xC3, 0x23, 0x5E, 0x8B, 0xD0, 0x54, 0x43, 0x06,
    0xF4, 0xDE, 0x26, 0x1E, 0x29, 0xDB, 0xF9, 0xB4, 0xC9, 0xE1, 0xA6, 0x7A, 0x8F, 0xD6, 0x11, 0xDA,
    0x27, 0x73, 0x10, 0x0B, 0x7F, 0x50, 0xDC, 0x38, 0xC8, 0xB8, 0xDE, 0x92, 0xD1, 0x1E, 0x65, 0x6C,
    0x77, 0xD3, 0x70, 0x9E, 0xDE, 0xB0, 0xC7, 0xB0, 0xF1, 0xA4, 0x26, 0xD4, 0x8A, 0xFB, 0x92, 0x13,
    0xB8, 0x9A, 0x70, 0x06, 0xBC, 0xDB, 0x4A, 0xFF, 0x84, 0xD8, 0x45, 0x20, 0x4B, 0x19, 0xD2, 0xE0,
    0xA8, 0x9A, 0x16, 0x45, 0x86, 0xC7, 0x43, 0x87, 0x6C, 0xFD, 0x7C, 0xCF, 0xDC, 0x43, 0x03, 0x40,
    0x30, 0x00, 0xD4, 0xB0, 0x8E, 0x97, 0xD3, 0xB9, 0x5A, 0x26, 0x50, 0x2F, 0xA3, 0x85, 0x9F, 0x00,
    0xC8, 0xD3, 0x22, 0x70, 0x2D, 0xC0, 0xC0, 0xBD, 0x7B, 0x3C, 0x56, 0x41, 0x01, 0x8F, 0x43, 0x58,
    0xCA, 0xBE, 0x00, 0xC7, 0x2E, 0xFA, 0x08, 0xA9, 0x97, 0xF9, 0x20, 0x81, 0x48, 0x93, 0x51, 0xF3,
    0x62, 0xA0, 0x1C, 0xAC, 0xCB, 0xE5, 0x9A, 0xF5, 0x02, 0xB3, 0xB5, 0xD8, 0xE0, 0x9B, 0x3E, 0x9E,
    0x5B, 0x30, 0x92, 0x93, 0xE2, 0xC9, 0xE4, 0x53, 0xA4, 0x13, 0x87, 0xEE, 0x1F, 0x13, 0x91, 0xB0,
    0xE0, 0x84, 0xA7, 0x49, 0xC7, 0x42, 0xFB, 0xE2, 0x49, 0x65, 0x36, 0x3E, 0x52, 0xEE, 0x86, 0x64,
    0x76, 0x38, 0x4C, 0x4D, 0x99, 0x54, 0xAE, 0x62, 0x88, 0xFF, 0x2B, 0x08, 0xB2, 0xAA, 0x37, 0xC6,
    0xD6, 0x77, 0x38, 0x83, 0x75, 0x05, 0xCA, 0xFB, 0x9F, 0xDD, 0xDE, 0x1D, 0x9D, 0xAD, 0xA9, 0xAE,
    0x80, 0x5E, 0xEF, 0x34, 0x88, 0xEE, 0xB5, 0x79, 0x21, 0xD6, 0xB0, 0x0E, 0x14, 0x9E, 0x8D, 0xA4,
    0x3C, 0x46, 0x75, 0x3D, 0x37, 0xCE, 0xC1, 0x5F, 0xC2, 0xBE, 0x66, 0xFC, 0x35, 0x8C, 0x3C, 0x70,
    0xCF, 0xBF, 0xA1, 0x8F, 0xFF, 0xC9, 0x5C, 0xF8, 0x2B, 0xBC, 0x57, 0xB1, 0xD7, 0xB6, 0x7C, 0xFF,
    0x3D, 0xC1, 0x91, 0xC0, 0x19, 0xCD, 0xF0, 0x86, 0xE0, 0xBE, 0xF6, 0xDD, 0x52, 0x99, 0x35, 0x2E,
    0x32, 0x1C, 0xAA, 0x34, 0x50, 0x14, 0xFD, 0xE5, 0x89, 0x56, 0x6C, 0xD1, 0x18, 0x87, 0xE9, 0x70,
    0xBA, 0x0E, 0x9E, 0x42, 0x49, 0x8E, 0xD8, 0x76, 0x60, 0x97, 0xAA, 0x46, 0x79, 0x2F, 0x3B, 0x14,
    0x91, 0xBC, 0x43, 0xE9, 0xC9, 0x07, 0x84, 0x5B, 0x3A, 0x22, 0x82, 0x12, 0xDC, 0xC1, 0x84, 0x86,
    0x28, 0xD4, 0x4E, 0x29, 0x5D, 0xCA, 0xE3, 0x9E, 0x2C, 0x5D, 0x68, 0x16, 0x6B, 0x9E, 0x78, 0x7B,
    0x90, 0x9C, 0x07, 0xDF, 0x94, 0x44, 0x64, 0xB9, 0x4D, 0x2E, 0x56, 0xE6, 0x7C, 0xDD, 0x86, 0x3B,
    0xA8, 0xC0, 0x3A, 0x14, 0x5F, 0xBE, 0x90, 0x2E, 0xB4, 0xC9, 0x4A, 0xF2, 0x6C, 0x15, 0xA9, 0x8F,
    0xDF, 0x85, 0x95, 0x2D, 0x48, 0xEC, 0x40, 0xEE, 0x16, 0xB2, 0x1E, 0xE9, 0xCB, 0x0E, 0x71, 0xFD,
    0xC0, 0x62, 0x32, 0xF3, 0x0E, 0x29, 0x34, 0xBD, 0xB2, 0x7B, 0xBA, 0xE2, 0x05, 0xAD, 0xEA, 0x92,
    0xBC, 0x30, 0x8F, 0xAD, 0x61, 0x9E, 0x0A, 0x3D, 0xA2, 0x58, 0xFF, 0x64, 0xCE, 0x69, 0x2C, 0xBA,
    0xB0, 0x6D, 0x31, 0xAF, 0x48, 0x3E, 0x6D, 0xC8, 0x9A, 0x1B, 0xB1, 0x35, 0x15, 0x49, 0x28, 0x44,
    0x03, 0x91, 0x5A, 0x0A, 0xB8, 0x02, 0x24, 0xA4, 0x58, 0x46, 0xD4, 0x2F, 0xA8, 0x12, 0x14, 0xBB,
    0xE2, 0xBF, 0xE6, 0x78, 0x63, 0x91, 0xF3, 0xFE, 0x22, 0xB9, 0xB4, 0x75, 0x7B, 0x69, 0xEB, 0xE7,
    0x4C, 0xFE, 0xB1, 0xC4, 0xDC, 0xF4, 0x58, 0x10, 0x22, 0xA6, 0x48, 0x19, 0x05, 0x94, 0xDE, 0x25,
    0xE4, 0x60, 0xCB, 0x56, 0xB6, 0xDC, 0x15, 0xDB, 0x0E, 0x2E, 0x84, 0xAC, 0x6B, 0xED, 0xE4, 0xCB,
    0x46, 0x46, 0xE4, 0x71, 0xFC, 0xDF, 0x79, 0x1E, 0x0F, 0x5B, 0x88, 0xC0, 0xA1, 0xDC, 0x65, 0xBE,
    0x68, 0x36, 0x5F, 0x73, 0xAF, 0xF5, 0x30, 0xBA, 0x57, 0xD3, 0xE2, 0x38, 0x2A, 0x9E, 0x3E, 0xF0,
    0x76, 0x2E, 0x5C, 0xEF, 0xEA, 0xA9, 0x71, 0x55, 0xE8, 0x63, 0x57, 0xDC, 0x32, 0x58, 0x43, 0xE8,
    0xE6, 0x38, 0x3F, 0x4A, 0xA9, 0x38, 0x99, 0xBD, 0xF7, 0x4F, 0x87, 0x0F, 0xCB, 0x8A, 0x5C, 0xC2,
    0xFB, 0x09, 0xD9, 0xB9, 0x5C, 0x27, 0x27, 0xF6, 0xCB, 0x96, 0x1D, 0x37, 0x84, 0x28, 0x3A, 0x88,
    0x54, 0x75, 0x10, 0xD0, 0x43, 0x5C, 0x69, 0xD6, 0x42, 0xF2, 0x23, 0x7F, 0x7A, 0xE4, 0xCF, 0x83,
    0x79, 0x8B, 0xC8, 0x7F, 0x44, 0x78, 0x48, 0x7C, 0x44, 0xDE, 0x7E, 0xDB, 0x8D, 0xFC, 0xC2, 0xC7,
    0xFC, 0xD2, 0xB5, 0xFE, 0xAF, 0x30, 0xBA, 0xBD, 0x63, 0x0A, 0x17, 0x27, 0xED, 0x39, 0xA2, 0xAA,
    0x5A, 0x7D, 0x29, 0xB1, 0x36, 0x29, 0x0C, 0xA6, 0xB8, 0x06, 0x88, 0x10, 0x8B, 0xDA, 0x8B, 0x99,
    0x00, 0x21, 0x0E, 0xFF, 0x38, 0x00, 0x8E, 0x28, 0xAE, 0x46, 0xC8, 0x68, 0xD6, 0x97, 0x02, 0x38,
    0x28, 0x5D, 0x80, 0x43, 0x09, 0x77, 0x38, 0x73, 0x39, 0xC4, 0x2E, 0xFA, 0x08, 0x19, 0xB5, 0xA4,
    0x3B, 0xDC, 0x3A, 0x3B, 0x34, 0x5E, 0x0E, 0xDD, 0xAC, 0x43, 0xCF, 0xBB, 0xA2, 0x1B, 0xF0, 0x38,
    0x88, 0xFA, 0x41, 0xD7, 0xFB, 0x46, 0xBB, 0xCA, 0x55, 0x81, 0x4B, 0xB9, 0xF1, 0x52, 0x88, 0x45,
    0x93, 0xBB, 0x70, 0x47, 0xE2, 0x5A, 0x4C, 0xAC, 0xA3, 0xC3, 0x2B, 0x5E, 0x05, 0x8D, 0xBB, 0xCC,
    0xF1, 0xFA, 0x16, 0x39, 0xFB, 0x76, 0x23, 0x11, 0x8C, 0x15, 0xB6, 0x3C, 0xA0, 0x59, 0xD1, 0xB1,
    0x3B, 0xAA, 0xBA, 0xD0, 0x7D, 0x77, 0x5B, 0xE7, 0x89, 0xFE, 0x3A, 0x16, 0x3A, 0xA2, 0x6B, 0xC2,
    0x11, 0x5F, 0x9A, 0xB5, 0xCE, 0xE1, 0x5F, 0x0C, 0xDF, 0x76, 0x0E, 0xAE, 0xFE, 0xAA, 0x73, 0x70,
    0x76, 0xD1, 0x39, 0xED, 0x59, 0xDE, 0x0B, 0xD5, 0xE0, 0x58, 0x84, 0xEA, 0x95, 0xF4, 0x24, 0x54,
    0xBA, 0x8C, 0x74, 0xD4, 0xCB, 0x34, 0xA9, 0xDB, 0xBD, 0xD2, 0x93, 0xEC, 0xAA, 0xB4, 0x92, 0x18,
    0x51, 0x5A, 0x36, 0x16, 0x97, 0x6D, 0x1A, 0x49, 0x4A, 0xB3, 0xEF, 0x16, 0xD0, 0xE4, 0x3F, 0x23,
    0x68, 0x24, 0xA2, 0xE0, 0x32, 0xCE, 0x77, 0xA4, 0xB6, 0x21, 0xAD, 0xC2, 0x25, 0xDD, 0x27, 0xDB,
    0x65, 0xDD, 0x4B, 0xE8, 0x1A, 0x92, 0x3C, 0x90, 0x8E, 0x64, 0x20, 0x19, 0x49, 0xF8, 0x9F, 0x13,
    0xC7, 0x7F, 0x56, 0x38, 0x5E, 0x42, 0x39, 0x0D, 0x6B, 0x21, 0xDA, 0xA9, 0x09, 0x49, 0xD1, 0xEB,
    0x39, 0xBD, 0x44, 0xD0, 0xD4, 0x5D, 0x49, 0x2C, 0x09, 0xAE, 0xD3, 0x9D, 0x9E, 0xD1, 0x95, 0xC8,
    0x52, 0x25, 0xF1, 0xC2, 0x24, 0x5F, 0x49, 0x2C, 0x89, 0x26, 0x8D, 0x23, 0x10, 0x6A, 0x06, 0x8C,
    0x20, 0x72, 0x78, 0x45, 0xFC, 0xAD, 0x24, 0x96, 0xA4, 0x64, 0x50, 0xE6, 0x24, 0x29, 0x49, 0x1C,
    0xA0, 0x29, 0x10, 0x39, 0x6C, 0x07, 0xFC, 0xAF, 0x00, 0x9A, 0x80, 0xD0, 0x59, 0x00, 0xB5, 0xD6,
    0x3B, 0x4A, 0xC2, 0x6B, 0x1D, 0xC0, 0x36, 0xE0, 0x7F, 0xFB, 0x14, 0xFF, 0x93, 0x40, 0xA6, 0x37,
    0x20, 0xDB, 0x46, 0x61, 0xDB, 0x20, 0xC4, 0x05, 0xFE, 0xD7, 0x28, 0x57, 0xEB, 0x26, 0x7C, 0x50,
    0x25, 0xE0, 0x3F, 0x9F, 0x1D, 0xB0, 0x19, 0x28, 0x52, 0xF0, 0x52, 0xEC, 0x70, 0x91, 0xF0, 0x82,
    0x0B, 0xEE, 0x70, 0xF1, 0x00, 0xAB, 0x12, 0x99, 0xC6, 0x43, 0xFD, 0xC7, 0x5E, 0x3F, 0xBC, 0x7A,
    0x7D, 0x7E, 0xE2, 0x1F, 0x51, 0x38, 0x9F, 0xAE, 0xF8, 0xC7, 0xFE, 0x2A, 0xFE, 0xF9, 0x3D, 0x79,
    0x2E, 0xF0, 0x4F, 0xE4, 0xE9, 0x1F, 0xFB, 0x2F, 0xD4, 0xE7, 0xDC, 0xF7, 0x8A, 0xA3, 0x02, 0x06,
    0x6C, 0xC0, 0xE1, 0x9F, 0xCC, 0xF7, 0x71, 0x38, 0x1B, 0x68, 0x7D, 0xFE, 0x87, 0x63, 0x7F, 0x1B,
    0x94, 0xFC, 0x43, 0x38, 0xBA, 0xFD, 0x0C, 0xD5, 0x58, 0x3D, 0xB2, 0xE3, 0xC6, 0x11, 0x1E, 0x00,
    0x55, 0x8B, 0x00, 0x01, 0x12, 0x29, 0x52, 0x80, 0xDC, 0x09, 0x6E, 0xE0, 0x81, 0x4A, 0x07, 0x90,
    0x02, 0xE5, 0x3E, 0x80, 0x83, 0x3D, 0x81, 0x1E, 0x58, 0x4E, 0x9D, 0xEC, 0x0D, 0x9C, 0x38, 0x50,
    0xE6, 0x0B, 0xEC, 0x12, 0xE3, 0x72, 0xA8, 0xC0, 0x28, 0xFB, 0x02, 0x70, 0x59, 0x99, 0x03, 0xC3,
    0x65, 0x96, 0xC5, 0x57, 0xC6, 0x60, 0xFC, 0x7D, 0x5F, 0x03, 0x5C, 0x72, 0xA5, 0x95, 0x96, 0xAA,
    0xB7, 0xB6, 0xFC, 0x1E, 0x39, 0x03, 0x92, 0x33, 0x3D, 0x3D, 0xDD, 0x5F, 0xFF, 0xA6, 0x94, 0xD2,
    0xD9, 0xB9, 0xC4, 0xBF, 0xCE, 0xA6, 0xC9, 0x45, 0xE7, 0x5C, 0x73, 0xD2, 0x54, 0x2C, 0x9A, 0x32,
    0x9B, 0xDC, 0x36, 0xC5, 0xEF, 0x99, 0x6E, 0x36, 0xE4, 0x36, 0x95, 0x46, 0xAC, 0x1F, 0xAF, 0x0F,
    0xDA, 0x8E, 0x3D, 0x71, 0xA7, 0x2B, 0xA3, 0x26, 0x37, 0x74, 0x9A, 0xDA, 0xA0, 0xA9, 0x1E, 0x35,
    0x55, 0xC6, 0x52, 0x39, 0x1B, 0x4B, 0x1B, 0x67, 0xE7, 0x1B, 0xCE, 0xB6, 0xD3, 0x57, 0x9B, 0x06,
    0x9B, 0x7A, 0xE7, 0x3E, 0x4A, 0xE9, 0x6B, 0x97, 0xF1, 0x20, 0x57, 0x72, 0x0C, 0x35, 0xCE, 0x6D,
    0x67, 0x1F, 0xC8, 0x95, 0xEF, 0xC8, 0xA2, 0x17, 0x99, 0x5E, 0xCC, 0x6B, 0xFC, 0x5C, 0xA3, 0xF3,
    0x36, 0x1E, 0x38, 0xB6, 0x13, 0xC7, 0x7A, 0xED, 0x78, 0x72, 0x4A, 0xBF, 0x25, 0x71, 0x5D, 0xE1,
    0xD9, 0x90, 0x12, 0x57, 0xFC, 0x32, 0xCD, 0x5C, 0xF1, 0xD1, 0xC2, 0x31, 0x5B, 0x9D, 0x71, 0xB1,
    0x31, 0xC1, 0x31, 0x5E, 0x8D, 0xFA, 0xA1, 0xEF, 0x49, 0x6C, 0x20, 0x27, 0x79, 0x24, 0x57, 0xCD,
    0x22, 0x0E, 0x67, 0x89, 0xE5, 0x60, 0x9C, 0xA7, 0x6F, 0xFD, 0x49, 0x2A, 0xEE, 0xFF, 0x65, 0xD4,
    0x7D, 0x9B, 0xF0, 0x93, 0x9F, 0x8E, 0x52, 0xF2, 0x41, 0xBA, 0xF2, 0x9D, 0x74, 0x3E, 0xB8, 0x66,
    0xA2, 0x6A, 0x5C, 0x1D, 0xA9, 0x1B, 0xAA, 0x9D, 0xCA, 0x71, 0x83, 0xB4, 0xE3, 0x9E, 0x51, 0x3D,
    0x4E, 0x8A, 0xCE, 0x0D, 0x36, 0x85, 0xF0, 0x04, 0x98, 0xB6, 0x07, 0x81, 0xB6, 0x09, 0x12, 0x82,
    0x84, 0xD1, 0x84, 0x6A, 0x16, 0x98, 0x0A, 0x4D, 0x1D, 0xD0, 0x4B, 0x64, 0xE4, 0x8B, 0x30, 0xEB,
    0x16, 0x19, 0x0E, 0x9F, 0xF8, 0x4D, 0x2F, 0x90, 0x63, 0x15, 0x21, 0x0F, 0xAE, 0x68, 0x00, 0xA0,
    0x20, 0x81, 0xE2, 0x4D, 0xBA, 0xF8, 0x86, 0xA7, 0x80, 0x9A, 0x37, 0x93, 0xE8, 0x6F, 0xAC, 0x54,
    0x28, 0x3C, 0xE6, 0x67, 0xE1, 0x8C, 0xB4, 0x40, 0xED, 0x13, 0x01, 0xB4, 0xFD, 0xB5, 0x90, 0xDC,
    0xFC, 0x31, 0x48, 0x45, 0x7F, 0xD7, 0x54, 0xA5, 0x4E, 0x17, 0x48, 0x82, 0x6A, 0x6E, 0xE8, 0x35,
    0x93, 0xB5, 0x47, 0xCC, 0x3C, 0xE7, 0x03, 0x7B, 0xEA, 0xCC, 0x36, 0x8E, 0xB2, 0x8D, 0xE1, 0xC0,
    0x95, 0x64, 0x26, 0x05, 0x3E, 0x91, 0x3B, 0x3E, 0x2D, 0xAE, 0x0E, 0x30, 0xBC, 0x91, 0x5C, 0x81,
    0xE9, 0xE2, 0x9F, 0x93, 0x03, 0x3F, 0x7C, 0xFA, 0xEB, 0x4C, 0xE3, 0xC5, 0x0D, 0xCA, 0x3F, 0x9D,
    0xC8, 0x3A, 0x2E, 0x59, 0x85, 0x33, 0xEF, 0x82, 0xA7, 0x3A, 0x2C, 0x9C, 0xF0, 0xA1, 0xE9, 0x5E,
    0xEA, 0xE9, 0xE4, 0x5A, 0xF7, 0xC0, 0xE5, 0xD8, 0xEE, 0xF1, 0x0F, 0x12, 0x78, 0x7A, 0xC0, 0xB7,
    0x3C, 0x60, 0x71, 0x2F, 0xB1, 0xB2, 0x0E, 0x76, 0xEB, 0xFA, 0xD0, 0x88, 0x09, 0x1C, 0x14, 0xC8,
    0x52, 0xCC, 0x4F, 0xAE, 0x1A, 0xC9, 0xF0, 0x11, 0x14, 0x8B, 0x89, 0x4F, 0x7D, 0x31, 0x81, 0x3C,
    0x2F, 0xE0, 0x4B, 0x90, 0x9A, 0x79, 0x45, 0x4F, 0x52, 0xE7, 0x07, 0x3E, 0x7D, 0x8A, 0x6D, 0x0B,
    0xE1, 0xD0, 0xFE, 0x06, 0x8B, 0x5F, 0xCA, 0x17, 0xFE, 0x0E, 0xC3, 0x17, 0x94, 0x69, 0x43, 0x09,
    0x79, 0x3E, 0x11, 0x14, 0xDB, 0x93, 0x7E, 0xA0, 0xA8, 0x4B, 0x7D, 0xA4, 0x98, 0x25, 0x79, 0xAA,
    0xAB, 0x19, 0xE5, 0xFE, 0xF4, 0x65, 0x3D, 0x4B, 0xEB, 0x6D, 0xC8, 0x24, 0xD9, 0x4E, 0xFE, 0x01,
    0xB2, 0x86, 0x07, 0x80, 0x9B, 0x25, 0xDA, 0x2A, 0x68, 0x0A, 0xEF, 0x7A, 0x92, 0xE3, 0xA5, 0x67,
    0xC0, 0xEF, 0x72, 0x16, 0xC3, 0xC7, 0x52, 0x8A, 0xFF, 0x83, 0x34, 0x5B, 0xFF, 0x4D, 0xBA, 0x2C,
    0x93, 0xEC, 0x2C, 0x97, 0x03, 0x82, 0xD4, 0x35, 0x66, 0xBB, 0x2E, 0x4D, 0xC1, 0xE6, 0x96, 0xDA,
    0x3F, 0x1B, 0x14, 0x7E, 0x15, 0x6D, 0x61, 0x32, 0xDF, 0x4C, 0xFD, 0xC1, 0x37, 0x93, 0x49, 0x70,
    0x48, 0x84, 0xC2, 0xF1, 0x92, 0x49, 0x30, 0x47, 0x26, 0x57, 0x99, 0x01, 0x99, 0x03, 0x33, 0x64,
    0x0E, 0x4C, 0x92, 0x39, 0x2C, 0x15, 0x73, 0xC5, 0x22, 0xE6, 0x8A, 0x45, 0x06, 0x53, 0xCE, 0xBA,
    0x6D, 0x3D, 0x09, 0xEA, 0x6D, 0x10, 0xEE, 0x7C, 0x27, 0x8C, 0x27, 0x11, 0xCB, 0x16, 0x91, 0xE6,
    0x09, 0x38, 0x88, 0xCB, 0x20, 0x23, 0x8A, 0x09, 0x8F, 0xF8, 0x82, 0x3F, 0x6C, 0x38, 0xD6, 0x6D,
    0x07, 0x6D, 0x05, 0x72, 0x05, 0xE0, 0xF6, 0xAB, 0xD9, 0x6E, 0x14, 0xEC, 0xEE, 0x07, 0xBB, 0xFB,
    0x6B, 0xAC, 0xBE, 0x8F, 0xC9, 0xD3, 0xE8, 0x97, 0xAB, 0x51, 0xAC, 0x34, 0xB2, 0x21, 0x89, 0xC0,
    0x49, 0xDC, 0xE6, 0xF0, 0x25, 0x28, 0x29, 0xF1, 0x76, 0xC9, 0xF0, 0x8E, 0x4B, 0x4C, 0x83, 0xD7,
    0x4B, 0x84, 0x9B, 0x6D, 0x49, 0xFF, 0xE6, 0x92, 0xF2, 0x6A, 0x49, 0x6B, 0x4B, 0xE4, 0xA2, 0xD2,
    0xD5, 0xE8, 0x9E, 0x87, 0x32, 0x85, 0x26, 0x05, 0x3F, 0x12, 0x48, 0xAB, 0x6E, 0xF5, 0xFE, 0x5E,
    0xAB, 0x82, 0x1E, 0xCE, 0xC2, 0x89, 0x38, 0xD7, 0x0D, 0xC1, 0x82, 0xA8, 0x3C, 0x22, 0xED, 0xD5,
    0xA2, 0xB9, 0x93, 0xE7, 0xDA, 0xED, 0xC4, 0xDC, 0x1F, 0xFD, 0xC9, 0xEB, 0xA8, 0xFB, 0x93, 0xDC,
    0xD0, 0x1F, 0xDC, 0x70, 0x76, 0xC3, 0x2A, 0x1B, 0x83, 0x52, 0xE8, 0x92, 0xC3, 0x06, 0xE1, 0xA7,
    0x7F, 0x89, 0x3E, 0x4E, 0x19, 0xBA, 0x3E, 0xE9, 0xDC, 0x17, 0xCE, 0xBC, 0x2D, 0x40, 0x30, 0x0A,
    0xFA, 0xE4, 0xB7, 0xF8, 0x86, 0x28, 0xA8, 0xFE, 0x22, 0xD7, 0xA3, 0x68, 0xE6, 0x15, 0xC5, 0x7A,
    0x19, 0xF7, 0x4A, 0x1A, 0x74, 0xC0, 0xD3, 0xEE, 0x68, 0xE5, 0x7B, 0x69, 0x72, 0x8B, 0x30, 0x33,
    0x98, 0x37, 0xEF, 0xBE, 0x9D, 0x67, 0xF4, 0x5D, 0x1B, 0xEA, 0xB1, 0x9C, 0xB1, 0x6F, 0x81, 0xB7,
    0x7D, 0x8E, 0x64, 0x87, 0x11, 0xF0, 0x50, 0x33, 0x45, 0x44, 0x3A, 0x54, 0x33, 0xDA, 0x15, 0x4C,
    0x9E, 0xB2, 0xE5, 0x22, 0xB0, 0x2D, 0x15, 0x1B, 0xD2, 0x8B, 0x58, 0xA5, 0xB4, 0xC6, 0x16, 0x8B,
    0x23, 0xD2, 0xBE, 0x26, 0x02, 0x16, 0x59, 0xE4, 0xCF, 0x97, 0x41, 0x1F, 0x8B, 0xC8, 0x84, 0x26,
    0xF6, 0x01, 0xA9, 0x11, 0xEC, 0x6B, 0xE1, 0xB6, 0x39, 0x66, 0x43, 0xEA, 0x62, 0xBC, 0xB2, 0xC5,
    0x3B, 0xC6, 0x32, 0x3D, 0x62, 0x04, 0xAD, 0xE0, 0x56, 0xCB, 0xA6, 0x10, 0x6B, 0x16, 0x86, 0x24,
    0x78, 0x34, 0x1A, 0xEB, 0x20, 0x1B, 0xEA, 0xCD, 0xBC, 0x6D, 0xEC, 0xDE, 0x79, 0xDC, 0xF6, 0x92,
    0x4E, 0xDA, 0x69, 0x8A, 0x7E, 0xD4, 0x59, 0x76, 0x6E, 0x7C, 0x46, 0x1E, 0x5C, 0x8B, 0x31, 0xC7,
    0xD7, 0x23, 0x45, 0x76, 0x6A, 0x11, 0xDE, 0xE4, 0x27, 0x57, 0xFA, 0xCC, 0x61, 0xBD, 0x64, 0x83,
    0x3F, 0x3C, 0x7C, 0xA8, 0x78, 0x21, 0x67, 0xAC, 0x90, 0x01, 0x1C, 0xE6, 0x0B, 0x54, 0x50, 0x9D,
    0x49, 0x79, 0xE6, 0x19, 0x41, 0xA7, 0x59, 0xF6, 0x72, 0xF7, 0xD8, 0xA6, 0xAF, 0x7D, 0x87, 0x1C,
    0x79, 0xF5, 0x5D, 0xA5, 0xFC, 0x1C, 0xC9, 0x7F, 0x93, 0x3A, 0x60, 0x2F, 0x4F, 0x5D, 0x2F, 0x1F,
    0x77, 0x94, 0x03, 0xBA, 0x53, 0x58, 0x9D, 0xC5, 0x39, 0x31, 0xDE, 0x0D, 0x0A, 0x4D, 0x10, 0x40,
    0x99, 0x3A, 0xF0, 0xDE, 0xA6, 0x8E, 0xCC, 0x23, 0x3C, 0xD0, 0xB3, 0x76, 0xC0, 0xD7, 0x28, 0x4E,
    0x1E, 0x9D, 0xB3, 0xFB, 0x48, 0x68, 0xAE, 0x3D, 0x31, 0xAA, 0x1A, 0x94, 0x25, 0x37, 0x45, 0x06,
    0x7F, 0xA3, 0x3C, 0xAB, 0x29, 0xAE, 0xC7, 0xEF, 0x06, 0xC7, 0xCF, 0xB6, 0xBD, 0x83, 0x54, 0xD8,
    0x8B, 0xA6, 0xD1, 0xB7, 0xB3, 0xA4, 0x2B, 0xB7, 0x0B, 0x72, 0x80, 0x7C, 0x13, 0xF9, 0x1C, 0xE9,
    0xCF, 0xF6, 0x58, 0x2D, 0x42, 0xDB, 0x9B, 0x6C, 0xEE, 0xEF, 0xEB, 0xEF, 0x9F, 0xE4, 0xDD, 0xA6,
    0xE9, 0x5A, 0x27, 0xC3, 0x7B, 0xD1, 0x89, 0xD1, 0x81, 0x74, 0x0B, 0xE9, 0xA4, 0x31, 0x9D, 0xF4,
    0xD4, 0x49, 0x94, 0x4E, 0xA6, 0x1B, 0xA4, 0x6C, 0x99, 0x60, 0x2B, 0x23, 0x6A, 0x05, 0xFE, 0x5A,
    0xF2, 0xAB, 0x2E, 0xF2, 0x0B, 0x9B, 0xFC, 0xDE, 0x11, 0xD9, 0xDB, 0x40, 0x7B, 0xA1, 0xAF, 0x38,
    0xD0, 0x8A, 0xA6, 0x14, 0x11, 0xFD, 0x20, 0xFA, 0x62, 0x41, 0x8C, 0xCF, 0x16, 0x5A, 0xDC, 0xB2,
    0x5E, 0x7B, 0x8E, 0x27, 0x18, 0x60, 0xC8, 0x81, 0xFF, 0xFE, 0x92, 0xDF, 0xDE, 0xF3, 0x4F, 0xE7,
    0xEC, 0xE7, 0xED, 0x65, 0x21, 0xC4, 0xFE, 0x9A, 0xF0, 0x94, 0x2F, 0x84, 0x28, 0x62, 0xC0, 0xA5,
    0x95, 0x4E, 0x06, 0xC2, 0xB8, 0x4F, 0xAA, 0xCC, 0x0D, 0x22, 0xB3, 0x07, 0x62, 0x15, 0x1F, 0x55,
    0xCB, 0xD7, 0x2C, 0xA2, 0x3D, 0xF1, 0x0A, 0xB9, 0x46, 0x26, 0x12, 0x91, 0x19, 0x44, 0x64, 0x8E,
    0x11, 0x09, 0x7F, 0xD5, 0x38, 0xE9, 0x1B, 0xFC, 0x90, 0x7E, 0xBF, 0x72, 0xE3, 0xC0, 0x73, 0xDB,
    0x71, 0xDF, 0x2B, 0x2A, 0x99, 0xEA, 0xEC, 0xFE, 0x80, 0xA1, 0x1D, 0xF7, 0x83, 0x8A, 0x25, 0xBA,
    0x1F, 0xF3, 0xBF, 0x2A, 0xC4, 0xB5, 0x29, 0x4F, 0xF0, 0xFE, 0x63, 0x06, 0xF5, 0xC3, 0x8D, 0x2E,
    0x40, 0x62, 0x88, 0xC4, 0x3F, 0x73, 0x19, 0xD4, 0x37, 0x47, 0xB8, 0x3B, 0xBA, 0xB9, 0x33, 0x7C,
    0x1F, 0xDC, 0x6F, 0x03, 0x2E, 0x09, 0x0D, 0xA6, 0xA3, 0x44, 0x87, 0x8A, 0xCD, 0xF8, 0xBF, 0x9A,
    0xF3, 0x0B, 0x80, 0x87, 0xFF, 0x12, 0x80, 0x61, 0x66, 0xAB, 0xB9, 0xCA, 0x49, 0xE6, 0x77, 0x96,
    0x2B, 0x5B, 0xAD, 0x24, 0x93, 0xB7, 0xF2, 0x87, 0x55, 0x89, 0x61, 0xBC, 0xD4, 0xB9, 0xF7, 0x8C,
    0xB6, 0xD7, 0xE8, 0x18, 0x4D, 0xA3, 0x5F, 0xEB, 0x2C, 0x3B, 0xD7, 0x78, 0xB8, 0x8E, 0xB8, 0x51,
    0x8E, 0x60, 0x8B, 0xB8, 0x23, 0x61, 0x92, 0x0E, 0x7B, 0xC4, 0xF5, 0xD7, 0xAE, 0xFB, 0x9D, 0x62,
    0xED, 0x9B, 0x11, 0x77, 0x65, 0xC4, 0x45, 0x41, 0x8E, 0x23, 0xAA, 0xF3, 0x16, 0xDD, 0x63, 0xCF,
    0x6A, 0x1C, 0xC0, 0x79, 0xFC, 0x11, 0xB9, 0x82, 0x19, 0xAD, 0x5C, 0x6D, 0x7E, 0xEB, 0x6A, 0xEB,
    0xA7, 0x72, 0xB5, 0x5E, 0xAE, 0xB6, 0x67, 0xF8, 0xFB, 0x0E, 0x57, 0x3B, 0xBC, 0xCD, 0xD5, 0xDE,
    0x31, 0x02, 0x7C, 0x80, 0x1E, 0x25, 0x1F, 0x29, 0x73, 0x48, 0x23, 0xDD, 0x9F, 0xE8, 0xBF, 0x91,
    0xDF, 0xF9, 0x3D, 0xBF, 0x3B, 0xF7, 0x7B, 0x6F, 0xEC, 0xCB, 0xFE, 0xD2, 0x0D, 0x6B, 0x1F, 0xD5,
    0x33, 0x58, 0x3F, 0x73, 0x48, 0xD4, 0xA0, 0x18, 0x8C, 0x4C, 0xA0, 0x7F, 0x71, 0xB6, 0xAA, 0xF2,
    0x82, 0x51, 0x61, 0x9E, 0x71, 0x7F, 0x41, 0x04, 0xAD, 0x96, 0x86, 0x0A, 0x2B, 0x15, 0x24, 0x7A,
    0xAA, 0xEB, 0xCB, 0xB7, 0x87, 0xBF, 0x27, 0x0B, 0xAD, 0xEB, 0x56, 0x5B, 0x79, 0xD0, 0x69, 0x88,
    0x9E, 0x14, 0xE2, 0x93, 0x5A, 0xE2, 0x96, 0xC5, 0x1E, 0xD9, 0xC2, 0x84, 0x84, 0x9A, 0x88, 0xAB,
    0x1E, 0x63, 0xC3, 0x54, 0x16, 0x57, 0x9D, 0x90, 0x0B, 0xAF, 0x1D, 0x15, 0x0C, 0x47, 0xC5, 0x7C,
    0xBB, 0x1E, 0xD9, 0xA0, 0x60, 0x66, 0x4D, 0x59, 0xB2, 0x02, 0xEE, 0x55, 0x77, 0x1C, 0x55, 0x14,
    0x47, 0xE6, 0xD2, 0x4C, 0xA7, 0xA3, 0xCA, 0x90, 0xA3, 0x7E, 0xEA, 0xD5, 0x05, 0xF2, 0x1D, 0xB7,
    0x60, 0x23, 0x89, 0xA8, 0xB7, 0x51, 0x09, 0x31, 0xA5, 0xFA, 0x17, 0xC5, 0xFC, 0x4A, 0xA5, 0x8B,
    0x09, 0x5F, 0x15, 0x8C, 0x55, 0xAA, 0xBD, 0x15, 0x90, 0xD3, 0x5E, 0xEB, 0x50, 0x9D, 0xAC, 0xB3,
    0xB1, 0x15, 0x1F, 0x8B, 0x13, 0xF4, 0x09, 0xBA, 0x6A, 0x59, 0xB5, 0xAC, 0x0E, 0x1A, 0x05, 0xB6,
    0x7A, 0x62, 0x80, 0x3B, 0x59, 0xF3, 0xEA, 0x15, 0x3B, 0x39, 0xA8, 0x90, 0x96, 0x97, 0x70, 0x0B,
    0x60, 0xE5, 0xFC, 0x05, 0x02, 0x53, 0x31, 0xE7, 0x27, 0xCF, 0x3E, 0xD6, 0xA9, 0x98, 0x5B, 0x18,
    0x69, 0x7E, 0x2A, 0xA6, 0x06, 0xC6, 0x92, 0x9D, 0xAB, 0xB1, 0x66, 0x37, 0x6D, 0xC1, 0x1E, 0x8A,
    0x7A, 0xA9, 0x0F, 0xE5, 0x08, 0xB6, 0x5E, 0xB5, 0x5D, 0x31, 0x63, 0x7E, 0xC0, 0xDA, 0x7F, 0x80,
    0x41, 0xFF, 0x73, 0x97, 0xFD, 0x8B, 0x4D, 0x2E, 0x30, 0xFE, 0x6F, 0x36, 0x1E, 0xF0, 0xDB, 0x30,
    0x5B, 0x23, 0xA5, 0x07, 0xBB, 0xF5, 0x49, 0x75, 0xE4, 0x76, 0x77, 0xD5, 0x2A, 0x3E, 0x30, 0x52,
    0x0D, 0xEC, 0x9D, 0xC1, 0xB1, 0x64, 0x0A, 0x45, 0xF0, 0x2D, 0x14, 0xA2, 0x0F, 0xEA, 0x61, 0x4C,
    0xD6, 0xD0, 0x50, 0x77, 0x63, 0x5D, 0x5E, 0x4B, 0xC1, 0xEE, 0xEF, 0xD5, 0x2D, 0xE1, 0x21, 0xC8,
    0x44, 0x29, 0xA3, 0xE2, 0x51, 0x4D, 0xE6, 0x99, 0xB6, 0xD9, 0x8E, 0x8C, 0x80, 0xFE, 0xC0, 0x78,
    0x92, 0x58, 0x5A, 0x03, 0xC8, 0x78, 0xB1, 0xC6, 0x4E, 0x0A, 0x32, 0x70, 0x83, 0x81, 0xFD, 0x9C,
    0xF7, 0x05, 0x9F, 0xEA, 0x02, 0x9F, 0xE1, 0x06, 0x3E, 0x5B, 0x36, 0x1B, 0xF7, 0x1A, 0x2B, 0x5B,
    0x1E, 0xD4, 0x71, 0xEC, 0xD8, 0xBF, 0x46, 0x65, 0x35, 0xD3, 0xAC, 0xC6, 0x52, 0x9D, 0xE1, 0x7E,
    0xEB, 0x18, 0xCF, 0x97, 0x61, 0xDC, 0x6D, 0x36, 0xED, 0xB6, 0xA9, 0xAE, 0x81, 0x9A, 0x38, 0xEA,
    0x19, 0xF4, 0x3B, 0x71, 0xF5, 0xA6, 0xD4, 0xB9, 0x51, 0xDF, 0x52, 0xDE, 0xE5, 0xE8, 0xB6, 0xEA,
    0x4E, 0xA5, 0xF1, 0xD5, 0xA6, 0x9B, 0x33, 0xF0, 0xDB, 0xF3, 0xE0, 0xCA, 0xCD, 0xC2, 0xDE, 0x92,
    0x2C, 0x7F, 0xEF, 0x7B, 0x6B, 0x7F, 0x92, 0x3F, 0xB2, 0x47, 0xFD, 0xAB, 0xC2, 0xEA, 0xEC, 0x99,
    0xBD, 0x90, 0x7C, 0x79, 0xBD, 0xEE, 0x3E, 0xEB, 0xDF, 0x34, 0xDF, 0x82, 0xB7, 0x8A, 0xF9, 0xE9,
    0x10, 0xE2, 0x3D, 0x7F, 0xAC, 0x13, 0x50, 0x7D, 0x43, 0x11, 0x5B, 0x6F, 0x4D, 0x30, 0x08, 0x66,
    0x4E, 0x5B, 0x47, 0xF6, 0x87, 0xDF, 0x93, 0xC9, 0x96, 0x42, 0x16, 0x91, 0x5E, 0x78, 0xD6, 0x33,
    0xBF, 0x53, 0x2B, 0x6C, 0xBA, 0x83, 0xDE, 0xC6, 0x03, 0x79, 0x01, 0x89, 0x1E, 0xBC, 0x0D, 0x34,
    0x86, 0x17, 0x24, 0xFF, 0xC2, 0x65, 0x9F, 0xD5, 0x74, 0xE7, 0x33, 0xE3, 0x73, 0x39, 0xFB, 0xC3,
    0x00, 0x4F, 0xC3, 0x76, 0x76, 0x33, 0xAE, 0x4C, 0x16, 0x60, 0x97, 0xA8, 0x2C, 0xDC, 0xE7, 0x8E,
    0xD9, 0xD4, 0x7F, 0x00, 0xE5, 0x59, 0xBD, 0x92, 0xDC, 0xC6, 0x11, 0x6E, 0x00, 0xE5, 0x5B, 0x15,
    0x37, 0x80, 0x13, 0x07, 0x22, 0x03, 0xC4, 0x66, 0x02, 0x07, 0x0E, 0x65, 0x0E, 0x68, 0x87, 0x4E,
    0x14, 0x30, 0xB7, 0x02, 0x05, 0xB6, 0x13, 0xFA, 0x01, 0x7C, 0x07, 0x94, 0xF5, 0x02, 0x7C, 0x04,
    0xBB, 0xCA, 0x01, 0x7D, 0x89, 0xF5, 0x02, 0x5C, 0xC0, 0x66, 0xA0, 0x50, 0xC8, 0x9D, 0xA0, 0x8A,
    0x8C, 0xE8, 0x40, 0x70, 0x69, 0x83, 0x55, 0x11, 0xD8, 0xF1, 0xF7, 0x75, 0xCF, 0x2C, 0xB1, 0xF7,
    0x27, 0x9E, 0x29, 0x97, 0xAA, 0x28, 0xDC, 0x61, 0x7A, 0x0E, 0xC0, 0xF4, 0x74, 0xF7, 0x7C, 0xFD,
    0x33, 0x73, 0x4E, 0x7C, 0xC7, 0x1F, 0x27, 0xF1, 0xAA, 0x6F, 0xF5, 0x23, 0x32, 0xCB, 0xD5, 0xCD,
    0x63, 0xBF, 0x93, 0xD4, 0x7B, 0xDF, 0xE4, 0x68, 0x86, 0x72, 0x90, 0x62, 0xEB, 0x1A, 0xC9, 0xA6,
    0x56, 0x24, 0x99, 0xF6, 0xF8, 0x60, 0xBA, 0x6E, 0xE4, 0x85, 0xE6, 0xD1, 0x1C, 0x3F, 0xE6, 0xD8,
    0x74, 0xAA, 0x2B, 0xC9, 0x76, 0x0E, 0xFC, 0x46, 0x72, 0xEE, 0x33, 0x34, 0x95, 0xCE, 0x76, 0x35,
    0x8B, 0xA7, 0x6C, 0xEE, 0x79, 0xCE, 0x98, 0x50, 0x12, 0x91, 0x15, 0xC8, 0x24, 0x92, 0x6F, 0x25,
    0xC5, 0x53, 0xD7, 0x89, 0x80, 0x2F, 0xB8, 0x0A, 0xE4, 0x43, 0x4F, 0xCA, 0x4E, 0xF8, 0x75, 0xD1,
    0x29, 0x83, 0x1F, 0x55, 0xC6, 0x47, 0xDE, 0x9E, 0x80, 0xBF, 0xEF, 0x2E, 0x92, 0x5B, 0x73, 0xB9,
    0x96, 0x35, 0xD8, 0x1D, 0x93, 0x0F, 0xF4, 0xD5, 0x13, 0x07, 0x35, 0x9F, 0xA4, 0x5B, 0xF7, 0x4F,
    0x3C, 0xFB, 0xF5, 0xAE, 0xD0, 0x77, 0xC3, 0xCA, 0xBF, 0x84, 0x71, 0x1A, 0x6A, 0x9A, 0x7A, 0x18,
    0x8E, 0x2B, 0xDC, 0xE4, 0xA3, 0xAA, 0x99, 0xF7, 0x20, 0xF9, 0x50, 0x50, 0xBA, 0xF5, 0x58, 0x36,
    0x20, 0xAB, 0xD1, 0xC1, 0x10, 0x92, 0x05, 0xB2, 0x3D, 0x22, 0xF1, 0x93, 0xD2, 0x06, 0xE4, 0x9D,
    0x0E, 0x0F, 0xCC, 0x56, 0xC6, 0x3A, 0x4C, 0xC4, 0x69, 0x4B, 0xDF, 0x04, 0x21, 0x82, 0x48, 0x41,
    0x40, 0x13, 0xF7, 0x63, 0xE5, 0x29, 0x7B, 0x65, 0x96, 0x4E, 0xF9, 0xA0, 0x13, 0xAD, 0xB6, 0xE4,
    0x39, 0xA6, 0x93, 0x2D, 0x00, 0xD7, 0x01, 0xAB, 0x42, 0x9C, 0xB5, 0xB6, 0x54, 0x30, 0x03, 0xC4,
    0xCE, 0x26, 0x0A, 0x00, 0x51, 0x84, 0x2A, 0x71, 0x6C, 0x32, 0x89, 0x72, 0xF2, 0xA2, 0x7C, 0x5D,
    0xE5, 0xC9, 0xBD, 0xFC, 0x07, 0x19, 0x49, 0xFE, 0x82, 0xC2, 0x41, 0xA8, 0x31, 0x9A, 0xB0, 0x8B,
    0xE4, 0xFC, 0xDC, 0x9F, 0x9F, 0x37, 0x8A, 0xFB, 0x00, 0xFF, 0x4B, 0xE4, 0x78, 0x80, 0x8F, 0xEB,
    0x79, 0xFD, 0x00, 0x23, 0xF3, 0xE5, 0x2B, 0xB8, 0xD8, 0x55, 0x6F, 0x1E, 0xFB, 0x6F, 0x44, 0xFD,
    0xA5, 0x13, 0xC2, 0x7A, 0x94, 0x62, 0x90, 0xF5, 0x8E, 0xCA, 0xC3, 0x16, 0x54, 0xC9, 0xDA, 0xA7,
    0xA6, 0x9E, 0x9A, 0x02, 0x16, 0x0A, 0x6A, 0xBD, 0xD4, 0x96, 0xA4, 0x7C, 0x0D, 0x8F, 0x03, 0x98,
    0xEF, 0xC1, 0x1F, 0x60, 0xBC, 0x7B, 0xB3, 0xE2, 0xC6, 0x6B, 0xEB, 0xAC, 0xAD, 0x5A, 0x6D, 0xDD,
    0x4B, 0xDA, 0xB4, 0xF0, 0x2F, 0xD3, 0x59, 0xE7, 0xDD, 0xD2, 0x4B, 0x54, 0xB1, 0x7B, 0x74, 0x92,
    0xC8, 0x5C, 0x57, 0x82, 0xB3, 0xDF, 0x57, 0x0C, 0x72, 0xF6, 0x99, 0x96, 0x86, 0xBD, 0x8B, 0x51,
    0xD6, 0x93, 0xAC, 0x55, 0x5A, 0x93, 0x1C, 0x4B, 0x0E, 0x2D, 0x4E, 0x25, 0xEF, 0xB0, 0x0C, 0x23,
    0x6F, 0xF6, 0x45, 0x4E, 0xF8, 0xD8, 0xFC, 0x8F, 0xEB, 0xCB, 0x21, 0xBA, 0xB2, 0xDF, 0xE0, 0x0D,
    0x3D, 0x04, 0xF6, 0x2F, 0x47, 0xC9, 0x28, 0xDE, 0x0A, 0x1C, 0xB7, 0xA9, 0xDF, 0x25, 0x7B, 0x58,
    0x00, 0xF0, 0xA9, 0xDA, 0xCA, 0x75, 0x0E, 0xCC, 0x5D, 0x03, 0xC9, 0x2B, 0x3C, 0xEB, 0x6A, 0x48,
    0x00, 0xF4, 0xF5, 0x1B, 0x48, 0xB5, 0x1A, 0xD7, 0xC3, 0x3E, 0x99, 0x14, 0x8F, 0xB3, 0xD2, 0xD5,
    0xB5, 0x34, 0x7E, 0x17, 0xC7, 0x45, 0x3E, 0xC0, 0x4A, 0x55, 0xF4, 0x45, 0x17, 0xE7, 0x41, 0xDF,
    0x7B, 0x69, 0xAB, 0x28, 0x47, 0x94, 0x2B, 0xCA, 0x79, 0x90, 0x3B, 0xEA, 0x11, 0xF5, 0x0A, 0x7A,
    0x9E, 0xC0, 0xF6, 0x25, 0x24, 0xAF, 0xCF, 0xDB, 0x0E, 0x33, 0x0C, 0x8F, 0xE0, 0x39, 0xF4, 0x9E,
    0xE4, 0xFC, 0x57, 0x23, 0x38, 0x8F, 0x35, 0x6E, 0x68, 0x37, 0x4E, 0x78, 0x66, 0x37, 0x65, 0xAA,
    0xF1, 0xFC, 0x35, 0xDE, 0xBF, 0xC0, 0x77, 0xC9, 0xC7, 0x60, 0x53, 0xC9, 0x8F, 0xC1, 0xBA, 0x93,
    0x3F, 0x60, 0xA2, 0x2E, 0x1D, 0xE9, 0x63, 0x80, 0xBC, 0xB4, 0x0D, 0x62, 0x29, 0xD6, 0xAC, 0x6D,
    0x68, 0x28, 0x88, 0x56, 0xF6, 0x6B, 0x4C, 0xDE, 0x56, 0x65, 0xAF, 0x8F, 0xAB, 0xA3, 0xC7, 0xC5,
    0x40, 0xBF, 0x5C, 0x51, 0x0D, 0xC1, 0x5D, 0x37, 0xF4, 0x51, 0x40, 0xEB, 0x86, 0x17, 0x9D, 0x7A,
    0x55, 0x27, 0xF4, 0x95, 0x4E, 0x7E, 0x26, 0x8B, 0xB8, 0xD3, 0x1F, 0x13, 0x7D, 0x93, 0xBF, 0x1B,
    0xB9, 0xD3, 0xF8, 0x78, 0xDD, 0x1E, 0x27, 0xB5, 0x9F, 0x15, 0x27, 0xB0, 0x68, 0x47, 0x9C, 0xD4,
    0x8C, 0x35, 0xC0, 0x49, 0x0D, 0x8B, 0x12, 0x27, 0x35, 0xD6, 0x99, 0x38, 0xA9, 0x0D, 0x27, 0x46,
    0xC7, 0x19, 0x34, 0x1F, 0x56, 0xA4, 0x70, 0x16, 0xA3, 0xB3, 0xBC, 0xA1, 0xFC, 0xCE, 0x55, 0xBA,
    0x26, 0xB0, 0x06, 0x71, 0x82, 0xEF, 0x3B, 0xE2, 0x04, 0x7C, 0x15, 0x27, 0xE4, 0x43, 0x9C, 0xD4,
    0x58, 0x3D, 0xE2, 0xE4, 0xBE, 0x24, 0x7F, 0xB9, 0x3D, 0x4E, 0x0E, 0x8A, 0xA7, 0x4C, 0x92, 0xA3,
    0xF3, 0x53, 0xFB, 0x70, 0x0F, 0x37, 0x3F, 0xFC, 0xE2, 0x4F, 0x3C, 0xC4, 0xAB, 0x94, 0x1C, 0xEB,
    0x45, 0x80, 0x79, 0xDB, 0x76, 0x91, 0x26, 0xBA, 0x18, 0xB8, 0xFE, 0x17, 0x3E, 0x97, 0xAF, 0xCB,
    0x9C, 0x57, 0x08, 0x1B, 0x25, 0x12, 0x6B, 0x7D, 0xBE, 0x67, 0xA0, 0x60, 0xC0, 0x92, 0x47, 0xE2,
    0x34, 0xF0, 0x08, 0x83, 0x11, 0x4D, 0x43, 0x84, 0x01, 0xA2, 0x8C, 0xDF, 0xCC, 0x1B, 0x08, 0x6F,
    0xB2, 0xD1, 0xF0, 0x82, 0x2F, 0xCE, 0xCF, 0x2B, 0xD6, 0x0B, 0xBC, 0x4F, 0x60, 0x27, 0xB8, 0x90,
    0xD4, 0xAF, 0xDA, 0x66, 0x83, 0x45, 0x98, 0xB0, 0x00, 0x8F, 0x34, 0x94, 0xF0, 0x2E, 0x2B, 0x71,
    0xCC, 0xDC, 0xB0, 0xF7, 0x7D, 0x06, 0xB3, 0xA2, 0x91, 0xF0, 0x9E, 0xDF, 0xF1, 0x7B, 0x8C, 0xAB,
    0x4A, 0xD8, 0x9C, 0x7C, 0x64, 0x9F, 0x4E, 0x80, 0x01, 0x02, 0x87, 0xAB, 0xCE, 0x30, 0xBB, 0xF7,
    0x33, 0x17, 0x64, 0x2E, 0xD9, 0xD4, 0x6C, 0x5A, 0x36, 0xFE, 0xC6, 0xA6, 0x3D, 0x7C, 0xAC, 0xC3,
    0x94, 0x81, 0xB2, 0x62, 0x28, 0xFD, 0x2E, 0x1B, 0x77, 0x28, 0xC8, 0xF2, 0xA6, 0x90, 0x07, 0xE2,
    0x06, 0x20, 0x61, 0x03, 0x13, 0xBA, 0x64, 0xD3, 0x4E, 0xED, 0x20, 0xED, 0xDA, 0xD7, 0x7E, 0xE3,
    0x3E, 0x77, 0x72, 0xC3, 0x4F, 0x02, 0xC1, 0x72, 0x06, 0xB3, 0x57, 0x7F, 0x1F, 0x5B, 0xA4, 0xD5,
    0x59, 0x92, 0x1D, 0x6C, 0x3C, 0x5D, 0x77, 0x3F, 0x93, 0x74, 0x57, 0x03, 0xF2, 0x50, 0x6E, 0x58,
    0xB3, 0x9E, 0xFA, 0xFD, 0x5F, 0x2D, 0xFE, 0x48, 0x2F, 0x3F, 0x47, 0xBB, 0x85, 0x24, 0x1A, 0xFE,
    0x9B, 0x10, 0x80, 0xA4, 0x7C, 0xFB, 0xC0, 0x72, 0x39, 0x2A, 0x5D, 0x0E, 0x56, 0x9D, 0x3E, 0xC6,
    0xEB, 0x98, 0xE8, 0x46, 0xF9, 0x68, 0x19, 0x7F, 0xE2, 0xC5, 0xE5, 0xC7, 0x28, 0x42, 0x60, 0xED,
    0x2B, 0x85, 0x56, 0x4D, 0xFA, 0x0C, 0x38, 0xC2, 0x30, 0x46, 0xF8, 0xCF, 0x41, 0xB3, 0xAD, 0xE6,
    0x38, 0x2D, 0x10, 0x48, 0x35, 0xD8, 0x80, 0x6A, 0xA9, 0x03, 0x1A, 0x6A, 0x04, 0xC3, 0xB6, 0x0B,
    0x15, 0x9E, 0xAB, 0x34, 0x41, 0x80, 0xEA, 0x70, 0x50, 0x0C, 0xBF, 0xD3, 0x80, 0x62, 0xB8, 0xC3,
    0x6F, 0x85, 0xE1, 0x2D, 0x29, 0xBE, 0xF4, 0xA4, 0xF0, 0xFF, 0xAF, 0x7A, 0x5D, 0xBA, 0xFC, 0xCB,
    0xDE, 0x6A, 0x10, 0xCE, 0x84, 0xE1, 0xA7, 0xA4, 0x18, 0xBE, 0x23, 0xCD, 0xFB, 0x6C, 0x20, 0x2D,
    0xBA, 0x5C, 0x6B, 0x2E, 0x57, 0x95, 0x2A, 0x51, 0x2B, 0x4E, 0x2B, 0xD1, 0xD9, 0x28, 0x52, 0x6D,
    0x49, 0xAA, 0xB3, 0xE3, 0x3D, 0xA3, 0x3D, 0xA9, 0x95, 0x69, 0xBD, 0xD5, 0x37, 0x28, 0x47, 0xEF,
    0x56, 0x0B, 0x7B, 0xF0, 0x1D, 0x0D, 0x52, 0x68, 0x9C, 0xA9, 0x54, 0x1B, 0x33, 0x09, 0x75, 0xDB,
    0x58, 0xBE, 0x16, 0xF9, 0x24, 0x18, 0x47, 0xDF, 0x47, 0xF5, 0xCC, 0x3C, 0x07, 0xFB, 0xB0, 0xA3,
    0x73, 0x1C, 0x2C, 0xC4, 0xB6, 0x95, 0xA5, 0x8D, 0xD0, 0x09, 0x15, 0x01, 0xAC, 0x84, 0xB8, 0xB4,
    0x63, 0x67, 0x3D, 0xE4, 0xC4, 0x0C, 0xEC, 0xD4, 0x95, 0xAF, 0xDA, 0x8E, 0xFA, 0x35, 0xAE, 0xC9,
    0xD9, 0x21, 0x1A, 0x69, 0xBD, 0x6A, 0x83, 0x02, 0x42, 0x67, 0x09, 0x95, 0x1D, 0x00, 0x67, 0xB5,
    0x9D, 0x26, 0xC7, 0x84, 0xD5, 0xDA, 0x1A, 0xE8, 0x59, 0xEF, 0xC2, 0x22, 0x3B, 0x7E, 0x8B, 0x7A,
    0x53, 0xDF, 0x70, 0x99, 0xB5, 0xBE, 0x64, 0x18, 0x29, 0xF8, 0x86, 0xBA, 0x58, 0x51, 0xBA, 0xB3,
    0xF8, 0xA2, 0xBA, 0x38, 0x26, 0x25, 0x56, 0x83, 0x4C, 0x04, 0x3A, 0x8B, 0x76, 0x38, 0x8B, 0xD6,
    0x32, 0x1A, 0x7D, 0xC1, 0x94, 0xF9, 0x5D, 0x87, 0x39, 0x8D, 0x88, 0x1B, 0x45, 0x64, 0xA7, 0xB2,
    0xED, 0x29, 0x25, 0x65, 0x7B, 0xAA, 0x75, 0xE6, 0x18, 0x40, 0x67, 0x06, 0xC2, 0x37, 0x8A, 0xA0,
    0xD2, 0x87, 0xD9, 0xCB, 0x29, 0xC4, 0x47, 0x3E, 0x09, 0x06, 0xEA, 0xCC, 0xCE, 0x18, 0x65, 0xA3,
    0x31, 0x76, 0x35, 0xA8, 0xF7, 0xE4, 0x3D, 0x38, 0xB5, 0x15, 0xA6, 0xE8, 0xCA, 0x26, 0x09, 0xA5,
    0x8D, 0x64, 0xBE, 0x82, 0x18, 0x08, 0x73, 0x39, 0xCA, 0x10, 0xC4, 0x2C, 0xE0, 0xBF, 0xAE, 0x52,
    0xD4, 0x65, 0x5B, 0x79, 0x16, 0xEA, 0xEE, 0x64, 0xA7, 0x9D, 0x75, 0x1F, 0xCA, 0x73, 0xC0, 0xA8,
    0xB3, 0xF9, 0x69, 0x60, 0x76, 0x1E, 0xC0, 0x03, 0xB4, 0x33, 0x61, 0x18, 0x3B, 0xC9, 0x2E, 0xB3,
    0x70, 0x9F, 0x8D, 0xA1, 0xB3, 0x1A, 0x42, 0x91, 0x96, 0x07, 0x27, 0x90, 0x22, 0x78, 0x81, 0x19,
    0x90, 0x9D, 0x53, 0x76, 0x7E, 0x82, 0xFB, 0xD3, 0x08, 0x30, 0xDB, 0x18, 0x6A, 0x5D, 0x78, 0xD4,
    0x3A, 0xB9, 0xFA, 0xBA, 0x9C, 0x39, 0x0C, 0x40, 0x7B, 0x4D, 0xEC, 0x6A, 0x22, 0x5B, 0xC9, 0x52,
    0x8D, 0xD3, 0x92, 0x59, 0xA6, 0x2F, 0x73, 0x43, 0xA5, 0x1A, 0xBA, 0xAE, 0x0E, 0x63, 0x82, 0x59,
    0x6D, 0x2B, 0x36, 0xAB, 0xF2, 0xB3, 0x42, 0x68, 0xAF, 0x0B, 0xC2, 0x2F, 0xEB, 0x0A, 0xDB, 0xC1,
    0x13, 0xAF, 0x85, 0x33, 0xDC, 0xC7, 0x76, 0x79, 0x8F, 0x35, 0xE5, 0xCA, 0xEF, 0x64, 0x21, 0x44,
    0x44, 0x82, 0x5A, 0x40, 0xCC, 0xC1, 0x24, 0xB8, 0x43, 0x70, 0x0F, 0x91, 0xDF, 0xCA, 0xF5, 0x57,
    0xF8, 0xC4, 0x07, 0x38, 0xA9, 0x94, 0x99, 0x6F, 0xAC, 0x0A, 0x57, 0xA6, 0xF9, 0xBF, 0x54, 0x81,
    0xFC, 0x0B, 0xE5, 0x5D, 0x7E, 0x66, 0x4A, 0x29, 0xD8, 0x61, 0x0F, 0x1D, 0xFF, 0xCC, 0x54, 0x9A,
    0xD4, 0x3E, 0xC9, 0x4E, 0x4D, 0x09, 0x19, 0x4A, 0xF3, 0x05, 0x75, 0xE4, 0x41, 0x01, 0x07, 0x31,
    0xD7, 0x5A, 0x91, 0x29, 0x0E, 0x83, 0xE3, 0x3A, 0x93, 0xB4, 0xB5, 0x4D, 0xAC, 0xD7, 0xD2, 0x22,
    0xB1, 0xFA, 0xC9, 0x5C, 0xAA, 0xCA, 0xC2, 0x86, 0x6C, 0x34, 0xA4, 0x0C, 0x6F, 0x36, 0x79, 0x61,
    0xEB, 0x16, 0xF7, 0x73, 0xBB, 0xDA, 0xF4, 0x5E, 0xD8, 0xD9, 0xCC, 0x65, 0xEB, 0x64, 0xBB, 0x45,
    0x09, 0x51, 0x22, 0x16, 0x6C, 0x45, 0xB3, 0xC0, 0x85, 0xFC, 0xF4, 0x07, 0x6C, 0xAC, 0x39, 0x28,
    0x66, 0x46, 0xFA, 0xCA, 0x34, 0xFA, 0x62, 0x58, 0xE8, 0x60, 0xC2, 0x07, 0xA9, 0x93, 0x3F, 0xCB,
    0x9D, 0xEA, 0x87, 0x8B, 0xAC, 0xE0, 0x80, 0x83, 0xEE, 0x6D, 0xC4, 0x4F, 0x19, 0x47, 0xA7, 0x3B,
    0xF7, 0x9B, 0x5E, 0x43, 0xDC, 0x5A, 0x95, 0x4C, 0xAA, 0x74, 0x2F, 0x37, 0x5E, 0x0F, 0x02, 0x6D,
    0x43, 0x4C, 0x37, 0xDB, 0x48, 0x12, 0x76, 0x23, 0x99, 0x0F, 0x3E, 0xFD, 0xB5, 0xD1, 0xB5, 0xED,
    0xFC, 0x25, 0xB7, 0x83, 0x00, 0x68, 0x6C, 0xC2, 0x94, 0xD5, 0x26, 0xC0, 0xD8, 0x82, 0xD4, 0x59,
    0x48, 0x78, 0xB3, 0x65, 0xC0, 0x64, 0xB2, 0x18, 0x91, 0xDA, 0xE1, 0x02, 0xCD, 0xA3, 0x4A, 0xA3,
    0xB1, 0xEC, 0x3C, 0x98, 0x49, 0xF2, 0xCE, 0xC2, 0x46, 0x69, 0x27, 0x13, 0xCC, 0x27, 0x9A, 0x5A,
    0xEA, 0x40, 0xD5, 0x7A, 0xCD, 0x21, 0xE9, 0x69, 0xEA, 0x64, 0x5A, 0xD9, 0xCA, 0xE1, 0xFC, 0x82,
    0xCD, 0x7A, 0x30, 0x6F, 0x53, 0x17, 0xC3, 0x47, 0x6A, 0xD2, 0x50, 0x6E, 0x31, 0x0C, 0xBE, 0x09,
    0xA7, 0x93, 0x86, 0xE8, 0xCC, 0x2B, 0x50, 0x02, 0x49, 0xEC, 0xE1, 0xCD, 0xD7, 0xE9, 0x12, 0x5F,
    0x89, 0xE1, 0x2B, 0x35, 0xE3, 0x65, 0x46, 0x56, 0xFF, 0x1E, 0x16, 0xF8, 0x2A, 0x9E, 0x1B, 0xCC,
    0x7E, 0xA9, 0xF6, 0x73, 0x16, 0x1C, 0xCF, 0x22, 0xBE, 0x36, 0x36, 0x2D, 0x25, 0x0A, 0xF9, 0x06,
    0xD0, 0x28, 0x35, 0xC9, 0xA8, 0xF0, 0xA1, 0x6A, 0x21, 0xCC, 0x46, 0xCD, 0xB8, 0x9A, 0x9D, 0x2D,
    0xA2, 0xD4, 0x6F, 0xF0, 0x35, 0x47, 0x98, 0xA9, 0x31, 0x5B, 0x4B, 0xB7, 0x5A, 0x76, 0x31, 0x54,
    0xAB, 0x35, 0x58, 0x33, 0xA9, 0xD1, 0x74, 0x5D, 0x72, 0xCB, 0x7F, 0xAB, 0xB1, 0xB6, 0xC0, 0xBD,
    0x8F, 0x47, 0x14, 0x41, 0xA3, 0xDC, 0x96, 0xBF, 0xFC, 0x93, 0x4A, 0xFD, 0x0B, 0xF9, 0x23, 0xC9,
    0x47, 0x5A, 0x4A, 0xC6, 0xBF, 0xCA, 0x87, 0xBB, 0xC5, 0x97, 0xA9, 0x6F, 0xAE, 0x30, 0xD6, 0x1C,
    0xAC, 0x74, 0xEC, 0x8C, 0xDD, 0xD2, 0x19, 0x83, 0xB1, 0x9E, 0x1F, 0x39, 0xE3, 0xC3, 0x69, 0xE1,
    0x8C, 0x1B, 0xB5, 0x92, 0x6E, 0x83, 0xD4, 0x58, 0x6A, 0xA5, 0xAD, 0xC6, 0x4F, 0xE8, 0x99, 0x9B,
    0x33, 0xAE, 0xB5, 0x3C, 0x54, 0xF3, 0xD0, 0x19, 0xB7, 0x9A, 0xA2, 0xD2, 0x50, 0xD3, 0x04, 0x67,
    0x0C, 0x56, 0xF2, 0x47, 0xCE, 0x58, 0x36, 0x0A, 0xA2, 0x22, 0x38, 0x63, 0xAF, 0x30, 0x0D, 0x67,
    0x72, 0x59, 0x70, 0x46, 0xAB, 0x1A, 0x92, 0xC9, 0xE0, 0x33, 0x9B, 0x67, 0x6D, 0xAC, 0x5C, 0x09,
    0x00, 0x35, 0xC4, 0x6A, 0xAF, 0x3D, 0xF4, 0x6C, 0x93, 0x7A, 0x28, 0x98, 0x54, 0xED, 0xAF, 0x63,
    0x2F, 0x7F, 0x11, 0x7B, 0xC5, 0xF3, 0xD8, 0x73, 0x9F, 0xC5, 0x5E, 0x9D, 0xC5, 0xDE, 0x1C, 0x7B,
    0xE9, 0x14, 0x7B, 0xD9, 0x36, 0xF6, 0xD6, 0x63, 0xEC, 0xA1, 0x4A, 0xF2, 0x7A, 0x82, 0x44, 0x8D,
    0x42, 0xAF, 0x96, 0xD8, 0xDB, 0x2F, 0x92, 0x73, 0xE8, 0x81, 0x84, 0xDE, 0x2A, 0x6E, 0xA7, 0x35,
    0xF1, 0x5B, 0xAF, 0x3C, 0xF4, 0x0E, 0x75, 0x2E, 0x35, 0x0E, 0xBD, 0x29, 0xF6, 0x88, 0x43, 0xEB,
    0xE9, 0x61, 0x87, 0xF6, 0x68, 0x41, 0xEB, 0x11, 0xC1, 0x2A, 0x81, 0xA7, 0x01, 0x53, 0xED, 0xB5,
    0x07, 0x13, 0xA1, 0xD2, 0xD0, 0xC3, 0xE6, 0x5A, 0x5D, 0x5B, 0xD7, 0x04, 0xD1, 0x81, 0x87, 0x6D,
    0x93, 0xEE, 0x69, 0x01, 0x1B, 0x35, 0x3F, 0xAA, 0x12, 0xAD, 0xAF, 0xBA, 0xDA, 0x78, 0x6E, 0xE4,
    0x50, 0xBC, 0x60, 0xBD, 0xBE, 0x93, 0xD3, 0xE0, 0x23, 0x72, 0xA7, 0x31, 0xD6, 0x36, 0x51, 0x61,
    0xD3, 0x96, 0x56, 0x27, 0xBA, 0x46, 0x45, 0x6A, 0x4D, 0xC0, 0xBD, 0xAC, 0xF0, 0x69, 0x31, 0x99,
    0xF0, 0x56, 0x37, 0xD3, 0x0F, 0x82, 0x62, 0x92, 0x86, 0x18, 0x3A, 0x98, 0x99, 0xF7, 0xB2, 0x00,
    0xBE, 0xC5, 0x2A, 0x09, 0x95, 0x71, 0x24, 0x85, 0x79, 0x43, 0xF0, 0x0D, 0x95, 0xC3, 0x76, 0x29,
    0xB6, 0x9F, 0x50, 0x70, 0x86, 0x3A, 0xC2, 0x12, 0x56, 0xC8, 0x77, 0x86, 0xCC, 0xBB, 0xD7, 0x9F,
    0x30, 0x0C, 0x8B, 0xB6, 0x9F, 0x2F, 0xD4, 0x83, 0xB7, 0x6F, 0x0D, 0xE2, 0xCB, 0xF6, 0xDD, 0x79,
    0x2E, 0x38, 0xF7, 0x0A, 0x90, 0x41, 0xBD, 0x6B, 0x38, 0xD8, 0x60, 0x51, 0xCC, 0x5A, 0x18, 0x35,
    0x94, 0x99, 0x21, 0xAD, 0x14, 0xBD, 0x5B, 0xBD, 0x9F, 0x16, 0xB0, 0xA4, 0xAA, 0x45, 0x7E, 0xF2,
    0x9A, 0xCB, 0x9F, 0xFD, 0xC7, 0xD2, 0xE6, 0xB3, 0xB0, 0x79, 0x61, 0x4E, 0xA1, 0x09, 0x3E, 0x95,
    0x93, 0x27, 0xEF, 0xA3, 0x05, 0xEC, 0xFC, 0x9B, 0x27, 0xE1, 0xB1, 0x3D, 0x8D, 0xBB, 0x8F, 0xF7,
    0x71, 0xC5, 0xEF, 0xEA, 0x09, 0x02, 0xDC, 0x1D, 0xBE, 0x4E, 0x47, 0x9F, 0xB8, 0xBE, 0xF2, 0xE1,
    0x42, 0x43, 0x3B, 0x5A, 0xF8, 0xFF, 0xFD, 0xFE, 0x8D, 0xE9, 0x86, 0x79, 0xB0, 0x6C, 0xDC, 0x61,
    0x2B, 0x37, 0xBF, 0xE3, 0x8F, 0x9D, 0x3A, 0x62, 0xF1, 0xCE, 0x76, 0x70, 0xE1, 0x33, 0x26, 0xD8,
    0x6A, 0xDD, 0x73, 0x8E, 0xD5, 0xF8, 0x21, 0x0B, 0xFB, 0xA3, 0x23, 0xAA, 0xFE, 0x7B, 0xBD, 0x1D,
    0xFF, 0xFB, 0xD2, 0xB9, 0x91, 0xB7, 0x0B, 0x95, 0xE4, 0xD1, 0xE5, 0xAA, 0xEF, 0xF9, 0xF6, 0xFA,
    0x9F, 0x2A, 0xAB, 0x3C, 0xC2, 0xDF, 0x31, 0x56, 0x94, 0xE1, 0x58, 0x87, 0x27, 0x02, 0x1A, 0x3B,
    0xE2, 0x41, 0x8B, 0x6B, 0xC2, 0x81, 0x4B, 0x27, 0xE1, 0x04, 0xE4, 0x02, 0xED, 0xBF, 0x8D, 0xDA,
    0xE9, 0xF7, 0x65, 0xFA, 0x2D, 0xE3, 0x2E, 0xCC, 0x53, 0x74, 0xC7, 0x72, 0x44, 0xB9, 0x5A, 0x93,
    0x33, 0x0D, 0x72, 0x17, 0x53, 0xD0, 0x6B, 0x0C, 0xB5, 0x56, 0x63, 0xFF, 0x05, 0x80, 0xDE, 0xFF,
    0x05, 0xE5, 0x59, 0xBD, 0x92, 0xDC, 0x44, 0x10, 0x1E, 0x49, 0x60, 0x55, 0x59, 0x54, 0x89, 0x00,
    0x02, 0xE3, 0x60, 0x53, 0xEC, 0x00, 0xF1, 0x00, 0x14, 0x52, 0x95, 0x5F, 0xC0, 0x39, 0x81, 0x53,
    0x1F, 0x09, 0x2F, 0x80, 0x91, 0xC0, 0x2F, 0xE0, 0x47, 0x70, 0xE0, 0x84, 0x37, 0x20, 0xE0, 0x4E,
    0xA2, 0x1C, 0x92, 0x2C, 0xE5, 0x90, 0x44, 0xB8, 0x9C, 0x11, 0x30, 0x05, 0xA2, 0xD0, 0x95, 0x47,
    0x1A, 0xBE, 0xFE, 0x7A, 0x76, 0x4F, 0x67, 0xEF, 0x9D, 0xED, 0xC2, 0x2E, 0x6F, 0x71, 0xB2, 0xB7,
    0xBF, 0x3D, 0xDD, 0x4C, 0x4F, 0x77, 0x4F, 0x4F, 0xFF, 0xCC, 0x19, 0xA3, 0x4F, 0x32, 0x9B, 0x0F,
    0x01, 0xB9, 0xEF, 0x3E, 0x07, 0x14, 0x77, 0xFF, 0x9E, 0x00, 0xA5, 0x69, 0x1D, 0xE0, 0x03, 0x53,
    0xF4, 0x66, 0xF7, 0x33, 0x0B, 0x29, 0x2B, 0x1F, 0xA0, 0x53, 0xE8, 0x15, 0xAC, 0x82, 0x23, 0x4C,
    0xB3, 0x42, 0xAD, 0x50, 0x74, 0x84, 0xBC, 0x27, 0xA4, 0x96, 0x10, 0x3B, 0x82, 0x70, 0x15, 0xA8,
    0x15, 0x30, 0x54, 0x00, 0x43, 0x05, 0x30, 0x54, 0x00, 0x43, 0x05, 0x30, 0x94, 0x50, 0x2B, 0x14,
    0x1D, 0x21, 0xEF, 0x09, 0xA9, 0x25, 0xC4, 0x8E, 0x60, 0x66, 0x85, 0x5A, 0xA1, 0xF0, 0x84, 0x5C,
    0x21, 0x55, 0x88, 0x15, 0x4C, 0x80, 0xBA, 0x32, 0xD1, 0x03, 0x55, 0x74, 0x52, 0xA8, 0x15, 0xCA,
    0x86, 0x90, 0x77, 0x04, 0x91, 0x5E, 0x26, 0x0F, 0xE6, 0x05, 0x4F, 0xEC, 0xFD, 0xB1, 0xCC, 0xF6,
    0xDE, 0xAF, 0x4D, 0x04, 0xEA, 0x47, 0x93, 0xCE, 0x95, 0xC9, 0x66, 0x93, 0x5B, 0x2E, 0x5B, 0xD0,
    0x82, 0xD0, 0x42, 0xB8, 0xAF, 0x5B, 0x99, 0x94, 0xD9, 0x23, 0x5D, 0x84, 0x22, 0x24, 0x01, 0x86,
    0x37, 0x00, 0x9B, 0x85, 0xC2, 0xB2, 0x41, 0x88, 0x20, 0x52, 0x10, 0x30, 0xC5, 0xDE, 0xE0, 0x13,
    0x84, 0x0F, 0xAA, 0x98, 0x4B, 0xAA, 0x98, 0xD9, 0x98, 0x2B, 0x19, 0x8D, 0xF2, 0x58, 0x9A, 0x29,
    0x18, 0x2D, 0x98, 0xD0, 0x5D, 0x78, 0x63, 0xC5, 0x6A, 0x82, 0x74, 0x56, 0x23, 0xFD, 0x51, 0xD1,
    0x48, 0xF9, 0x9A, 0xEE, 0x96, 0x58, 0xF5, 0x28, 0x19, 0x93, 0xF6, 0xE6, 0x9B, 0x8B, 0x6E, 0xAC,
    0xB6, 0x79, 0x17, 0x93, 0x12, 0x6F, 0xC5, 0x99, 0xB2, 0xDF, 0x5C, 0xD1, 0x88, 0x5F, 0x95, 0x12,
    0x78, 0x2E, 0x57, 0x79, 0x70, 0xA6, 0xEA, 0xA2, 0x9A, 0x27, 0x52, 0x47, 0x49, 0x5C, 0xE2, 0x4F,
    0x20, 0xBC, 0xBC, 0xC0, 0x6E, 0xF3, 0x0E, 0x46, 0xBC, 0xFF, 0x09, 0xC8, 0x0F, 0x88, 0x3D, 0xB1,
    0x43, 0x06, 0xC9, 0x6C, 0x3A, 0x22, 0x4B, 0x44, 0xB3, 0x01, 0xCF, 0xFA, 0x3B, 0xD8, 0x67, 0xF5,
    0xFB, 0x20, 0xE1, 0x1F, 0x73, 0x22, 0x4F, 0x0F, 0x13, 0xC7, 0x92, 0x0C, 0x56, 0x3E, 0x04, 0x3B,
    0x8F, 0x04, 0x93, 0x38, 0x5D, 0x2D, 0xB7, 0x65, 0x87, 0x1F, 0x4A, 0x09, 0x5E, 0xEF, 0x81, 0x7C,
    0xBA, 0x30, 0xE4, 0x8F, 0x0A, 0x98, 0xD1, 0xFA, 0xF9, 0x06, 0xC6, 0x42, 0x8C, 0xA7, 0x9D, 0xA9,
    0x45, 0xAA, 0x26, 0xF2, 0xF7, 0x60, 0xE9, 0x2E, 0x91, 0xDD, 0x68, 0x2D, 0x83, 0xA2, 0x1F, 0xE4,
    0x9C, 0x27, 0xFF, 0x8C, 0x2B, 0x28, 0x93, 0x3E, 0x56, 0x77, 0xFE, 0xC9, 0x89, 0x86, 0x65, 0x45,
    0x38, 0x32, 0x93, 0x80, 0x23, 0x20, 0x1A, 0x08, 0x64, 0x3D, 0x01, 0x73, 0x04, 0x20, 0x88, 0xC0,
    0x11, 0x21, 0x72, 0x04, 0x09, 0x1B, 0x80, 0x6C, 0x4D, 0x10, 0xE6, 0x00, 0x4A, 0x5C, 0x56, 0x87,
    0x02, 0xC5, 0xB7, 0x90, 0x31, 0x72, 0xAB, 0x87, 0x18, 0x18, 0x8F, 0xF9, 0xAF, 0x22, 0xC5, 0x90,
    0x51, 0x69, 0x4B, 0xAF, 0x29, 0xD7, 0x22, 0x6E, 0x24, 0x52, 0xE3, 0x81, 0xF6, 0x02, 0x03, 0x84,
    0x83, 0x62, 0x95, 0x29, 0xF4, 0x88, 0x5D, 0xD9, 0xF8, 0xCF, 0x7D, 0x0D, 0xF7, 0xEE, 0x54, 0x92,
    0x6C, 0xCF, 0x49, 0x92, 0x67, 0x3F, 0x9C, 0xBC, 0xEA, 0xF6, 0x1E, 0xE8, 0x93, 0x45, 0x53, 0x6B,
    0xC9, 0x43, 0x25, 0x5B, 0xB3, 0x82, 0xC3, 0xC4, 0xA8, 0x51, 0x30, 0x66, 0xE5, 0xD4, 0x66, 0x56,
    0x7C, 0xC1, 0x8B, 0x65, 0xE1, 0x8C, 0x4F, 0xD4, 0x5C, 0x0F, 0x96, 0x69, 0x71, 0xB5, 0x3E, 0x33,
    0x2D, 0xBE, 0xB0, 0x94, 0xF8, 0xFF, 0x1B, 0x2B, 0xF8, 0x4B, 0x08, 0xED, 0xA5, 0x9A, 0xE7, 0x70,
    0x25, 0x1C, 0xE2, 0x31, 0xEB, 0x39, 0x22, 0x19, 0xD4, 0xBF, 0xDC, 0x05, 0x37, 0x56, 0xBA, 0x66,
    0xB9, 0x90, 0x5B, 0x5A, 0x2B, 0x40, 0x78, 0x79, 0xB1, 0x4F, 0x9C, 0xF9, 0xDE, 0x2C, 0x4A, 0xAD,
    0x64, 0xD8, 0x51, 0x96, 0x86, 0x90, 0x56, 0xEA, 0xF8, 0xDB, 0x67, 0x19, 0xAB, 0xD5, 0x40, 0xC7,
    0xD5, 0x53, 0xCB, 0xB3, 0x9B, 0xF7, 0xE4, 0x54, 0x74, 0xE4, 0x5B, 0x56, 0x5C, 0xC5, 0xB3, 0x29,
    0x92, 0x70, 0x8C, 0xEE, 0x41, 0xEA, 0x60, 0xA4, 0x2B, 0x19, 0x86, 0x78, 0x2F, 0x21, 0x1F, 0x5F,
    0x25, 0x7F, 0xE1, 0x17, 0xA2, 0x0E, 0x86, 0xB1, 0xFA, 0x6B, 0x55, 0xC0, 0xF2, 0x06, 0x05, 0x2C,
    0x7E, 0xA6, 0x80, 0x39, 0xDB, 0x29, 0xE4, 0xA6, 0x46, 0x53, 0xF5, 0xA9, 0x18, 0xFB, 0xDA, 0x61,
    0x5A, 0xBC, 0x38, 0x8B, 0x6A, 0x8E, 0x15, 0xEA, 0x2B, 0xD2, 0x5E, 0xDE, 0xAF, 0x98, 0xAD, 0x13,
    0x37, 0x51, 0x21, 0x8E, 0x54, 0x3A, 0x9D, 0x4B, 0x17, 0x23, 0x63, 0xD2, 0x74, 0x64, 0x7B, 0x66,
    0xC9, 0xB9, 0xD3, 0xEC, 0x23, 0xF4, 0xDE, 0x4B, 0xC9, 0x66, 0xCC, 0x55, 0x49, 0x50, 0x86, 0x95,
    0x80, 0x98, 0x31, 0x23, 0x03, 0x88, 0x37, 0x4A, 0x36, 0x93, 0x8A, 0x81, 0x7B, 0x21, 0xDB, 0x22,
    0xBD, 0x24, 0x0D, 0x2F, 0x41, 0x66, 0x3A, 0xC1, 0xA8, 0x55, 0xCC, 0xE0, 0x4A, 0x5E, 0x1C, 0x2B,
    0x60, 0x89, 0xE1, 0xC4, 0x46, 0x97, 0x63, 0x21, 0xB2, 0xC0, 0x22, 0xBC, 0x17, 0xB6, 0x82, 0xE9,
    0xA8, 0xC8, 0x8A, 0x82, 0xCD, 0x66, 0x1F, 0xD6, 0x71, 0x41, 0x5C, 0x1F, 0x10, 0x1C, 0x83, 0x93,
    0x2F, 0xD0, 0x3D, 0x83, 0x33, 0x85, 0x47, 0x3F, 0xDC, 0x08, 0xC3, 0x49, 0x6A, 0x9C, 0x59, 0xE6,
    0x67, 0xAC, 0x78, 0x26, 0x88, 0x2D, 0xFA, 0x1D, 0xE8, 0xF1, 0x50, 0x26, 0xF4, 0x37, 0xA9, 0xA0,
    0x18, 0x2E, 0xB7, 0x89, 0xE5, 0xE3, 0xE7, 0xFD, 0xFA, 0x2B, 0xF0, 0x90, 0xD3, 0xD3, 0x48, 0xC9,
    0xD2, 0x43, 0xD0, 0x7C, 0x90, 0x82, 0x43, 0xCA, 0x9C, 0xC8, 0x6D, 0x27, 0xEA, 0xBE, 0xE1, 0x78,
    0xDD, 0x9B, 0xB0, 0xEA, 0x3C, 0x15, 0x18, 0x3C, 0xD5, 0x6B, 0xB3, 0x9A, 0x70, 0x2E, 0x22, 0x6E,
    0xE8, 0x96, 0xF0, 0xC7, 0x64, 0x82, 0x8A, 0xF9, 0x54, 0xA3, 0x06, 0x9A, 0x20, 0xAF, 0x93, 0x69,
    0x76, 0x82, 0xA4, 0xEC, 0xAC, 0x0F, 0x36, 0x3C, 0xE9, 0xF7, 0x94, 0x92, 0x21, 0x3D, 0xEF, 0x36,
    0x3A, 0x5C, 0xDB, 0x0F, 0x49, 0x8F, 0xCC, 0xB6, 0x2E, 0x84, 0x68, 0xB9, 0x54, 0x4D, 0xAC, 0xA0,
    0x6A, 0x73, 0x28, 0xEB, 0x95, 0xD2, 0xF0, 0x5E, 0xAE, 0xF6, 0x40, 0xD2, 0xA2, 0x8F, 0x6E, 0x1A,
    0xEF, 0x12, 0x1B, 0x8F, 0xF5, 0x2D, 0x44, 0x7E, 0x04, 0x8F, 0xA8, 0x8A, 0xE7, 0x7D, 0x30, 0xE2,
    0x1D, 0xB3, 0xAA, 0xE0, 0xF0, 0x70, 0x61, 0x12, 0xFE, 0xB8, 0xEB, 0x79, 0x2B, 0x9E, 0xC8, 0xC3,
    0xD8, 0xB0, 0xB3, 0x94, 0x0A, 0x1C, 0x5B, 0x9B, 0x9B, 0xAF, 0x85, 0x7C, 0x06, 0x52, 0xE1, 0x5B,
    0xF6, 0xCB, 0x18, 0x7E, 0x8B, 0x1E, 0xF4, 0x6D, 0x6F, 0x32, 0x9A, 0x9A, 0x4C, 0x02, 0x51, 0x2C,
    0xEB, 0xB6, 0xD2, 0xE9, 0xC8, 0xE2, 0x7F, 0x32, 0xE2, 0x41, 0x82, 0x54, 0xDA, 0x37, 0xC7, 0x30,
    0x25, 0x0D, 0xCD, 0xCC, 0xA4, 0x26, 0x52, 0xB7, 0xDB, 0x12, 0xB3, 0xDC, 0xF5, 0xAD, 0x82, 0x7C,
    0x4F, 0xD8, 0xAB, 0x54, 0x12, 0x35, 0x5B, 0x7E, 0x2B, 0x7C, 0x78, 0x2A, 0x88, 0x7B, 0xD5, 0x6F,
    0x93, 0x60, 0xBB, 0x0D, 0xBA, 0xF5, 0xA9, 0x6F, 0xD7, 0xF9, 0x8D, 0x2D, 0x84, 0xC6, 0xBE, 0x46,
    0xDE, 0xB7, 0xA1, 0xB9, 0x9A, 0x0D, 0xB8, 0x14, 0xE8, 0xB5, 0x20, 0x9F, 0x70, 0xBE, 0x4B, 0x99,
    0xB1, 0x9A, 0xD8, 0x46, 0x06, 0xC0, 0x42, 0x58, 0xE5, 0x98, 0x37, 0x73, 0xC7, 0x54, 0x70, 0x2D,
    0xBA, 0x0D, 0x85, 0xC5, 0x14, 0xD1, 0x68, 0xE6, 0xE2, 0xE2, 0xD1, 0xF5, 0xB4, 0xB0, 0xEC, 0x39,
    0xE4, 0x43, 0x8A, 0x26, 0x33, 0x5A, 0x99, 0x3B, 0xD7, 0x68, 0x02, 0x27, 0x98, 0x29, 0x1B, 0x85,
    0xB3, 0x95, 0x35, 0x3A, 0xAE, 0x16, 0xFA, 0xB7, 0xD1, 0x04, 0xB1, 0x23, 0xFF, 0x4C, 0xDC, 0x64,
    0x3D, 0xB5, 0xF1, 0x83, 0x44, 0xE2, 0xC1, 0x97, 0x8B, 0xDA, 0x9D, 0xF1, 0x56, 0x83, 0xBF, 0xC6,
    0xB2, 0x30, 0x35, 0xD4, 0xA5, 0xD7, 0x76, 0x17, 0x14, 0x5C, 0x58, 0x65, 0xC8, 0x75, 0x03, 0x87,
    0xCD, 0xE6, 0xCD, 0xC1, 0xD0, 0xF3, 0xC6, 0x98, 0x1B, 0x5A, 0x2D, 0x72, 0x6F, 0xA0, 0xBB, 0xF3,
    0xE1, 0xF5, 0x30, 0xB7, 0xE5, 0xE6, 0xD4, 0xE4, 0xA9, 0xFC, 0x75, 0xAD, 0x58, 0xDB, 0xE4, 0x22,
    0x5C, 0xDB, 0x1D, 0x9C, 0x5C, 0xE6, 0xAA, 0xEF, 0x6A, 0xA5, 0xC4, 0x98, 0x1C, 0xEA, 0x24, 0x2D,
    0x93, 0xAE, 0xEC, 0xBD, 0x2E, 0xF5, 0xF6, 0x48, 0x9B, 0xE4, 0xA9, 0xE4, 0xC0, 0xEC, 0x91, 0x6C,
    0xC9, 0xAA, 0xE1, 0x35, 0x34, 0x2F, 0xD2, 0x1C, 0x95, 0x79, 0x60, 0x2E, 0x55, 0xFB, 0xAD, 0xCB,
    0xA1, 0x44, 0xCA, 0x98, 0x41, 0x53, 0xA9, 0xBE, 0x39, 0xF3, 0xD9, 0x1B, 0xC9, 0x0F, 0x50, 0x64,
    0x15, 0x5D, 0xBE, 0x4E, 0x2D, 0x6F, 0x30, 0x6F, 0x2F, 0x3A, 0x8E, 0x57, 0xF9, 0x77, 0x5D, 0xC2,
    0x09, 0xFC, 0x11, 0xC5, 0x32, 0x0A, 0x34, 0x14, 0x34, 0xA8, 0xB3, 0x9E, 0x71, 0x40, 0xB9, 0x06,
    0xF9, 0xCF, 0xFF, 0xE9, 0x08, 0xD2, 0x4F, 0xD4, 0x38, 0xB6, 0xEE, 0x10, 0x67, 0xB8, 0x34, 0xD9,
    0x3A, 0xEF, 0x8A, 0x26, 0xB5, 0x57, 0x4C, 0x74, 0xFF, 0xD4, 0x8A, 0x52, 0x57, 0xBD, 0xA1, 0x4F,
    0x89, 0xDD, 0xF5, 0x5D, 0xD9, 0xC9, 0xA7, 0xDE, 0xB5, 0xD3, 0x7A, 0x3D, 0xF4, 0x66, 0x3E, 0x9B,
    0xBB, 0x7B, 0x29, 0x85, 0x8B, 0x63, 0x39, 0xF3, 0x08, 0xD3, 0xD5, 0x86, 0x6A, 0x10, 0x47, 0xE8,
    0x63, 0xC7, 0xFD, 0xC8, 0xB1, 0x21, 0xF3, 0x46, 0xFF, 0xF0, 0x22, 0x7F, 0x21, 0x62, 0x63, 0x1E,
    0x42, 0x45, 0xC6, 0x8B, 0x8D, 0xB4, 0x97, 0x78, 0x8E, 0x78, 0x28, 0xD1, 0xDE, 0xA6, 0xA0, 0x7F,
    0xD9, 0x1C, 0x3B, 0xE9, 0x6D, 0x29, 0xE1, 0xDE, 0x4A, 0x1D, 0x5E, 0x0C, 0xE2, 0x4E, 0xF9, 0x20,
    0xAE, 0x95, 0x69, 0x1B, 0xF1, 0x32, 0xD4, 0x4E, 0xDB, 0x6B, 0xC1, 0xAC, 0x17, 0x3E, 0xAB, 0xB5,
    0x9C, 0x8E, 0xB2, 0x03, 0x7F, 0x9C, 0x14, 0x59, 0x6B, 0x62, 0xB7, 0x62, 0x37, 0x5D, 0x41, 0xBB,
    0x8E, 0x6E, 0x26, 0x7E, 0x4C, 0x2C, 0x66, 0xDD, 0xC2, 0xD6, 0xAE, 0x76, 0x97, 0x47, 0x53, 0x0C,
    0xF7, 0x95, 0x1C, 0xDD, 0x4C, 0xC8, 0x4A, 0x3D, 0xB8, 0x64, 0x83, 0xEF, 0x91, 0xD4, 0x11, 0x4F,
    0x22, 0x27, 0xFA, 0xBA, 0x79, 0x99, 0xB1, 0x5F, 0x03, 0x11, 0x2F, 0x37, 0xDA, 0x9D, 0x84, 0xA2,
    0x3D, 0xF4, 0xA7, 0x1A, 0x82, 0x35, 0x1C, 0xB3, 0x0E, 0x3D, 0x27, 0xFA, 0xCE, 0x7A, 0xEE, 0x7B,
    0x36, 0x3D, 0x23, 0xCF, 0xE5, 0xCC, 0x73, 0xDF, 0xF2, 0xBC, 0x96, 0xCD, 0xCC, 0x3E, 0x75, 0xDA,
    0x76, 0xD5, 0xAF, 0x42, 0x75, 0xAE, 0xF2, 0x51, 0x9E, 0xCA, 0x3F, 0xE7, 0x5A, 0xBA, 0xAE, 0xCA,
    0xC0, 0x30, 0x61, 0x4E, 0xD5, 0x08, 0x21, 0x15, 0xEA, 0x6D, 0x8E, 0xAA, 0xA7, 0xE9, 0xF2, 0xA3,
    0xBD, 0xD7, 0x45, 0x0B, 0x24, 0x36, 0xE1, 0xF1, 0x53, 0x5E, 0x38, 0x3D, 0xD6, 0xFB, 0x26, 0xCD,
    0x24, 0xA5, 0x46, 0xE8, 0x86, 0x99, 0xA4, 0xD9, 0x6F, 0x5D, 0xD8, 0x1D, 0xB0, 0x3D, 0xC0, 0x7E,
    0xD4, 0x5F, 0xC0, 0xA3, 0x6D, 0x06, 0xC5, 0xA2, 0x2A, 0x9A, 0xF7, 0x7C, 0x17, 0xB4, 0x5B, 0xD0,
    0xEC, 0xA7, 0xF4, 0xCE, 0x0B, 0x72, 0xE0, 0x7E, 0xF9, 0x0F, 0xDD, 0xE7, 0x84, 0x94, 0x4B, 0x59,
    0xFD, 0xE9, 0xE7, 0xF9, 0x70, 0xBF, 0x9B, 0xC1, 0xBF, 0xCD, 0x94, 0x3D, 0x4E, 0xC4, 0x30, 0x10,
    0x46, 0xBF, 0x24, 0x45, 0x0A, 0x17, 0xEE, 0x69, 0xB6, 0xA6, 0xCA, 0x11, 0x1C, 0xC4, 0x41, 0x68,
    0xE1, 0x10, 0x90, 0xF4, 0xDB, 0x70, 0x21, 0x36, 0xEE, 0x68, 0xD3, 0x51, 0x92, 0x82, 0x1E, 0x17,
    0x29, 0x82, 0x14, 0x67, 0xF8, 0xC6, 0xE1, 0x47, 0x20, 0x0A, 0x40, 0x2B, 0x58, 0x4B, 0x79, 0x8A,
    0x95, 0xB1, 0xE7, 0xC9, 0x33, 0x0E, 0x00, 0x64, 0xD7, 0x04, 0xCC, 0x00, 0x23, 0x72, 0xE6, 0xD1,
    0x89, 0x08, 0x72, 0x51, 0x9A, 0xC8, 0x97, 0xD6, 0x0E, 0x28, 0xC4, 0x57, 0x1E, 0xF6, 0x7E, 0x70,
    0x2D, 0xAA, 0x6D, 0x70, 0x35, 0x9A, 0x52, 0x19, 0x95, 0xF9, 0xA4, 0x2C, 0x83, 0xD2, 0x7A, 0xA5,
    0xCE, 0x5C, 0xBD, 0x03, 0x79, 0x32, 0x2B, 0x4F, 0x83, 0x72, 0xDB, 0xC3, 0x84, 0xEA, 0x91, 0x1B,
    0x0D, 0x56, 0x80, 0xCA, 0x9B, 0x05, 0x99, 0xB4, 0x05, 0x53, 0x2D, 0x28, 0xC9, 0x09, 0xF6, 0x4E,
    0xA4, 0x06, 0x77, 0xD6, 0x71, 0xA1, 0xE8, 0x14, 0x4C, 0x0B, 0x58, 0xBF, 0x6A, 0x02, 0xC5, 0xA8,
    0xDA, 0xB3, 0x7E, 0x39, 0xC7, 0xE7, 0x11, 0xF5, 0xD9, 0x1B, 0x32, 0x45, 0x11, 0x77, 0x40, 0x19,
    0x1B, 0x60, 0x13, 0x5D, 0x8F, 0x5D, 0xDC, 0x88, 0xCC, 0x91, 0xC6, 0x43, 0x44, 0xB7, 0xD4, 0xF1,
    0xC5, 0x35, 0x19, 0x15, 0x13, 0x51, 0x06, 0xF5, 0xED, 0x89, 0x4A, 0xCD, 0x9D, 0x7A, 0x1D, 0x1F,
    0x86, 0xA9, 0x86, 0xE7, 0xA2, 0x8E, 0x2C, 0x04, 0xEC, 0x2D, 0xCF, 0xD3, 0xE5, 0x3C, 0xCF, 0x1B,
    0xCC, 0xC8, 0x26, 0xAA, 0xB2, 0x1D, 0x8E, 0x0E, 0xC0, 0x34, 0x1B, 0x71, 0x89, 0x62, 0x86, 0xAC,
    0x48, 0xD3, 0xAF, 0xC6, 0x21, 0x94, 0xDB, 0x84, 0xD7, 0xF6, 0x7C, 0x2F, 0xF7, 0xDF, 0x35, 0xA6,
    0x79, 0x33, 0xED, 0x3E, 0x98, 0x4A, 0x32, 0x4D, 0x69, 0x31, 0x27, 0xDF, 0x2B, 0x96, 0x7E, 0x6E,
    0x6A, 0x94, 0x23, 0x83, 0x37, 0x81, 0xC1, 0xD2, 0xEB, 0xBD, 0x03, 0x1A, 0x79, 0x58, 0x03, 0x7F,
    0xCE, 0x52, 0x9E, 0x48, 0x27, 0xE2, 0x11, 0xB9, 0xD7, 0x08, 0x5E, 0x63, 0xC3, 0x92, 0xF5, 0xC8,
    0x16, 0x48, 0xAB, 0x37, 0x58, 0xD2, 0xA1, 0x2C, 0x89, 0xBA, 0xCA, 0xD5, 0xDF, 0xE0, 0x1A, 0x99,
    0xD6, 0x36, 0xE0, 0x4F, 0x81, 0xEB, 0x99, 0x22, 0x8F, 0x60, 0x0A, 0x33, 0x61, 0x61, 0xAE, 0x80,
    0xD8, 0x08, 0x53, 0x44, 0x93, 0x1C, 0x7E, 0xE5, 0xFF, 0xDF, 0x7D, 0xB6, 0xAF, 0xEA, 0x3D, 0x03,
    0xED, 0x59, 0x41, 0x8E, 0xDB, 0x56, 0x0C, 0xA5, 0x2D, 0x60, 0x0C, 0x44, 0x0B, 0x65, 0xD3, 0x45,
    0xDB, 0x85, 0xD7, 0xE9, 0x46, 0x37, 0xA8, 0x95, 0xEB, 0x74, 0x93, 0x0B, 0x14, 0x91, 0x7A, 0x83,
    0xE9, 0xB2, 0xBB, 0x2E, 0x7A, 0x80, 0x1E, 0xA0, 0x63, 0x09, 0xE9, 0x05, 0x54, 0xF4, 0x02, 0x42,
    0x31, 0x40, 0x96, 0x15, 0x50, 0x23, 0xF0, 0xA0, 0xFA, 0xFE, 0x25, 0xDF, 0xA3, 0x6C, 0x79, 0x32,
    0x99, 0x69, 0x3A, 0x49, 0xE3, 0x4E, 0x6A, 0x0C, 0x48, 0x8C, 0xF5, 0x3F, 0x3F, 0x3F, 0x1F, 0x49,
    0x91, 0xB4, 0xC8, 0x2A, 0xC6, 0x46, 0xF4, 0x73, 0x9D, 0xDF, 0xF9, 0x59, 0x15, 0xCE, 0x7D, 0x79,
    0xDD, 0x92, 0xC7, 0x1E, 0x6C, 0x16, 0x37, 0xE0, 0xF3, 0x57, 0x5B, 0xF0, 0xA4, 0x1F, 0xC0, 0x17,
    0x5D, 0x00, 0xCF, 0xDA, 0x12, 0x7C, 0xD9, 0xAC, 0xC0, 0xF3, 0x2A, 0xAF, 0x20, 0x4E, 0xBF, 0x31,
    0x5E, 0xEA, 0x0A, 0xE3, 0x41, 0x77, 0x18, 0x1F, 0x54, 0x82, 0x89, 0xDB, 0xDA, 0x9F, 0x89, 0x93,
    0x99, 0x09, 0x5C, 0xF4, 0xB6, 0x44, 0xB0, 0x78, 0x6D, 0xBC, 0x31, 0x11, 0x2A, 0x2E, 0xEA, 0xA7,
    0xC0, 0x75, 0x70, 0xA1, 0xD2, 0xB9, 0xAD, 0x49, 0x3B, 0x13, 0x87, 0xBD, 0x90, 0x91, 0x6C, 0xEC,
    0x4F, 0x65, 0x0F, 0x10, 0x67, 0x0F, 0x53, 0x9C, 0xB9, 0x73, 0x1D, 0x4A, 0xD7, 0x69, 0x55, 0xAC,
    0x2A, 0xEA, 0x2A, 0x2A, 0x4D, 0x26, 0xE4, 0xA6, 0xCF, 0xB3, 0xB8, 0x95, 0x44, 0x9F, 0x56, 0x99,
    0x92, 0x2E, 0xEF, 0x24, 0xDB, 0xA8, 0xCD, 0x92, 0x41, 0xD5, 0xC3, 0xB1, 0xD0, 0x01, 0xCA, 0x2B,
    0xA9, 0xE3, 0x79, 0x48, 0x63, 0xDC, 0x05, 0x53, 0x3C, 0x94, 0xAD, 0x2C, 0x43, 0xAD, 0xEB, 0x82,
    0x3D, 0xDE, 0x13, 0xFC, 0x9B, 0x04, 0x3D, 0x2F, 0x0B, 0x65, 0x23, 0x65, 0xD0, 0xDB, 0x0D, 0xB6,
    0xAD, 0x0F, 0xB3, 0x3A, 0x16, 0xE1, 0x70, 0xF6, 0x00, 0x43, 0x1C, 0xF8, 0x5A, 0xDC, 0xBA, 0xDF,
    0xD6, 0xB4, 0x7E, 0x1C, 0x1C, 0xA5, 0xF6, 0x0E, 0x94, 0x9D, 0x97, 0x95, 0xA3, 0xDB, 0x1C, 0xED,
    0x9B, 0x3B, 0xDA, 0xC9, 0x1F, 0xE4, 0x8B, 0xDF, 0x88, 0x76, 0xF6, 0x0B, 0xE5, 0x67, 0x4D, 0x70,
    0x74, 0xD7, 0x2E, 0x8E, 0xA8, 0x97, 0xEE, 0x3E, 0x17, 0x92, 0x4F, 0xF5, 0x54, 0xBB, 0x64, 0x1D,
    0x11, 0x01, 0x12, 0x8A, 0x32, 0x90, 0x51, 0x38, 0x80, 0xBA, 0xC2, 0x01, 0xD3, 0x19, 0x1C, 0x41,
    0x1C, 0xDD, 0x09, 0xAF, 0x8D, 0x57, 0x7C, 0xA6, 0x6B, 0xB0, 0x56, 0xF7, 0x60, 0xAF, 0xCA, 0x80,
    0x2C, 0x15, 0x4C, 0xD9, 0x1B, 0x9E, 0x35, 0x3F, 0x9C, 0x4D, 0x5D, 0x76, 0xAE, 0x1B, 0x2D, 0x25,
    0xF3, 0x5E, 0x9F, 0x83, 0xC8, 0xD6, 0xAC, 0x58, 0x3F, 0x8D, 0xE6, 0x5E, 0x2A, 0xFA, 0x2C, 0x9E,
    0x9F, 0x06, 0xE8, 0x17, 0x7E, 0xB8, 0x3B, 0xE2, 0x2C, 0x56, 0x0E, 0x0E, 0xC1, 0x4A, 0x1C, 0xAC,
    0xF4, 0x25, 0x41, 0xCA, 0x7E, 0x26, 0x5F, 0xBE, 0x20, 0x58, 0xF9, 0xD3, 0xC1, 0xC1, 0x21, 0x58,
    0xCF, 0x85, 0x60, 0x05, 0x47, 0x7F, 0x10, 0xB8, 0xBD, 0x5A, 0x11, 0x61, 0xA0, 0xA0, 0x20, 0x2C,
    0xD4, 0x8A, 0x08, 0x13, 0xFD, 0x07, 0x06, 0x55, 0x03, 0xC1, 0xC0, 0x6A, 0x23, 0x5C, 0xD5, 0xAC,
    0x68, 0xDC, 0x42, 0x6F, 0x37, 0x82, 0x23, 0x08, 0x18, 0x0B, 0x4D, 0xAC, 0xC9, 0x7D, 0x8F, 0xED,
    0x85, 0x8C, 0x8E, 0x32, 0x17, 0x7E, 0x86, 0x3E, 0xC4, 0x99, 0x7A, 0x36, 0x43, 0x6F, 0x70, 0x70,
    0x82, 0xC3, 0x53, 0xFA, 0xD5, 0xDD, 0x04, 0x73, 0x26, 0x1D, 0xCF, 0x19, 0xE2, 0xF1, 0x3B, 0xE1,
    0xFE, 0x7D, 0x7A, 0xF5, 0xA3, 0x9B, 0xA6, 0xDF, 0x67, 0x2F, 0x83, 0x8E, 0xD8, 0x09, 0xC0, 0x13,
    0xA0, 0x27, 0x80, 0x4F, 0xF6, 0xF8, 0x11, 0x40, 0xB7, 0x54, 0x10, 0x60, 0x28, 0x00, 0x11, 0x39,
    0x27, 0x08, 0x60, 0x14, 0xE0, 0x88, 0x55, 0x13, 0xCA, 0x6F, 0x92, 0x20, 0x00, 0x53, 0x80, 0xA6,
    0x00, 0x4E, 0x01, 0x9E, 0x62, 0x80, 0x42, 0x3E, 0x8C, 0xE2, 0xD9, 0x28, 0x6D, 0x0F, 0x37, 0x70,
    0xDA, 0x3F, 0xB6, 0xEF, 0x23, 0x42, 0x05, 0x54, 0x6A, 0xB3, 0xCE, 0xEC, 0x07, 0x5E, 0x7E, 0x33,
    0xBD, 0x2B, 0x53, 0xD7, 0x18, 0xC8, 0x6B, 0x99, 0x5C, 0xE2, 0x96, 0xCF, 0x59, 0x34, 0x6B, 0x00,
    0x3B, 0x85, 0xD3, 0x10, 0xD3, 0x90, 0x54, 0x14, 0x3F, 0xD7, 0x68, 0xE9, 0xCD, 0xC5, 0x18, 0x2C,
    0x65, 0x01, 0x38, 0x56, 0x4D, 0xC9, 0xA3, 0xD6, 0x93, 0xA0, 0xCF, 0x5A, 0x4F, 0x48, 0xEF, 0x90,
    0x3D, 0xAA, 0x28, 0x9A, 0x07, 0x2D, 0x79, 0x6C, 0xDE, 0x50, 0x89, 0x0A, 0x2A, 0xD5, 0x54, 0x70,
    0x27, 0x0B, 0x5D, 0xBA, 0x1C, 0xA8, 0x7C, 0x3F, 0x5E, 0x65, 0xBC, 0x98, 0xC8, 0x57, 0x8C, 0x75,
    0x24, 0x00, 0xD9, 0xA7, 0x19, 0xBE, 0x41, 0x24, 0x37, 0x81, 0x9F, 0xBE, 0x6E, 0x96, 0x3C, 0x5E,
    0x69, 0x58, 0xC5, 0xD8, 0x9A, 0x87, 0x6C, 0x72, 0x4D, 0x25, 0x83, 0xF9, 0xE5, 0xCE, 0x9C, 0xB1,
    0x36, 0x61, 0x65, 0x98, 0xC4, 0xF7, 0x2D, 0xE4, 0x13, 0x23, 0x25, 0xC2, 0xC2, 0xF6, 0xEE, 0x34,
    0xBF, 0xCE, 0x07, 0x75, 0xB8, 0x74, 0x6B, 0x92, 0xFB, 0x39, 0xDE, 0x56, 0x76, 0x9A, 0xAA, 0x46,
    0x7D, 0x53, 0xDA, 0x61, 0xE9, 0x7E, 0xEF, 0xF9, 0xDD, 0xD3, 0xE4, 0x6C, 0x4B, 0x47, 0xB9, 0xF8,
    0xD8, 0x61, 0x2D, 0xC7, 0xFC, 0x97, 0xFC, 0xA9, 0xA1, 0x92, 0xFD, 0xDA, 0x5B, 0x3E, 0x1A, 0xEC,
    0xFB, 0xE7, 0xE6, 0xF5, 0x79, 0xA1, 0x31, 0x72, 0x56, 0x9C, 0x02, 0xAC, 0x1E, 0x83, 0x49, 0xBC,
    0x81, 0xFD, 0x1F, 0x9F, 0xCC, 0x57, 0x78, 0x81, 0x1D, 0xC8, 0xEA, 0x24, 0x02, 0xD2, 0xC3, 0xCC,
    0x83, 0xCE, 0x43, 0x70, 0x0C, 0x48, 0x0F, 0x4F, 0x0F, 0x56, 0x0F, 0xDD, 0x8F, 0x17, 0xC7, 0x19,
    0x6A, 0x86, 0x0B, 0x43, 0x0E, 0xD5, 0x45, 0xF6, 0x42, 0xF3, 0xEC, 0xE2, 0x65, 0x37, 0x16, 0x27,
    0x70, 0xF7, 0x27, 0x27, 0x01, 0x6B, 0x5E, 0xCC, 0x59, 0x89, 0xA0, 0x76, 0x48, 0x7A, 0x16, 0x85,
    0x5B, 0xFA, 0xDC, 0x05, 0x13, 0xEB, 0xCA, 0xAB, 0x5B, 0x16, 0x0D, 0x67, 0xD5, 0x9B, 0x50, 0x35,
    0x53, 0x9C, 0x93, 0x05, 0x2F, 0x78, 0x2A, 0xA8, 0x53, 0xF7, 0xEC, 0x56, 0xB6, 0x60, 0x5A, 0x57,
    0x04, 0xBE, 0x85, 0x02, 0x0B, 0xCE, 0x30, 0x29, 0xC3, 0x46, 0x56, 0xBC, 0x4B, 0x76, 0x24, 0xBA,
    0x3C, 0x3A, 0x96, 0x4A, 0xCC, 0xA9, 0x52, 0x4A, 0x05, 0xCB, 0x9E, 0xCA, 0x37, 0x28, 0xDE, 0x76,
    0x6C, 0xAB, 0xCE, 0xC7, 0xFE, 0x8F, 0x45, 0xCA, 0x84, 0xF7, 0xE4, 0x0B, 0xE7, 0x99, 0xF3, 0xBC,
    0x25, 0xAF, 0xBD, 0x89, 0x8A, 0xBE, 0xFF, 0x6B, 0x93, 0x77, 0xB9, 0x2A, 0x1E, 0x9B, 0xEF, 0xEC,
    0xCC, 0xB7, 0x52, 0xEF, 0xDA, 0x96, 0x5A, 0xF6, 0xA1, 0x7B, 0x6B, 0xD4, 0x0B, 0x0A, 0x66, 0x75,
    0xE3, 0x6B, 0x84, 0x82, 0xD7, 0xFE, 0xF7, 0xE4, 0x26, 0x07, 0x7E, 0x51, 0xA0, 0xD4, 0x9F, 0xE1,
    0xBC, 0x4A, 0x16, 0xC6, 0xD5, 0x41, 0x72, 0xE3, 0xE6, 0x23, 0xB6, 0x5E, 0xDD, 0x64, 0x80, 0xEF,
    0x3F, 0x8B, 0x2D, 0x63, 0x40, 0x1F, 0x5C, 0x8E, 0x8D, 0xC7, 0xD8, 0x66, 0x76, 0x14, 0x9E, 0x0F,
    0xE4, 0xC9, 0xCE, 0x9B, 0xE4, 0xE8, 0x5C, 0xA5, 0x83, 0x6B, 0xF8, 0x80, 0x67, 0xD7, 0x79, 0x7B,
    0x17, 0x27, 0x16, 0xAF, 0xF3, 0x3B, 0xF6, 0x5D, 0x3B, 0x67, 0xD9, 0x1C, 0xEB, 0x31, 0xEA, 0x55,
    0x53, 0xCF, 0xB9, 0xEB, 0xBD, 0x1C, 0xFC, 0x5E, 0xBD, 0xB7, 0xD3, 0x15, 0x01, 0xBA, 0x9C, 0xF6,
    0xFF, 0x07, 0x9A, 0xA1, 0xBA, 0x9F, 0xD2, 0xD7, 0xD6, 0x00, 0x6D, 0x62, 0x4D, 0xA4, 0x89, 0x33,
    0x51, 0x26, 0xC6, 0x44, 0x38, 0xEC, 0x5D, 0xF6, 0xEF, 0xD3, 0xB2, 0x20, 0x9A, 0xC4, 0x92, 0x48,
    0x12, 0x47, 0xA2, 0xE8, 0x18, 0x12, 0x41, 0x4E, 0x39, 0xA6, 0xF4, 0x96, 0x48, 0x8E, 0xDD, 0x84,
    0xB6, 0xE1, 0xB8, 0xFE, 0xFF, 0x07, 0x14, 0x72, 0x8E, 0xE8, 0xFD, 0x65, 0x4E, 0x24, 0xB7, 0x68,
    0xB4, 0xBA, 0x9C, 0x2E, 0xB9, 0xEF, 0xB9, 0xE4, 0x96, 0x51, 0xC5, 0x3E, 0xE7, 0x0A, 0x13, 0x22,
    0xB2, 0xAE, 0xE4, 0xFA, 0x2A, 0x62, 0xEF, 0xB7, 0x43, 0xB7, 0x55, 0x23, 0x5E, 0x98, 0x3C, 0x9C,
    0x16, 0x6C, 0xE6, 0xA6, 0xF4, 0x66, 0xDD, 0xBE, 0xF0, 0xBD, 0x35, 0xF2, 0x4E, 0x09, 0x99, 0x94,
    0xCF, 0xB3, 0x90, 0xEC, 0x65, 0x2C, 0x8D, 0xE4, 0x30, 0xF1, 0xF9, 0x49, 0x92, 0xCE, 0xB6, 0x58,
    0x17, 0xB4, 0x6A, 0xB5, 0x65, 0xB2, 0x0D, 0x96, 0x99, 0xEB, 0xCB, 0x07, 0x89, 0xD7, 0x61, 0xE6,
    0xE0, 0x94, 0x53, 0x07, 0x8E, 0x1D, 0x38, 0x77, 0xB8, 0x71, 0xF0, 0x70, 0x62, 0x08, 0xAE, 0x26,
    0xD3, 0xA2, 0x29, 0x5D, 0x3D, 0xCC, 0x28, 0x7B, 0xCB, 0xFB, 0x9E, 0x0E, 0x52, 0x0F, 0x21, 0x5E,
    0x52, 0x58, 0x3A, 0xF7, 0xD9, 0xD5, 0xF5, 0x3D, 0x3B, 0xCE, 0x77, 0xBE, 0x03, 0x1A, 0xF8, 0x47,
    0x8B, 0x9B, 0x0F, 0x6E, 0xFF, 0x66, 0x8C, 0x65, 0xA4, 0x37, 0x9F, 0x3A, 0x70, 0xEC, 0x70, 0xFC,
    0xD6, 0x6C, 0xF0, 0xA6, 0x86, 0x33, 0x65, 0xA0, 0x28, 0x88, 0x02, 0xF3, 0xA1, 0x2C, 0xAB, 0x71,
    0x82, 0x9E, 0x76, 0x18, 0x63, 0xBC, 0x42, 0x2D, 0x46, 0xBB, 0x94, 0x90, 0xF9, 0xD9, 0x83, 0x8C,
    0xB8, 0xD9, 0x80, 0xBB, 0xAF, 0x11, 0x60, 0x2C, 0x00, 0xD0, 0x5B, 0xB0, 0xB9, 0x18, 0x47, 0x9F,
    0x7C, 0xDD, 0x3D, 0x39, 0xF9, 0xF7, 0xDD, 0xDC, 0x7F, 0x1B, 0xA1, 0xAF, 0x66, 0xBF, 0x13, 0x7A,
    0x0E, 0xFE, 0x02, 0x7F, 0xF7, 0xD8, 0xF0, 0x27, 0x8B, 0x6E, 0x3F, 0xF1, 0x7C, 0xD3, 0x47, 0x25,
    0x5F, 0xF9, 0x0F, 0x20, 0x1D, 0x9B, 0xB2, 0x01, 0x82, 0x17, 0x91, 0x7D, 0x4B, 0xCD, 0xF6, 0xCD,
    0x9B, 0x39, 0xFF, 0x19, 0x26, 0xED, 0xD7, 0x1C, 0x38, 0x86, 0xE9, 0x6F, 0x34, 0x77, 0xF5, 0x89,
    0x19, 0x86, 0x96, 0xD7, 0xD8, 0x41, 0xCA, 0xCD, 0x0C, 0x07, 0xA5, 0x5D, 0xC9, 0x11, 0xA5, 0x17,
    0xA4, 0x50, 0x69, 0xD5, 0x40, 0xC1, 0x08, 0x75, 0xB5, 0x83, 0xF6, 0x76, 0x18, 0x1D, 0x65, 0x8B,
    0x8E, 0xF2, 0x6A, 0x3F, 0xC2, 0x44, 0xB9, 0x2E, 0x09, 0xE3, 0x02, 0xF3, 0xEC, 0xFC, 0x1B, 0x34,
    0xD2, 0xE8, 0xCD, 0x31, 0x25, 0x9E, 0x7D, 0x2F, 0x8F, 0x8A, 0x9B, 0x81, 0xEF, 0xA6, 0x65, 0x68,
    0xFD, 0x5E, 0xCA, 0x50, 0xCA, 0x51, 0x67, 0x4A, 0x50, 0x86, 0x2E, 0x59, 0x86, 0x96, 0x56, 0x86,
    0x06, 0x94, 0xA1, 0xDD, 0x51, 0x98, 0xFB, 0x30, 0x3B, 0x47, 0x33, 0xA2, 0xD6, 0x98, 0x05, 0x9B,
    0x3D, 0xAB, 0xBB, 0xA4, 0xC7, 0x29, 0xE3, 0x50, 0x1E, 0xA1, 0x9C, 0x67, 0xF6, 0xFB, 0x92, 0x9E,
    0x81, 0xA9, 0xC4, 0x96, 0xBE, 0x14, 0x39, 0xD8, 0xCE, 0x63, 0x75, 0x3A, 0xEE, 0xB2, 0xA4, 0x83,
    0x1C, 0xB3, 0xF7, 0xEE, 0x2E, 0xF7, 0xAA, 0xA7, 0xFE, 0x1B, 0x8E, 0xD2, 0x49, 0xFA, 0x06, 0x47,
    0xB9, 0xD7, 0x8C, 0xF1, 0x5F, 0x74, 0x8D, 0xF4, 0x83, 0x64, 0x92, 0xB7, 0x2E, 0xDA, 0x4E, 0xD7,
    0x1D, 0xAA, 0xBB, 0xF3, 0xC6, 0x5F, 0xE5, 0x59, 0x3D, 0x92, 0xEB, 0x44, 0x10, 0x6E, 0x49, 0xC5,
    0x8A, 0x42, 0x14, 0x22, 0xE5, 0x51, 0x94, 0x48, 0x21, 0xD1, 0x11, 0xA4, 0xE2, 0x04, 0x04, 0x1C,
    0x02, 0x22, 0x52, 0xA2, 0x95, 0x72, 0x92, 0x25, 0x26, 0x79, 0x01, 0x01, 0x44, 0x5C, 0x80, 0x67,
    0xCD, 0x11, 0x94, 0xBD, 0xD4, 0x37, 0x40, 0x81, 0xAB, 0xF0, 0x56, 0x69, 0xD4, 0x74, 0x7F, 0x3D,
    0x92, 0xBD, 0x6B, 0x1B, 0x76, 0xDF, 0xFE, 0x83, 0xBC, 0x33, 0x5F, 0xAD, 0x35, 0x1A, 0xF5, 0xF4,
    0x7F, 0xB7, 0x29, 0x66, 0xBE, 0x24, 0xA2, 0x92, 0x99, 0xD7, 0x14, 0xC9, 0xCC, 0x23, 0xA5, 0x13,
    0x51, 0xCA, 0x94, 0x0F, 0x72, 0xA3, 0x6B, 0x4B, 0xA7, 0xF7, 0x5D, 0x55, 0x0B, 0xE4, 0x7D, 0x23,
    0x33, 0x65, 0xC3, 0x4A, 0x21, 0x1D, 0x3C, 0x60, 0x0D, 0x20, 0xFA, 0x17, 0xC8, 0x99, 0x87, 0x03,
    0xD8, 0xED, 0x72, 0x1C, 0xF0, 0xA2, 0x6C, 0x8D, 0xD7, 0xE6, 0x6B, 0x10, 0x51, 0x38, 0x90, 0x54,
    0x39, 0x10, 0xC8, 0x20, 0x37, 0xF3, 0x46, 0xFC, 0x86, 0xA8, 0x11, 0xE8, 0x89, 0xCE, 0xEC, 0x60,
    0xC7, 0xAF, 0x68, 0x3C, 0x02, 0xB1, 0x41, 0xBA, 0x01, 0x60, 0x73, 0xD9, 0xAD, 0x07, 0x54, 0x2D,
    0xE0, 0xB3, 0x63, 0x7B, 0xF5, 0xC6, 0x12, 0x9D, 0x0B, 0x3C, 0x5B, 0x39, 0x3C, 0x89, 0xBB, 0xD3,
    0x1E, 0x13, 0xF6, 0xE7, 0x83, 0xAB, 0x64, 0x39, 0x9D, 0x9C, 0x61, 0xAA, 0xEA, 0x4C, 0x4E, 0xD0,
    0xD5, 0xB2, 0x57, 0xC1, 0xB5, 0xEC, 0x15, 0x73, 0xAD, 0x7B, 0x71, 0xAD, 0xBC, 0x68, 0x6A, 0x7D,
    0xBE, 0xBA, 0xE5, 0xDC, 0xD4, 0x4A, 0x47, 0x17, 0xF6, 0x91, 0xC3, 0x24, 0x5C, 0x97, 0x6B, 0xDD,
    0x5F, 0xC4, 0xC0, 0x4D, 0x2D, 0x5A, 0xE0, 0x85, 0xB7, 0xDF, 0xB3, 0x71, 0x98, 0xC2, 0x6C, 0x1C,
    0xA0, 0x52, 0xFE, 0xEB, 0x44, 0x05, 0x28, 0xF2, 0x94, 0x6F, 0x28, 0x1D, 0x29, 0x03, 0xAB, 0xE5,
    0x29, 0x76, 0x4A, 0xF9, 0xA5, 0x09, 0x89, 0x76, 0x2C, 0xA0, 0xCA, 0x98, 0x39, 0x62, 0x8F, 0x78,
    0x53, 0xB4, 0x50, 0x14, 0xAC, 0xC9, 0x5D, 0xA2, 0x6B, 0x5E, 0x11, 0xFD, 0x72, 0x42, 0x3C, 0x9E,
    0x16, 0xCA, 0x1F, 0x08, 0x18, 0xD7, 0x35, 0x78, 0xF8, 0xD7, 0xFA, 0x99, 0xB9, 0xCA, 0x9D, 0x84,
    0x95, 0x6B, 0x7F, 0x0A, 0x67, 0x8A, 0x1F, 0x45, 0x87, 0xAA, 0x44, 0x54, 0xE8, 0x8D, 0xDC, 0x89,
    0xB6, 0x74, 0x4E, 0xD1, 0x85, 0x32, 0xE8, 0x08, 0x5B, 0x6E, 0x3C, 0x9D, 0x89, 0x58, 0xBC, 0xD8,
    0x75, 0xEB, 0xD5, 0xB6, 0xD9, 0x53, 0xB6, 0x11, 0x13, 0x4F, 0x46, 0x6E, 0x45, 0xE1, 0xF5, 0xD5,
    0xA3, 0xEA, 0x84, 0xF7, 0xF7, 0x37, 0x99, 0x1D, 0x35, 0x74, 0x53, 0xE4, 0x13, 0xD7, 0x8D, 0xF7,
    0xB1, 0xE5, 0x87, 0x78, 0x4B, 0x3A, 0xEE, 0x0B, 0x0F, 0xCD, 0xDC, 0x0C, 0x64, 0x7F, 0x3E, 0xE2,
    0x0A, 0x7C, 0xCC, 0x22, 0x09, 0x15, 0x55, 0x4F, 0x1E, 0x86, 0x25, 0xC2, 0x12, 0x23, 0x13, 0x69,
    0xC9, 0x0A, 0x11, 0x17, 0xAD, 0x88, 0xF1, 0x82, 0x09, 0xB3, 0x7F, 0xB0, 0x59, 0x8D, 0x73, 0x4B,
    0xDF, 0x54, 0x4C, 0xDB, 0x55, 0xFE, 0x76, 0x33, 0xC6, 0x3C, 0x7C, 0x2D, 0x11, 0xE0, 0x8A, 0x12,
    0x16, 0xEE, 0x49, 0x47, 0x66, 0xF4, 0x8D, 0xAB, 0x42, 0xE8, 0x4B, 0x1E, 0x97, 0xBE, 0x45, 0x41,
    0xAF, 0x5B, 0xE5, 0x43, 0xFE, 0x1D, 0x79, 0xE9, 0xBD, 0xEC, 0xAC, 0x0E, 0x40, 0x5C, 0xB1, 0x8E,
    0x15, 0x95, 0x6D, 0xF5, 0x53, 0x27, 0x21, 0x59, 0x9C, 0x0F, 0xF7, 0x57, 0x9D, 0x8E, 0x7A, 0xAB,
    0xA7, 0x1C, 0xCF, 0x80, 0xCE, 0x74, 0xB8, 0xDB, 0x27, 0xEB, 0xAB, 0xFA, 0x5C, 0x78, 0xEE, 0xC5,
    0x80, 0xBB, 0x9F, 0x2B, 0xCE, 0x7C, 0x32, 0xE4, 0xA3, 0x7E, 0x12, 0x4B, 0x32, 0xE8, 0xAE, 0xFB,
    0x55, 0xC4, 0x4E, 0x3F, 0x55, 0x60, 0x46, 0x73, 0xC7, 0x8F, 0x3F, 0x71, 0x59, 0x66, 0xD4, 0xBF,
    0x18, 0x84, 0x67, 0xCE, 0x9D, 0xA7, 0x19, 0x3D, 0x3C, 0x84, 0x87, 0x27, 0x2D, 0x5B, 0x0F, 0x9F,
    0xA7, 0x61, 0x59, 0x53, 0x36, 0x96, 0xBB, 0x92, 0xBD, 0xA4, 0xBA, 0x4A, 0x13, 0x9C, 0x2D, 0x59,
    0x52, 0xD9, 0xEB, 0x53, 0xA5, 0xF8, 0x64, 0x4D, 0x88, 0x46, 0x76, 0x09, 0xCF, 0xA3, 0xB2, 0x40,
    0xBE, 0x5C, 0x1A, 0x02, 0x1E, 0x6A, 0x84, 0x70, 0x31, 0xDA, 0xD0, 0x83, 0x25, 0x32, 0x24, 0x1D,
    0xCB, 0x79, 0x90, 0xE1, 0x28, 0xBF, 0x0C, 0xA7, 0x36, 0x73, 0x30, 0xCD, 0x5A, 0x81, 0xBE, 0x68,
    0x7B, 0xAE, 0x90, 0x0C, 0x65, 0x0B, 0x3E, 0x64, 0x3D, 0x8E, 0x3D, 0x6B, 0xDF, 0xE9, 0x2B, 0x6C,
    0xF6, 0xCC, 0xC0, 0xE3, 0x10, 0x33, 0xAC, 0xCC, 0xE9, 0x77, 0xA8, 0x52, 0x66, 0x93, 0x2D, 0x21,
    0x4F, 0x64, 0xAB, 0x5E, 0x8B, 0x19, 0x95, 0x26, 0x84, 0xA9, 0x09, 0xE8, 0xA7, 0x8C, 0xAC, 0xFC,
    0x4C, 0x96, 0x16, 0xF2, 0x7F, 0x23, 0xB7, 0xC6, 0x37, 0xC2, 0x9D, 0x8A, 0xB2, 0x3E, 0x77, 0x45,
    0x9B, 0x0E, 0x9F, 0x50, 0xF4, 0xFA, 0x80, 0x11, 0x0F, 0x3A, 0x9C, 0x0D, 0x8D, 0x34, 0xAA, 0x8B,
    0x5D, 0x4D, 0xEA, 0xF1, 0xC5, 0xD1, 0x11, 0x5F, 0x98, 0xE4, 0x25, 0x23, 0x80, 0xF6, 0x0E, 0x80,
    0xCA, 0xCE, 0xCF, 0xB8, 0xA7, 0x9A, 0xE0, 0xAD, 0x64, 0x51, 0x2D, 0xED, 0x01, 0x5C, 0x2B, 0x24,
    0xA6, 0x38, 0xF9, 0x06, 0x50, 0xF6, 0x00, 0x84, 0x4C, 0x1F, 0x83, 0x0B, 0x5E, 0x22, 0xAA, 0x42,
    0x89, 0xBC, 0xDD, 0x77, 0x50, 0x98, 0xC9, 0xC2, 0x0D, 0x6F, 0x35, 0xFB, 0x90, 0x44, 0x44, 0xB7,
    0x94, 0x4C, 0x04, 0x35, 0xD1, 0xA4, 0x94, 0xE8, 0x2E, 0x31, 0x9B, 0x4E, 0xEA, 0x6E, 0xBB, 0xD7,
    0x06, 0x22, 0x52, 0x23, 0x29, 0x32, 0x02, 0x75, 0x0D, 0xA8, 0x0E, 0xC2, 0xB3, 0x33, 0x24, 0x76,
    0xA2, 0x88, 0x4F, 0xA9, 0xDF, 0x07, 0xED, 0x12, 0xD2, 0x77, 0x50, 0xBA, 0xFD, 0x8A, 0xAC, 0x43,
    0x88, 0x88, 0x6D, 0x8B, 0xCC, 0xAC, 0x71, 0xD6, 0xEB, 0xF6, 0xF6, 0x49, 0xB3, 0xEC, 0xB1, 0x51,
    0x6B, 0x57, 0x17, 0xD2, 0x89, 0x5F, 0x88, 0xE1, 0x0C, 0x36, 0xC6, 0x3A, 0xAF, 0x3C, 0xF5, 0xCA,
    0x51, 0xAF, 0xFC, 0xF4, 0x38, 0xB1, 0x6A, 0x14, 0xEA, 0x4E, 0xFE, 0x4B, 0x85, 0xD5, 0xAB, 0xD4,
    0xA8, 0x51, 0xE9, 0x48, 0x81, 0x15, 0x9E, 0xB5, 0x83, 0x32, 0xB8, 0x24, 0xCE, 0x47, 0xB4, 0x6E,
    0x7E, 0x51, 0x7C, 0x58, 0x0D, 0xFE, 0x3A, 0x57, 0xA4, 0x98, 0x50, 0x94, 0x26, 0x2A, 0xA2, 0x4C,
    0x05, 0x54, 0xA2, 0x26, 0x77, 0x73, 0x71, 0xF6, 0xBE, 0xD1, 0x9C, 0x6E, 0xE7, 0x4D, 0x1B, 0xF1,
    0x69, 0xD1, 0x24, 0xDF, 0xA5, 0xEA, 0xBD, 0x0A, 0xA5, 0xA0, 0x11, 0xD6, 0x47, 0x9A, 0x60, 0xCA,
    0x57, 0xE4, 0x55, 0xE1, 0xBD, 0x16, 0xB5, 0x93, 0xB8, 0x0D, 0x62, 0x28, 0xD8, 0xA0, 0x34, 0x3B,
    0x59, 0xC7, 0xF6, 0x04, 0x68, 0xC6, 0xC9, 0xF7, 0x68, 0xCE, 0x87, 0xF9, 0x45, 0xB2, 0xD9, 0x6F,
    0xBB, 0x7A, 0x19, 0xB5, 0x5C, 0x28, 0x7F, 0x73, 0x88, 0x06, 0x4E, 0x26, 0x14, 0x8F, 0xDF, 0xFE,
    0x53, 0x85, 0xF7, 0x62, 0x66, 0xE4, 0x5F, 0xAE, 0xC3, 0x5C, 0x62, 0xA6, 0xEF, 0xE2, 0x31, 0xD9,
    0x66, 0x43, 0xDE, 0x4B, 0x4A, 0xB2, 0x9C, 0xD2, 0xBF, 0xD3, 0x67, 0xD2, 0xC2, 0x9C, 0x4B, 0x8E,
    0xF9, 0xC5, 0x73, 0xE5, 0xC8, 0xF5, 0x25, 0x5D, 0x6F, 0x28, 0xD8, 0xDC, 0x21, 0x30, 0xC1, 0x05,
    0xC1, 0x9F, 0x98, 0x8B, 0x22, 0x84, 0x26, 0x8A, 0x83, 0xCF, 0xBD, 0xE7, 0xBF, 0xB5, 0xAA, 0x76,
    0xCA, 0x83, 0xD4, 0x35, 0x66, 0x49, 0x3B, 0x93, 0xF3, 0x08, 0xAB, 0xA3, 0x2A, 0xB5, 0x58, 0x9B,
    0x38, 0x28, 0x31, 0xEE, 0xA2, 0xA6, 0xF7, 0x68, 0x49, 0x19, 0xAE, 0xCE, 0xA5, 0xDB, 0x75, 0x57,
    0x60, 0x24, 0xE9, 0x04, 0x4F, 0xAC, 0x66, 0x47, 0xF1, 0xFA, 0x19, 0x09, 0xC5, 0xA3, 0x99, 0x36,
    0x8F, 0x4C, 0x86, 0x26, 0x48, 0x62, 0xD3, 0x11, 0xB7, 0xAA, 0x7C, 0x9E, 0x7E, 0x58, 0xB2, 0x8B,
    0xBB, 0x8E, 0x29, 0x78, 0xE4, 0x86, 0x35, 0x63, 0xD2, 0x26, 0xDC, 0x23, 0x9E, 0xBE, 0xB2, 0xB0,
    0xE7, 0xAE, 0xCF, 0xD5, 0x5D, 0xF9, 0x47, 0xF7, 0xC4, 0x1F, 0x4D, 0x40, 0xAB, 0x61, 0x37, 0x72,
    0x77, 0x8A, 0x7F, 0x52, 0xE1, 0x52, 0xC1, 0xB4, 0x84, 0x58, 0xBA, 0x47, 0xF8, 0xD8, 0x7A, 0x0E,
    0xE8, 0xD6, 0x21, 0x1C, 0x68, 0x2C, 0x80, 0xD5, 0x59, 0x5A, 0x84, 0xBE, 0x83, 0xE6, 0x4C, 0x66,
    0xB2, 0x81, 0x2D, 0x81, 0x47, 0x06, 0xFD, 0xBB, 0xBE, 0xDD, 0xB8, 0x4B, 0xC6, 0x5E, 0x0A, 0x4E,
    0xE3, 0x46, 0x05, 0xEB, 0x87, 0xE4, 0xFF, 0xD0, 0x74, 0x88, 0x37, 0x31, 0xB7, 0x85, 0x57, 0x82,
    0x26, 0x4F, 0x12, 0xF2, 0xEA, 0xC3, 0xC5, 0x13, 0x98, 0x28, 0x3A, 0x28, 0x2A, 0x08, 0x0E, 0x9E,
    0x5D, 0x58, 0x12, 0xB7, 0xBE, 0x92, 0x40, 0x58, 0x71, 0xB9, 0xA2, 0x50, 0x63, 0x5A, 0xA3, 0xD2,
    0x5A, 0xBA, 0x17, 0xA7, 0x32, 0x92, 0x29, 0xB4, 0x0F, 0x03, 0x38, 0x83, 0xB5, 0xC1, 0x60, 0x30,
    0x9A, 0x63, 0x98, 0x0C, 0x42, 0x85, 0xA1, 0x2F, 0x15, 0x50, 0x12, 0x04, 0xD2, 0x01, 0xA0, 0x11,
    0x54, 0x5D, 0xC8, 0x64, 0xD0, 0x18, 0x20, 0x8B, 0xF5, 0x4A, 0xAD, 0x82, 0x2C, 0x55, 0x90, 0xA5,
    0x70, 0x36, 0x93, 0x41, 0x63, 0xA0, 0x6D, 0x79, 0x6F, 0x8D, 0x71, 0x75, 0x41, 0x03, 0x20, 0x1E,
    0xCD, 0x2D, 0x4D, 0xA1, 0xF7, 0x6B, 0x50, 0x5A, 0x7F, 0x33, 0x37, 0x48, 0x0D, 0xE2, 0xD0, 0xF4,
    0x0C, 0xD0, 0xD4, 0xE1, 0x88, 0x96, 0x75, 0x0C, 0x33, 0xCF, 0x8A, 0x25, 0xE1, 0xF8, 0xE2, 0x30,
    0x92, 0xC7, 0x4B, 0x9F, 0xB1, 0x7B, 0xA4, 0x3E, 0xE3, 0x64, 0x59, 0x06, 0x07, 0x70, 0x06, 0x6B,
    0x83, 0x8D, 0xC1, 0x68, 0x05, 0x5E, 0xA8, 0xF3, 0xF4, 0x60, 0x02, 0x2A, 0x04, 0x01, 0x3D, 0x93,
    0x80, 0x36, 0xFA, 0x05, 0xF4, 0xAC, 0x25, 0x3C, 0x21, 0x40, 0x8B, 0x87, 0x16, 0x42, 0x50, 0x90,
    0x40, 0xA0, 0x20, 0x49, 0x8E, 0x82, 0x64, 0x64, 0x0A, 0xE2, 0xF0, 0x01, 0x55, 0x0B, 0x28, 0x1C,
    0x20, 0x1B, 0x00, 0xC9, 0x16, 0x10, 0x79, 0x00, 0x75, 0x06, 0xD5, 0xEF, 0x80, 0x82, 0x01, 0x99,
    0x41, 0x62, 0x40, 0x01, 0x3A, 0x83, 0xAA, 0x3D, 0xA1, 0x7B, 0xF1, 0xEB, 0xD0, 0x2B, 0xD8, 0x07,
    0x4B, 0xBC, 0x16, 0xD5, 0xB6, 0x1A, 0x09, 0x09, 0xE2, 0x92, 0x57, 0x87, 0x12, 0xF5, 0xF3, 0x27,
    0x92, 0xD6, 0xD1, 0x04, 0xD7, 0xBE, 0x1E, 0xE7, 0x09, 0xFA, 0xA6, 0xF9, 0xA9, 0x96, 0x37, 0x56,
    0x4A, 0x68, 0xF4, 0xB5, 0x04, 0x97, 0x8A, 0x36, 0x42, 0x02, 0xDC, 0x43, 0x23, 0x93, 0xC1, 0xD2,
    0xCC, 0xB1, 0x84, 0x01, 0x9F, 0x9F, 0xDB, 0xC9, 0xC7, 0xFD, 0x5F, 0x6D, 0xE2, 0xFF, 0xAD, 0x01,
    0x4B, 0xDD, 0xFA, 0xAA, 0x16, 0x9E, 0x8A, 0xB5, 0x9E, 0x2B, 0x6B, 0xCB, 0xAF, 0x44, 0xCB, 0xB3,
    0xB7, 0x6B, 0x68, 0x9B, 0x15, 0x8C, 0xC7, 0xB2, 0xF2, 0xA7, 0xD0, 0x0B, 0x7F, 0xA5, 0x16, 0x58,
    0xF4, 0x34, 0xFC, 0x1A, 0x87, 0xA2, 0x96, 0xE6, 0xBA, 0x47, 0x65, 0xB0, 0x0E, 0x18, 0xD2, 0xCC,
    0x8F, 0x76, 0x6D, 0x97, 0xA8, 0x83, 0x58, 0x9B, 0xCC, 0xEA, 0xFB, 0xA6, 0x42, 0xB9, 0x4F, 0xCD,
    0x64, 0xE5, 0x6F, 0xB3, 0x31, 0xB9, 0x6B, 0xD9, 0xA3, 0xD2, 0x6C, 0x9C, 0x79, 0xB3, 0x26, 0xB4,
    0xF8, 0x1A, 0x7A, 0x0A, 0xFC, 0x6F, 0x6B, 0x62, 0x88, 0xAE, 0x33, 0xD0, 0x3E, 0x34, 0x21, 0x19,
    0x30, 0x53, 0xC5, 0xF2, 0x84, 0xAD, 0x98, 0xC4, 0xC1, 0x29, 0x99, 0xEA, 0xA7, 0xF2, 0x54, 0x57,
    0xFD, 0x12, 0x74, 0x11, 0x8A, 0xA8, 0x5A, 0xA8, 0x9D, 0x36, 0xB4, 0xDA, 0xB4, 0xD7, 0xF6, 0x37,
    0xE5, 0x59, 0xBD, 0x92, 0xDC, 0x44, 0x10, 0x6E, 0x49, 0xC5, 0x89, 0xB2, 0x82, 0x89, 0x08, 0xB0,
    0x03, 0xC5, 0x17, 0xE9, 0x05, 0xA0, 0x24, 0xF3, 0x04, 0x04, 0xE4, 0xA4, 0x50, 0x04, 0x4E, 0x08,
    0x31, 0x12, 0x38, 0x20, 0x3D, 0xDE, 0xC0, 0x81, 0x03, 0x3F, 0x04, 0x77, 0x52, 0x15, 0x01, 0xE9,
    0x16, 0x29, 0x01, 0xAA, 0x82, 0x1C, 0x05, 0xAA, 0xB2, 0xAE, 0xD0, 0x68, 0xE8, 0xEE, 0x6F, 0x74,
    0xD2, 0xD6, 0xED, 0x6E, 0x95, 0x7D, 0x77, 0xE6, 0x7E, 0xC6, 0xD6, 0xF4, 0xDC, 0x4A, 0x3B, 0xD3,
    0xFD, 0x7D, 0xDD, 0xD3, 0x3D, 0x5A, 0x8A, 0x9C, 0x1B, 0x89, 0x68, 0x5B, 0x1C, 0x6A, 0xA1, 0x73,
    0xE7, 0x2C, 0x72, 0xE7, 0xDC, 0x86, 0x02, 0xEE, 0xDD, 0x40, 0xF1, 0x54, 0x50, 0x32, 0x91, 0xE9,
    0xF8, 0x86, 0x2B, 0xB2, 0x46, 0xEE, 0x37, 0x79, 0xC1, 0xC2, 0x6C, 0x6A, 0xF9, 0x52, 0xD2, 0x9D,
    0x89, 0x88, 0x3B, 0x2B, 0x22, 0xF2, 0xA2, 0xBF, 0x01, 0x31, 0x2F, 0xE4, 0x97, 0xF5, 0x4A, 0x78,
    0x95, 0xBC, 0x82, 0xF1, 0xC4, 0x4F, 0x4C, 0xB3, 0xF2, 0xDE, 0x14, 0x3A, 0xBA, 0x30, 0xAC, 0xD9,
    0xEE, 0xF7, 0xB5, 0xCC, 0x4D, 0x0A, 0x87, 0x6B, 0x29, 0xD1, 0x99, 0xB2, 0x5E, 0xA6, 0xCD, 0x2B,
    0xA2, 0x9A, 0x64, 0xFD, 0xBC, 0x9A, 0xE4, 0xB1, 0x46, 0x34, 0x4B, 0xDF, 0xBA, 0xC7, 0x77, 0x31,
    0x0F, 0xE6, 0xC4, 0xFC, 0x46, 0xD7, 0xC2, 0xBA, 0xD0, 0x61, 0x6E, 0xA6, 0xA1, 0x5C, 0xAC, 0x86,
    0x88, 0x5B, 0xFA, 0x5E, 0x10, 0x19, 0x42, 0xA5, 0xD4, 0x39, 0x31, 0x9E, 0x52, 0x57, 0x3D, 0x70,
    0x82, 0xD1, 0x46, 0x41, 0xCB, 0xF7, 0x67, 0x94, 0x31, 0x28, 0xF9, 0xCF, 0x32, 0xA5, 0xD1, 0x00,
    0x08, 0xE4, 0xF9, 0xDB, 0x4D, 0x79, 0x30, 0xA6, 0x8D, 0xD2, 0x2B, 0x0F, 0x32, 0x1E, 0xA5, 0x7A,
    0xC0, 0x46, 0x41, 0x4A, 0x7F, 0x18, 0x44, 0xE4, 0x91, 0x52, 0xFE, 0x3C, 0xDE, 0x3C, 0x74, 0xCA,
    0xF3, 0x17, 0x3D, 0xF7, 0x65, 0x22, 0xCF, 0x5A, 0xA1, 0x3C, 0x1C, 0x84, 0xF2, 0xA8, 0xD3, 0x78,
    0xD9, 0x9C, 0x6A, 0xF0, 0x1C, 0xDA, 0xF9, 0x6E, 0x0F, 0xF1, 0xC2, 0x55, 0x24, 0x56, 0x72, 0x20,
    0x8B, 0x95, 0xBF, 0x62, 0xAC, 0x86, 0xBF, 0xD1, 0x71, 0xA1, 0xD4, 0xB9, 0x1E, 0x7B, 0x82, 0x08,
    0x3F, 0x06, 0x62, 0x18, 0xAB, 0xD7, 0x18, 0x8C, 0xD5, 0x75, 0x12, 0x8C, 0x01, 0x35, 0xC6, 0x9E,
    0x84, 0x2B, 0x8C, 0xC1, 0xC6, 0xEE, 0x71, 0x7F, 0x0D, 0xF3, 0x5F, 0xD6, 0xB9, 0xA4, 0xC5, 0x2E,
    0x75, 0x94, 0xF4, 0xB2, 0xED, 0x70, 0x19, 0x8C, 0xC5, 0x6F, 0x92, 0x7F, 0x31, 0x56, 0x0C, 0xFF,
    0x02, 0x86, 0x8A, 0xED, 0x67, 0x1E, 0x67, 0x76, 0xA3, 0xBF, 0xA9, 0xC6, 0x38, 0x73, 0x56, 0x38,
    0x38, 0x51, 0x56, 0x36, 0x99, 0x24, 0x4C, 0xF1, 0x88, 0x5E, 0xEE, 0x2A, 0x6B, 0xC2, 0x52, 0x0D,
    0x16, 0x79, 0xDA, 0x54, 0x83, 0x25, 0x67, 0xFA, 0x4C, 0x3B, 0x79, 0x3D, 0x10, 0x32, 0xE9, 0xAE,
    0x91, 0xCC, 0xB2, 0x7F, 0xD4, 0xCC, 0x96, 0xEF, 0x1B, 0x85, 0x2F, 0x97, 0x35, 0xE6, 0x75, 0x93,
    0x56, 0x74, 0x71, 0xAA, 0xCB, 0x85, 0x7E, 0xCD, 0xA2, 0xF3, 0x62, 0x07, 0xDB, 0x76, 0x0E, 0xDB,
    0xB8, 0x3D, 0x2E, 0x16, 0x3F, 0x21, 0x75, 0xF1, 0x19, 0x75, 0x0E, 0x1E, 0x40, 0xD7, 0x01, 0x4D,
    0xEC, 0x2E, 0x8F, 0x8A, 0x7D, 0xB1, 0xE3, 0x43, 0xD2, 0xE3, 0xAA, 0xA2, 0x85, 0xC6, 0x70, 0x81,
    0x68, 0x54, 0x11, 0x40, 0x90, 0x17, 0xF6, 0x80, 0xD8, 0xFA, 0x42, 0x08, 0x11, 0x63, 0xB2, 0x72,
    0xB3, 0x5E, 0xC8, 0x2F, 0xDB, 0xAB, 0xE6, 0xB1, 0x85, 0x01, 0x75, 0xA1, 0x82, 0x51, 0xB2, 0x50,
    0x5F, 0x44, 0x02, 0x95, 0xD8, 0x26, 0x0B, 0xC7, 0x52, 0x31, 0x6C, 0x69, 0xE6, 0x57, 0x9F, 0x20,
    0x6A, 0x88, 0x52, 0x3F, 0x61, 0x25, 0xF8, 0xAB, 0x3C, 0x57, 0xAA, 0xC9, 0xF7, 0x78, 0xB1, 0xDE,
    0x86, 0xCE, 0xB2, 0xCF, 0xB0, 0x16, 0x96, 0x78, 0x4B, 0x62, 0x0F, 0x72, 0xF2, 0x05, 0xB2, 0x6F,
    0xF3, 0xFF, 0xFE, 0x43, 0xB8, 0xB3, 0x3D, 0xAA, 0xD6, 0x1E, 0x66, 0x9A, 0xB5, 0xC8, 0x20, 0xCA,
    0x0A, 0x91, 0xAB, 0x7F, 0x44, 0xF0, 0xCF, 0x00, 0xE1, 0x4C, 0xD5, 0x4C, 0x00, 0x31, 0x03, 0xC4,
    0x14, 0x90, 0x13, 0x2C, 0x79, 0x36, 0x29, 0x82, 0x9C, 0xEA, 0x01, 0x7B, 0xDE, 0xF5, 0x5A, 0xB7,
    0xD7, 0xFE, 0xB3, 0x11, 0x97, 0x54, 0x5D, 0x31, 0x83, 0x97, 0x72, 0x94, 0xE4, 0xBC, 0x64, 0xCA,
    0xF1, 0xF1, 0x21, 0x76, 0x2B, 0xAE, 0xCC, 0x64, 0x73, 0x52, 0x43, 0x4C, 0x93, 0x23, 0x96, 0x4E,
    0x35, 0xB2, 0xCE, 0x11, 0x5A, 0xA8, 0xD5, 0x38, 0xBB, 0x01, 0x06, 0x7A, 0xA8, 0xA1, 0xF5, 0x31,
    0x05, 0xAF, 0xD2, 0x2A, 0xEA, 0x92, 0x8D, 0x69, 0xA2, 0x3E, 0x2B, 0x68, 0x64, 0x98, 0x72, 0x8F,
    0xEA, 0xD1, 0x76, 0x25, 0xCB, 0x15, 0x41, 0x67, 0x7E, 0x77, 0x9D, 0xF9, 0x93, 0x2F, 0x26, 0xD9,
    0xF0, 0x1C, 0x66, 0xC0, 0x6E, 0x6F, 0x5A, 0x78, 0xD1, 0xBB, 0x5E, 0xDC, 0x8E, 0x4E, 0x16, 0x57,
    0x84, 0xEF, 0x95, 0xCB, 0x96, 0x18, 0x0C, 0x28, 0x54, 0x0E, 0x54, 0x10, 0x4F, 0x24, 0x87, 0x68,
    0x86, 0xE1, 0x2D, 0x98, 0x5B, 0x23, 0xBA, 0x65, 0x9D, 0x50, 0x1C, 0xF7, 0x92, 0xA9, 0xC2, 0x31,
    0x57, 0x40, 0x74, 0x5A, 0xF4, 0x5F, 0x60, 0x89, 0x7C, 0xB5, 0x13, 0x67, 0xAD, 0xAA, 0x31, 0x15,
    0x48, 0xA3, 0xAF, 0x44, 0x0F, 0x25, 0xE3, 0xA8, 0x76, 0x5A, 0xDA, 0x7F, 0x03, 0xDF, 0x79, 0xA2,
    0xD5, 0x4C, 0x30, 0xAD, 0x76, 0x6F, 0x4C, 0x56, 0xDA, 0x55, 0xAF, 0x37, 0xCA, 0x52, 0x26, 0xAB,
    0x45, 0x93, 0xD0, 0x8A, 0x56, 0xE9, 0xA8, 0x1A, 0x76, 0x84, 0x8C, 0xA7, 0x9A, 0x73, 0xFB, 0x1A,
    0x7C, 0x29, 0x77, 0x7E, 0xF7, 0x57, 0x38, 0xA4, 0x92, 0x82, 0x8E, 0xC7, 0x97, 0xCD, 0x7E, 0xC6,
    0xBA, 0x49, 0xBA, 0xAF, 0xA4, 0x94, 0x69, 0x39, 0x1F, 0x19, 0x31, 0x36, 0x1A, 0xCA, 0xD9, 0xD4,
    0xD7, 0xE5, 0x85, 0x71, 0x99, 0xD4, 0x6A, 0x89, 0x9B, 0x3E, 0xA7, 0xA0, 0x16, 0x37, 0xE3, 0x5E,
    0xAC, 0xFD, 0x72, 0x80, 0x2B, 0x0A, 0xD8, 0x1A, 0x78, 0x1A, 0xB5, 0xB5, 0x4C, 0xC0, 0x81, 0x95,
    0x8C, 0x92, 0x20, 0x3B, 0xD1, 0xB8, 0x61, 0x28, 0xCE, 0xE1, 0x70, 0x12, 0x02, 0xA8, 0x81, 0x35,
    0xAE, 0x14, 0xDA, 0xB0, 0x97, 0x88, 0x4B, 0x36, 0x12, 0x7E, 0x69, 0x05, 0xCA, 0xEE, 0x29, 0x57,
    0x1A, 0xBC, 0xB2, 0xC1, 0xC5, 0xFF, 0xF0, 0x93, 0xE6, 0x37, 0x56, 0x24, 0x0F, 0x39, 0x54, 0x4F,
    0x39, 0xBE, 0x99, 0xC2, 0x9C, 0x82, 0x97, 0xF4, 0xF8, 0x36, 0x70, 0x75, 0xE7, 0x91, 0x8E, 0x75,
    0x2B, 0x30, 0xAA, 0x85, 0x51, 0x97, 0x32, 0xC8, 0x45, 0x59, 0xB5, 0x24, 0x2B, 0xF4, 0x9A, 0xAA,
    0x32, 0xBD, 0x9B, 0x0D, 0xEF, 0x0F, 0xEE, 0x3E, 0xD6, 0xB3, 0xD0, 0x33, 0x0D, 0x8D, 0x5F, 0xE4,
    0x51, 0x55, 0x53, 0x61, 0x51, 0x54, 0x50, 0xCE, 0x8D, 0x73, 0x27, 0x49, 0x2B, 0x94, 0x1B, 0x21,
    0xAF, 0xE3, 0x03, 0x05, 0x41, 0x83, 0x00, 0x42, 0x30, 0xF9, 0xC0, 0x42, 0x90, 0x21, 0xE0, 0xEE,
    0x67, 0x30, 0x71, 0xBE, 0xCA, 0x04, 0x98, 0xE7, 0x32, 0x8F, 0x68, 0xFE, 0x42, 0xF2, 0xC9, 0x1F,
    0x1B, 0xD1, 0xA2, 0x9A, 0x2B, 0x8F, 0xAF, 0x76, 0x6D, 0x7C, 0xE7, 0x0B, 0xBB, 0x1D, 0xB3, 0x9B,
    0x88, 0xB1, 0xE1, 0x78, 0xC1, 0x2E, 0x5D, 0x77, 0x30, 0xB9, 0x4B, 0x6D, 0xCE, 0x57, 0x77, 0xA6,
    0x07, 0xD3, 0x60, 0x5D, 0xF9, 0xCE, 0xED, 0x8A, 0xC1, 0x7C, 0xD5, 0x03, 0x41, 0xC5, 0xA6, 0x6C,
    0x2F, 0xD5, 0x60, 0x3B, 0x2E, 0xC1, 0x6A, 0xBE, 0xAE, 0x54, 0xF3, 0x09, 0x09, 0xB5, 0xBC, 0x2F,
    0xE2, 0x79, 0x52, 0xBE, 0x24, 0x56, 0x42, 0xF6, 0x89, 0xA8, 0xC5, 0x69, 0x32, 0x96, 0x77, 0x86,
    0x12, 0x11, 0x52, 0x0E, 0xC8, 0xC5, 0x63, 0xC3, 0x9F, 0x19, 0xFF, 0xA6, 0x2E, 0x2F, 0xE4, 0xD8,
    0x6A, 0x1A, 0x79, 0x24, 0x6E, 0xF5, 0xD4, 0xD6, 0xAB, 0x4D, 0xA3, 0xDA, 0x8A, 0x33, 0x6A, 0xAA,
    0x36, 0x1D, 0x15, 0xFB, 0x8A, 0xBE, 0xBB, 0xCD, 0xF3, 0x7C, 0x76, 0xE4, 0x7E, 0x9C, 0x0B, 0xC3,
    0x44, 0xFB, 0x54, 0x4B, 0xC6, 0x52, 0xEA, 0xC7, 0xC0, 0x69, 0x31, 0x89, 0xA3, 0xD2, 0xB7, 0xA4,
    0x6E, 0xBE, 0xD5, 0xFB, 0x0A, 0xFC, 0x26, 0x7A, 0xBF, 0x7B, 0x28, 0xFC, 0xB9, 0xAE, 0x95, 0x6A,
    0x1F, 0xFA, 0xD5, 0x6F, 0x08, 0x7F, 0x7D, 0x2F, 0xD2, 0xAC, 0xFB, 0x1B, 0xC1, 0xFF, 0x70, 0x94,
    0x34, 0xF3, 0x75, 0x95, 0x67, 0x10, 0x25, 0x05, 0xD0, 0x13, 0xEC, 0x04, 0xB9, 0x70, 0xA2, 0x8F,
    0x34, 0x41, 0xEA, 0x99, 0x27, 0xFB, 0x49, 0xDF, 0xEB, 0xE5, 0xA4, 0x6F, 0x5C, 0x8F, 0x29, 0x47,
    0xF5, 0x1C, 0xEC, 0xCB, 0x23, 0x78, 0xB3, 0xD9, 0xDC, 0x7A, 0x71, 0x86, 0xEC, 0x8F, 0xDD, 0xBD,
    0xD0, 0xFD, 0xBD, 0xD6, 0x78, 0x0E, 0xAD, 0x9E, 0x49, 0xD2, 0x11, 0x3C, 0xB3, 0xB9, 0xB5, 0xA6,
    0x19, 0xBC, 0x5E, 0x92, 0x4D, 0xE5, 0x83, 0x22, 0x72, 0x9C, 0x63, 0xE3, 0xD6, 0x3E, 0xAB, 0x4C,
    0xC3, 0xA5, 0x42, 0x50, 0xC4, 0xC3, 0x2E, 0x1C, 0xEC, 0xB5, 0x75, 0x81, 0x74, 0x91, 0x3D, 0x93,
    0x33, 0x1C, 0xAB, 0x9C, 0x5A, 0xCE, 0x2C, 0x67, 0x96, 0x33, 0xCB, 0x68, 0x39, 0xB3, 0xB4, 0x96,
    0xEA, 0xA9, 0xB0, 0xF2, 0x1E, 0x52, 0xCB, 0xFD, 0x2D, 0x71, 0xA0, 0xDD, 0x7B, 0xAE, 0x34, 0xE8,
    0x97, 0x6E, 0x0F, 0x04, 0xEF, 0x9B, 0xA6, 0xE5, 0x77, 0xA0, 0x71, 0x11, 0xC9, 0x46, 0x8F, 0x3A,
    0x51, 0xAF, 0x6F, 0xBF, 0x03, 0x87, 0x9F, 0x36, 0xB2, 0x89, 0x1E, 0x38, 0x85, 0xFE, 0xC4, 0x6E,
    0x1A, 0x4E, 0xDE, 0xA6, 0xE2, 0x53, 0x51, 0x56, 0x90, 0x7B, 0xEA, 0x64, 0xCB, 0x1A, 0xE5, 0xA1,
    0x93, 0x5B, 0xC4, 0x28, 0x19, 0xFC, 0x38, 0x91, 0xC3, 0xD7, 0x46, 0x1C, 0x28, 0xBA, 0x68, 0x2D,
    0x7A, 0x1C, 0x45, 0x4E, 0xD3, 0x6A, 0xF5, 0x64, 0x32, 0x3C, 0x4C, 0x62, 0x39, 0xDF, 0x54, 0xB2,
    0x51, 0xF1, 0xCD, 0xEC, 0x29, 0x63, 0xF0, 0x29, 0x7D, 0x47, 0xF4, 0x09, 0xFF, 0xC3, 0x28, 0xFB,
    0x71, 0xF0, 0x77, 0xA5, 0xCA, 0xF8, 0x5F, 0x29, 0xFE, 0x0F, 0xDD, 0x57, 0xB1, 0x8E, 0xE4, 0x44,
    0x10, 0x2D, 0xDB, 0xD2, 0x59, 0xC2, 0x81, 0x13, 0x12, 0x48, 0x3A, 0x26, 0xF2, 0x1F, 0xD0, 0x96,
    0xF8, 0x00, 0xF8, 0xA1, 0x5D, 0x1B, 0xBE, 0x80, 0x3F, 0x80, 0xE0, 0x72, 0x7E, 0x60, 0x67, 0xEC,
    0x8C, 0xE0, 0x12, 0x0B, 0x7E, 0xC0, 0x12, 0x97, 0x9F, 0x11, 0x16, 0xB2, 0x74, 0xED, 0x31, 0xEF,
    0x55, 0xD9, 0xB3, 0x9E, 0xDD, 0xBD, 0xB9, 0x13, 0x62, 0x75, 0xE8, 0x66, 0xA5, 0xAE, 0x9A, 0xE9,
    0xEA, 0xAE, 0xAE, 0xF7, 0xAA, 0xAA, 0x7B, 0x45, 0x92, 0xC9, 0xD7, 0x22, 0x92, 0x0D, 0x15, 0x46,
    0xC9, 0xBB, 0x99, 0xA2, 0xF8, 0x21, 0x50, 0xF8, 0x64, 0xA0, 0x38, 0x64, 0x1D, 0x45, 0xC8, 0x5B,
    0xB9, 0xFA, 0xD1, 0xA5, 0xAE, 0xFD, 0xDF, 0x8B, 0xA3, 0x86, 0x58, 0x6B, 0xC0, 0xBE, 0xD4, 0xF0,
    0x1B, 0x71, 0xBD, 0x48, 0x3C, 0x4B, 0x0E, 0x1B, 0x17, 0x24, 0x59, 0xF0, 0x41, 0xF0, 0x0D, 0x04,
    0xE6, 0x5F, 0x2C, 0xCB, 0x6B, 0x5A, 0x37, 0x39, 0xAC, 0x82, 0x6B, 0x25, 0x9E, 0x7C, 0x29, 0x09,
    0x31, 0xCB, 0x3A, 0x40, 0x95, 0x7F, 0x3F, 0x61, 0x47, 0x43, 0xEB, 0x49, 0x58, 0xE6, 0xFF, 0x6C,
    0x88, 0x38, 0x24, 0x33, 0x62, 0x48, 0x67, 0xB8, 0x77, 0xB3, 0xEF, 0xE4, 0x38, 0xBB, 0x65, 0x09,
    0x73, 0xBA, 0x2C, 0xFD, 0x2C, 0xCD, 0xA9, 0x9C, 0x3F, 0x19, 0x26, 0x46, 0x63, 0xA2, 0x53, 0x26,
    0x4E, 0xA2, 0x4C, 0xF4, 0x8A, 0xAA, 0x2B, 0x55, 0xDC, 0x1A, 0xC6, 0x61, 0x2F, 0xA2, 0xF5, 0xDB,
    0x29, 0x52, 0xB1, 0x2C, 0x2A, 0x2A, 0x13, 0xD9, 0xBC, 0x32, 0xF2, 0x5C, 0x63, 0xA4, 0x63, 0x32,
    0x8B, 0x52, 0x24, 0xCA, 0x91, 0x28, 0x49, 0xA2, 0x2C, 0x89, 0xD1, 0x44, 0x9E, 0xF4, 0x9C, 0xE9,
    0x60, 0x58, 0x18, 0x06, 0x3A, 0xDA, 0x79, 0x75, 0xF4, 0xF5, 0x77, 0x1C, 0x35, 0xE8, 0x5C, 0xC7,
    0x98, 0x09, 0xB9, 0x4D, 0x6B, 0x7C, 0xF5, 0xAA, 0x24, 0x6F, 0xBB, 0x55, 0xCB, 0x7E, 0x1F, 0x57,
    0xCD, 0xD5, 0x2B, 0x18, 0xD8, 0x75, 0x5B, 0x12, 0x00, 0xB9, 0x69, 0x2F, 0xE5, 0x45, 0x29, 0xEF,
    0xFB, 0x54, 0x67, 0xC9, 0x83, 0x7D, 0x6E, 0x5A, 0x69, 0xC7, 0x3C, 0x0A, 0x49, 0x6B, 0x6A, 0xC6,
    0xCE, 0x4D, 0x97, 0x96, 0x1A, 0x83, 0xA1, 0x16, 0x04, 0x2D, 0x23, 0x02, 0x7B, 0x60, 0x24, 0xEF,
    0x24, 0xF9, 0xAB, 0x47, 0xE1, 0xA8, 0xF6, 0xC7, 0x80, 0xC6, 0x23, 0x59, 0x2F, 0xE9, 0x6F, 0xA0,
    0x78, 0x24, 0x08, 0x59, 0x3B, 0xA1, 0xA2, 0xA8, 0xE5, 0x6D, 0xA0, 0xC0, 0x17, 0x57, 0xDE, 0xA9,
    0x36, 0x4A, 0x01, 0xA6, 0x33, 0x5D, 0xEE, 0xF1, 0x87, 0x2D, 0xA0, 0xDD, 0xE2, 0x57, 0x3A, 0x08,
    0x72, 0x07, 0xCB, 0x5C, 0x1D, 0xC2, 0x51, 0xED, 0xF4, 0x10, 0x70, 0xD4, 0xF2, 0x48, 0x73, 0x3C,
    0xA2, 0x48, 0x79, 0xE0, 0x23, 0x76, 0x4C, 0x7A, 0x6A, 0x55, 0xD2, 0x63, 0x7B, 0x06, 0xE0, 0x53,
    0x6C, 0xA5, 0xBD, 0xCF, 0x73, 0xAB, 0x89, 0xF9, 0xE4, 0xBF, 0xC5, 0xB2, 0xC0, 0xDC, 0x2C, 0x7E,
    0x82, 0xF1, 0x1D, 0xA9, 0x75, 0xBF, 0x60, 0xB8, 0x21, 0x96, 0x8E, 0x79, 0xE4, 0xA9, 0x31, 0x43,
    0x57, 0x4D, 0x27, 0x26, 0xB2, 0xA9, 0x5F, 0x49, 0x69, 0x3C, 0x69, 0x3F, 0x55, 0xE8, 0x36, 0x94,
    0x8B, 0x7E, 0x85, 0x72, 0xA5, 0x27, 0x1C, 0x8C, 0xB8, 0xC1, 0x28, 0xCF, 0x3A, 0x6B, 0xB1, 0x45,
    0x9D, 0xAA, 0xE1, 0x17, 0x12, 0xFD, 0x7C, 0x95, 0x17, 0x24, 0x78, 0xC2, 0x4E, 0x84, 0x65, 0xC9,
    0x08, 0x26, 0xE0, 0x2E, 0x1D, 0x10, 0x74, 0x01, 0x38, 0x07, 0xC0, 0xE0, 0x01, 0x66, 0x8F, 0x49,
    0x3F, 0x62, 0x0A, 0x93, 0x07, 0x32, 0x02, 0x18, 0x03, 0x00, 0x6B, 0x01, 0xEC, 0x74, 0x03, 0x5F,
    0xC9, 0x10, 0x8F, 0x00, 0xB5, 0x4C, 0xC6, 0x64, 0x28, 0x00, 0x6E, 0x3C, 0x26, 0xBD, 0x2B, 0x2B,
    0x80, 0xC1, 0xF3, 0x1C, 0xB5, 0xF1, 0x67, 0xAC, 0xD8, 0x90, 0xD7, 0x29, 0xBB, 0xDD, 0xA1, 0x28,
    0x93, 0x01, 0xF2, 0x16, 0xB6, 0x7F, 0x22, 0x4A, 0xFF, 0xB5, 0x44, 0x7F, 0x23, 0x22, 0x8F, 0x68,
    0xDE, 0x22, 0xF4, 0x02, 0x73, 0xCD, 0x60, 0x80, 0x54, 0x08, 0x24, 0xE7, 0x5C, 0x67, 0x99, 0x6E,
    0x19, 0x6E, 0x39, 0x19, 0x5B, 0x45, 0xA6, 0x6F, 0x34, 0x1B, 0xDD, 0xAF, 0x1A, 0xB3, 0x8F, 0x47,
    0x6B, 0x9A, 0xC1, 0x30, 0x24, 0x35, 0xD1, 0x8F, 0xF2, 0xE5, 0x3B, 0x40, 0x68, 0x14, 0xBF, 0xA0,
    0xAD, 0x23, 0x1D, 0x1C, 0xE1, 0xCE, 0xFB, 0x8C, 0xF8, 0x17, 0x6D, 0x32, 0x6A, 0x49, 0xC5, 0xDC,
    0x09, 0xAE, 0x4E, 0xD6, 0x19, 0xAA, 0x92, 0xA9, 0x87, 0x69, 0xA1, 0x19, 0x40, 0x21, 0x47, 0x50,
    0xF1, 0x03, 0x27, 0x2A, 0x6B, 0x20, 0x27, 0xDD, 0x3C, 0xB6, 0x6B, 0xF0, 0x1B, 0x3D, 0x52, 0xF1,
    0x4A, 0x2B, 0x35, 0x5F, 0x94, 0xA3, 0xD4, 0xCA, 0x6E, 0x8D, 0xC1, 0xEE, 0xBE, 0x67, 0x11, 0xF3,
    0xE6, 0x25, 0x7D, 0x03, 0xC7, 0x39, 0x51, 0x52, 0x8C, 0x0E, 0x40, 0x28, 0x62, 0x39, 0x3C, 0x85,
    0xCE, 0x73, 0xDD, 0x39, 0xD9, 0xF9, 0xCE, 0x69, 0x2E, 0xEE, 0x9C, 0xA5, 0x9C, 0xCF, 0x27, 0x0E,
    0x8A, 0x20, 0x0A, 0x29, 0x0E, 0xC0, 0x3A, 0x1D, 0x61, 0xEC, 0x06, 0xC7, 0x2E, 0x0E, 0xE3, 0x85,
    0x8D, 0xF8, 0xB5, 0x5A, 0xDD, 0x90, 0xB9, 0x85, 0xCC, 0x6C, 0x22, 0xB2, 0x1F, 0xAF, 0xF5, 0x22,
    0xA6, 0x0F, 0x52, 0xBD, 0xD5, 0x2A, 0xD3, 0xEA, 0x72, 0x9D, 0xD2, 0xED, 0x6B, 0xB2, 0x0A, 0xFA,
    0xB4, 0xFB, 0x9F, 0x94, 0x71, 0xD2, 0xC7, 0x7B, 0x7A, 0xDC, 0xD3, 0xCD, 0xEE, 0x80, 0x4C, 0x64,
    0xC6, 0xDC, 0xD3, 0x3D, 0x3F, 0xA6, 0xDB, 0xBD, 0xEA, 0x3F, 0x06, 0xDD, 0xF2, 0x99, 0xDD, 0x01,
    0xBB, 0x26, 0x3F, 0xDF, 0x5F, 0x6A, 0xF6, 0xC4, 0xC8, 0xFA, 0x7D, 0x53, 0xB9, 0xFC, 0x78, 0xDE,
    0x97, 0x61, 0x37, 0x5A, 0x30, 0x56, 0x5B, 0x1A, 0xCA, 0xC2, 0x75, 0xD1, 0xC9, 0x0A, 0x47, 0xB7,
    0x7B, 0x64, 0xD2, 0x7C, 0xA0, 0x89, 0xB2, 0x76, 0x61, 0xA2, 0xAD, 0x6F, 0x35, 0xA9, 0x1E, 0x9A,
    0xA4, 0x3B, 0x93, 0xC2, 0x4C, 0xF4, 0x9D, 0xB5, 0xEC, 0xC6, 0xD5, 0x56, 0x39, 0x55, 0x7E, 0x15,
    0x89, 0xEA, 0xDC, 0x35, 0x5E, 0x3E, 0x8A, 0xF8, 0xBC, 0x78, 0x58, 0x9F, 0x0A, 0xB6, 0x84, 0x7E,
    0x95, 0x50, 0xF5, 0xCA, 0x87, 0x9B, 0xF9, 0xAC, 0x36, 0x48, 0x35, 0x5F, 0xD4, 0x8F, 0x5E, 0xBE,
    0xDA, 0x99, 0x8E, 0x1B, 0xD2, 0x0A, 0xF4, 0x6E, 0xD1, 0x85, 0x0F, 0x26, 0x92, 0xDD, 0xD7, 0xC3,
    0xC3, 0xF1, 0xE9, 0x37, 0xF2, 0xFB, 0x49, 0x69, 0xFE, 0x35, 0x29, 0x7B, 0xC4, 0x9B, 0x6B, 0x88,
    0x3F, 0x22, 0xC5, 0xD2, 0x3D, 0x9D, 0x3E, 0x84, 0x94, 0x60, 0x55, 0xBA, 0x1F, 0xB6, 0x47, 0xD7,
    0x55, 0x2A, 0x8A, 0x0B, 0xF6, 0xB4, 0x23, 0x3F, 0x80, 0xFC, 0x74, 0xE6, 0xE9, 0x9E, 0xF2, 0x76,
    0xED, 0xEC, 0xD1, 0x99, 0xA7, 0x7C, 0x78, 0x17, 0x15, 0x5E, 0x78, 0x59, 0xBA, 0x9A, 0xC8, 0x67,
    0x5D, 0x51, 0x92, 0x3B, 0x7D, 0x15, 0x06, 0x0D, 0xAC, 0xB2, 0xC0, 0xBA, 0x4F, 0xB7, 0x62, 0x10,
    0xD5, 0x57, 0xC4, 0x20, 0xE0, 0xBA, 0x24, 0xC0, 0x33, 0xFF, 0x5D, 0xF3, 0xAE, 0x66, 0xEF, 0xDA,
    0x5E, 0x24, 0x4F, 0xBC, 0x23, 0x3E, 0x42, 0xD9, 0xFC, 0x03, 0xED, 0x59, 0xBD, 0xB2, 0xE5, 0xC4,
    0x11, 0x1E, 0x49, 0x55, 0xAB, 0x2A, 0x2B, 0x98, 0xC4, 0x09, 0x6C, 0xA0, 0xD4, 0x4B, 0xA2, 0x17,
    0x00, 0x4B, 0x94, 0x5F, 0xC0, 0x01, 0x39, 0x84, 0x76, 0x11, 0x90, 0x38, 0xC4, 0x96, 0xCC, 0x06,
    0x04, 0x04, 0xEC, 0x23, 0x10, 0x10, 0xEC, 0x43, 0x70, 0xAF, 0xB4, 0x6C, 0x40, 0x7A, 0x88, 0x1C,
    0x38, 0xE0, 0x14, 0x6C, 0x95, 0x03, 0x02, 0x4E, 0x19, 0x55, 0x59, 0x5B, 0x48, 0x1A, 0xF7, 0xF7,
    0x75, 0x8F, 0xEE, 0x39, 0xF7, 0x07, 0xF6, 0x16, 0x05, 0xEB, 0x2D, 0xAF, 0xB6, 0xCE, 0x74, 0xDF,
    0x3D, 0xA3, 0x99, 0xEE, 0x9E, 0xEE, 0xFE, 0xA6, 0xFB, 0xB8, 0x34, 0x84, 0xA7, 0x0E, 0x4F, 0x1D,
    0x42, 0xD8, 0xB9, 0x72, 0x48, 0x84, 0x86, 0x49, 0x98, 0x7C, 0x6D, 0x5C, 0xB1, 0xBA, 0x6A, 0xF0,
    0x07, 0xF9, 0x3A, 0x34, 0x75, 0x57, 0x0D, 0x98, 0xF7, 0x28, 0xB8, 0xBA, 0x11, 0xC6, 0x87, 0xD5,
    0xF5, 0x78, 0xB3, 0x90, 0xE9, 0xE7, 0x60, 0xF2, 0xD0, 0xB9, 0x05, 0x4C, 0x26, 0x6F, 0x5C, 0x62,
    0xC6, 0x5F, 0x9E, 0x91, 0xBD, 0x54, 0x0C, 0x61, 0x54, 0x30, 0x61, 0x54, 0xD4, 0x9D, 0x73, 0x2A,
    0xBC, 0x0C, 0xA6, 0x8E, 0xCC, 0x5B, 0xF5, 0xE3, 0x4C, 0xE5, 0xCD, 0x08, 0xF2, 0xDC, 0x89, 0x66,
    0xA9, 0x44, 0xCB, 0x64, 0x16, 0x2B, 0x85, 0x7D, 0x32, 0x17, 0x98, 0x97, 0xCC, 0xD5, 0x28, 0xEF,
    0xA5, 0x53, 0xDD, 0xC9, 0x3E, 0xD9, 0x88, 0xAD, 0xEA, 0x8F, 0x0F, 0x2B, 0x27, 0x0F, 0x10, 0xA5,
    0x0C, 0x0D, 0xC9, 0x13, 0x0A, 0x56, 0x0E, 0xB7, 0x20, 0x5C, 0x65, 0xA0, 0xF8, 0xB2, 0x3C, 0x77,
    0x90, 0xFF, 0x18, 0x29, 0xA7, 0x57, 0x29, 0x29, 0x8B, 0x49, 0x66, 0xAA, 0x97, 0x43, 0x7B, 0x89,
    0xF6, 0x46, 0x57, 0xA5, 0x8F, 0x67, 0xA5, 0x61, 0x32, 0xBA, 0x57, 0xBA, 0xC6, 0xF7, 0x9F, 0x1B,
    0xE5, 0x89, 0x55, 0x9D, 0x6B, 0x69, 0xFE, 0x86, 0x2A, 0x43, 0xE7, 0x52, 0x54, 0x4C, 0x65, 0x92,
    0x97, 0x4F, 0x29, 0x5A, 0x67, 0x38, 0x23, 0x9C, 0x5C, 0x2F, 0xB4, 0xD3, 0x13, 0x7A, 0x62, 0xFA,
    0x2F, 0x7E, 0xA7, 0x64, 0x38, 0x26, 0xA5, 0x92, 0xBA, 0x03, 0x59, 0x03, 0x67, 0x86, 0x45, 0xC9,
    0x41, 0xDF, 0x73, 0xB7, 0x23, 0x89, 0x92, 0x6C, 0xA1, 0xA3, 0xE5, 0x42, 0x44, 0xEA, 0x52, 0x48,
    0xBD, 0x73, 0xE7, 0x90, 0x33, 0x04, 0xD8, 0x39, 0x0F, 0x6A, 0xDE, 0x7E, 0xA5, 0x1B, 0xA4, 0xA3,
    0xAB, 0xE0, 0x84, 0xB3, 0xFB, 0x1B, 0x75, 0x14, 0x06, 0xAA, 0xDF, 0x3F, 0xD0, 0x45, 0xFF, 0x49,
    0x77, 0xCB, 0xA8, 0x92, 0x08, 0xC6, 0xD1, 0xFD, 0xC9, 0xDD, 0xFC, 0xCC, 0xEE, 0x68, 0x66, 0x0A,
    0x3F, 0xDE, 0x5E, 0xCF, 0x03, 0x7C, 0xDC, 0x79, 0x5D, 0xD3, 0x7F, 0xC1, 0x1D, 0xAA, 0xFB, 0x23,
    0xB7, 0x4D, 0xE9, 0xE0, 0xAD, 0xBE, 0x7F, 0xA6, 0xF6, 0x9F, 0x69, 0xF6, 0x64, 0x12, 0xA1, 0x18,
    0x48, 0x72, 0x0E, 0x08, 0x23, 0x39, 0x16, 0x57, 0xEC, 0x19, 0x35, 0x7E, 0x00, 0x87, 0xFF, 0xC9,
    0x34, 0x98, 0x10, 0x6E, 0x32, 0x3B, 0x99, 0xF5, 0x24, 0x84, 0xE0, 0x60, 0x56, 0x8D, 0xA1, 0xE0,
    0xB8, 0x4B, 0xDD, 0x60, 0xB2, 0xF8, 0x31, 0x22, 0x51, 0x96, 0xF0, 0x70, 0x57, 0xBF, 0xC7, 0xB2,
    0x12, 0x9C, 0x0C, 0xC4, 0x6C, 0x64, 0x60, 0x66, 0x13, 0xCF, 0x3D, 0x99, 0x57, 0xAA, 0xB3, 0x88,
    0x28, 0x22, 0xC3, 0x19, 0xC4, 0xA2, 0x9D, 0xFC, 0xE7, 0xB2, 0x5D, 0xFE, 0x2F, 0xF8, 0x02, 0x75,
    0xA3, 0xD6, 0xF7, 0xAE, 0x1A, 0xE5, 0x3D, 0x09, 0x0C, 0x78, 0x48, 0x87, 0x18, 0xD9, 0x57, 0x22,
    0x3B, 0xD6, 0xCF, 0x66, 0x93, 0xD4, 0xAC, 0xB6, 0xE8, 0xD0, 0x87, 0x07, 0x8B, 0x44, 0xF2, 0xBA,
    0x54, 0x32, 0x79, 0x69, 0x25, 0xE9, 0x2D, 0x3D, 0x0E, 0x97, 0x07, 0x1D, 0x07, 0xFE, 0x99, 0x2D,
    0x01, 0x1E, 0xD8, 0x0E, 0xAE, 0x5D, 0x6A, 0x1C, 0xAE, 0xBC, 0x76, 0x58, 0x92, 0x5E, 0xE2, 0xBB,
    0x16, 0x83, 0xF8, 0xA1, 0xD8, 0xE5, 0xFB, 0xB2, 0x4B, 0x47, 0xD9, 0x67, 0x96, 0x2D, 0xEA, 0x51,
    0x1D, 0xF7, 0x4E, 0x73, 0x2A, 0x1E, 0x2D, 0xF9, 0xFC, 0x3E, 0xAF, 0xB8, 0xE4, 0x93, 0xAA, 0xCB,
    0x0F, 0xC5, 0xCE, 0x0F, 0xD9, 0x01, 0xB2, 0x9E, 0x89, 0x27, 0x4C, 0xBF, 0xBE, 0xAC, 0xF9, 0x9E,
    0x31, 0x20, 0x11, 0xA1, 0xE7, 0x41, 0x37, 0x71, 0xB5, 0x57, 0x7F, 0xFD, 0x8E, 0x92, 0xE4, 0xEA,
    0x0A, 0xE9, 0xEC, 0x7E, 0xE2, 0x31, 0xE4, 0xD2, 0x94, 0x6D, 0x29, 0xDC, 0x30, 0xCB, 0x52, 0xBC,
    0xA5, 0x7C, 0x83, 0x00, 0x83, 0x04, 0x83, 0x08, 0x83, 0x0C, 0x83, 0x90, 0x5F, 0x80, 0xC4, 0x8D,
    0x6C, 0x5B, 0x13, 0xC2, 0x44, 0x32, 0x01, 0x0D, 0x81, 0x22, 0xFE, 0x18, 0xFA, 0x18, 0xF6, 0xCC,
    0x08, 0x3E, 0xB1, 0x17, 0x92, 0x47, 0xD5, 0x60, 0x35, 0xFF, 0x25, 0x8C, 0x92, 0x7D, 0x7F, 0x20,
    0x66, 0xD1, 0x68, 0x3D, 0x6D, 0xF6, 0xCA, 0xF5, 0x16, 0x22, 0x42, 0x28, 0x5C, 0x10, 0xB9, 0x0C,
    0x48, 0x14, 0x55, 0x14, 0x62, 0x14, 0x6F, 0x14, 0x7C, 0x6E, 0x3B, 0xEA, 0xBB, 0xBA, 0x8E, 0xAE,
    0xA9, 0xEB, 0x2B, 0x4E, 0x19, 0x4C, 0x29, 0x4A, 0x89, 0x26, 0x33, 0xAD, 0x81, 0xF4, 0x21, 0x49,
    0x02, 0x39, 0x45, 0xB2, 0x50, 0xC9, 0xB4, 0x55, 0xB7, 0xEA, 0x78, 0x7A, 0xE2, 0xCC, 0x19, 0x3F,
    0xF6, 0x18, 0x72, 0xFC, 0xCF, 0x13, 0x43, 0x36, 0x03, 0x36, 0xC3, 0x35, 0x83, 0x35, 0xA2, 0xDA,
    0xBC, 0x81, 0x9A, 0x61, 0x9A, 0x42, 0x9A, 0x44, 0x87, 0x38, 0xCB, 0x0C, 0x88, 0x69, 0x91, 0xBC,
    0x88, 0x14, 0xC4, 0x09, 0xA6, 0xF9, 0x24, 0x5C, 0x8F, 0x10, 0x27, 0xD9, 0xEB, 0x67, 0x0F, 0x96,
    0xFE, 0x08, 0x73, 0x04, 0x39, 0x42, 0x1C, 0x01, 0x4E, 0xE1, 0x8D, 0xE0, 0xE6, 0x15, 0x92, 0x4F,
    0xC9, 0xE9, 0x93, 0xEF, 0x18, 0xE4, 0xFE, 0xC0, 0xE3, 0x35, 0x62, 0xFF, 0xF9, 0x7F, 0x7C, 0xC8,
    0x40, 0xCD, 0xE3, 0x61, 0x7B, 0x92, 0xD1, 0xFD, 0x55, 0x80, 0x4B, 0x90, 0x8E, 0x03, 0xFF, 0xBC,
    0xC9, 0x40, 0xBF, 0xF6, 0x71, 0x3B, 0xF7, 0xAA, 0x82, 0x45, 0xAD, 0x32, 0x9C, 0x29, 0x99, 0x34,
    0x1D, 0xEB, 0x89, 0x26, 0x9D, 0x7B, 0xE9, 0x03, 0xCF, 0xE8, 0x03, 0x02, 0xCB, 0x31, 0xE1, 0x21,
    0xD5, 0xEB, 0x35, 0x91, 0xB6, 0xFD, 0xCC, 0xBD, 0x20, 0x2E, 0x91, 0x74, 0xE9, 0x03, 0x88, 0x78,
    0xA0, 0x02, 0x6E, 0xA2, 0x0A, 0xEE, 0x8D, 0xDF, 0x53, 0xA0, 0x52, 0x3D, 0xA3, 0x78, 0xE9, 0x19,
    0xB7, 0xF5, 0x8C, 0x77, 0xDC, 0xEF, 0x9C, 0x7B, 0x1F, 0x98, 0x59, 0x23, 0xAE, 0xFC, 0x87, 0xB8,
    0x3C, 0x7D, 0xD5, 0x01, 0xCD, 0x8F, 0x6A, 0x80, 0x17, 0x20, 0x63, 0x7C, 0x7A, 0x52, 0xB4, 0xBC,
    0x61, 0xF7, 0x12, 0xBB, 0x69, 0xAA, 0x43, 0xA4, 0xCD, 0x4B, 0xBF, 0x78, 0x56, 0xBF, 0xB8, 0xB7,
    0x99, 0x8F, 0xC6, 0x2B, 0x76, 0xD6, 0xF7, 0xC0, 0xA9, 0xBF, 0x20, 0x2E, 0x21, 0x35, 0x40, 0x7B,
    0x4D, 0x0D, 0x50, 0xFC, 0x9C, 0x1A, 0xA0, 0xE2, 0x5D, 0x93, 0xD7, 0xE8, 0x59, 0xDB, 0x3A, 0x41,
    0x6B, 0x80, 0x5E, 0x7B, 0x56, 0x55, 0xAC, 0x01, 0xDA, 0xAB, 0x35, 0x40, 0xAE, 0xAD, 0x10, 0x73,
    0x9E, 0x9B, 0x09, 0x6E, 0x37, 0x57, 0xC8, 0xC5, 0x2A, 0xD7, 0x13, 0x6E, 0x54, 0xEC, 0xB9, 0xAD,
    0xDF, 0x53, 0x88, 0x72, 0x38, 0xA9, 0x01, 0x28, 0x6E, 0xB1, 0xA8, 0xF0, 0x72, 0x88, 0xED, 0x71,
    0x0D, 0x20, 0xE5, 0x30, 0xAE, 0xC8, 0x67, 0x04, 0x05, 0x6D, 0x1C, 0xB0, 0x22, 0xD6, 0x92, 0xD8,
    0x6A, 0x62, 0x6B, 0x05, 0xDC, 0xBB, 0xA9, 0x06, 0x90, 0x6D, 0x65, 0xF1, 0xB5, 0x6E, 0x50, 0x03,
    0xF4, 0x4D, 0x39, 0xA2, 0x3F, 0x55, 0x0F, 0xE8, 0x1D, 0xB4, 0xAC, 0x42, 0x20, 0x64, 0x4B, 0x78,
    0xAF, 0x6F, 0x39, 0xB6, 0xCD, 0xCA, 0x1A, 0xA4, 0xB5, 0x06, 0xA1, 0x78, 0x6D, 0x23, 0xC5, 0xB7,
    0xAC, 0x8F, 0x1A, 0xA0, 0x6D, 0xE4, 0x78, 0x16, 0x51, 0xFA, 0xBD, 0xA0, 0xAA, 0x3B, 0x1B, 0x9D,
    0x76, 0x22, 0x80, 0x15, 0x3D, 0xBA, 0x5D, 0x89, 0x78, 0xBD, 0x54, 0x0E, 0x33, 0xAB, 0x94, 0x91,
    0x95, 0xC3, 0x00, 0xC9, 0xB5, 0x03, 0xA7, 0xBD, 0x3C, 0x36, 0x5F, 0xD8, 0x31, 0x38, 0xAE, 0x12,
    0xB4, 0x72, 0x64, 0xDF, 0x82, 0x4B, 0x5E, 0x7D, 0x12, 0xED, 0x90, 0x78, 0xBD, 0x9A, 0x56, 0x1F,
    0x4C, 0x9A, 0x87, 0xDE, 0x07, 0x79, 0x5D, 0xFE, 0x5D, 0xFC, 0x55, 0xBD, 0x39, 0x1D, 0xCD, 0x4C,
    0x43, 0x77, 0x53, 0x82, 0xB1, 0x2B, 0xF8, 0x45, 0xF3, 0x65, 0x38, 0x6E, 0xBE, 0x7C, 0xCB, 0xD2,
    0xC6, 0x3F, 0x3E, 0x69, 0xBE, 0xBC, 0x39, 0x1F, 0x35, 0x5F, 0xCE, 0xB5, 0xE9, 0x35, 0xD3, 0x10,
    0x72, 0xC3, 0x87, 0x55, 0xA4, 0x2E, 0x2A, 0xB5, 0xF9, 0xE2, 0xB5, 0xF9, 0x52, 0x68, 0xC9, 0x0C,
    0x3D, 0xD1, 0x7C, 0x19, 0xD9, 0x0F, 0x44, 0x77, 0xA5, 0xD6, 0x74, 0x8A, 0xBC, 0xB0, 0x68, 0xF3,
    0x25, 0x9C, 0x34, 0x5F, 0xAA, 0x8E, 0x35, 0x56, 0x69, 0xCD, 0x97, 0x1D, 0x9B, 0x2F, 0x85, 0xE2,
    0x73, 0x66, 0xCD, 0x97, 0x89, 0x07, 0x91, 0xCC, 0x6A, 0xB0, 0x45, 0xA3, 0xED, 0x3C, 0x9A, 0x7A,
    0x66, 0x89, 0x16, 0x33, 0x0B, 0x03, 0x53, 0xAF, 0x27, 0xA7, 0xB6, 0x80, 0x81, 0x32, 0x18, 0xCB,
    0x3F, 0x92, 0xC9, 0x1E, 0x46, 0xF4, 0x30, 0xA8, 0x6F, 0x84, 0x2B, 0xBE, 0x9C, 0xEC, 0x5B, 0x89,
    0xC1, 0xE7, 0xDB, 0xA9, 0x31, 0x3F, 0xF8, 0x74, 0xC3, 0x96, 0x0D, 0x44, 0x68, 0x1A, 0x75, 0xA0,
    0x21, 0x72, 0xF5, 0x86, 0x46, 0xE7, 0x97, 0x5B, 0x6E, 0x76, 0x5F, 0xFB, 0xE9, 0xA7, 0xD2, 0xE3,
    0xB0, 0xE6, 0x84, 0x72, 0xFD, 0xC6, 0x85, 0x71, 0x4B, 0x5E, 0x91, 0xCB, 0xBF, 0x8F, 0x9C, 0xFF,
    0x26, 0x72, 0xE5, 0xE3, 0xC8, 0xD5, 0xF7, 0x23, 0xD7, 0x66, 0x91, 0x5B, 0x22, 0x97, 0xCE, 0x91,
    0xCB, 0xC6, 0xC8, 0x15, 0x87, 0xC8, 0xF9, 0x21, 0xE2, 0x88, 0xB8, 0x85, 0x71, 0xED, 0x86, 0x2D,
    0xAB, 0xB3, 0x79, 0x62, 0x79, 0xE3, 0x84, 0x18, 0x97, 0x6B, 0x3E, 0xD2, 0xBA, 0xCE, 0xB8, 0x6A,
    0xE3, 0xAC, 0x13, 0xA8, 0x66, 0x32, 0x6E, 0x8E, 0x1C, 0x62, 0x54, 0x39, 0xD8, 0x5A, 0x39, 0xD8,
    0x5A, 0x39, 0xB4, 0x01, 0x29, 0x41, 0x80, 0xAD, 0x53, 0x72, 0xFD, 0x66, 0x22, 0xAE, 0xF4, 0xDA,
    0x66, 0xCA, 0xFE, 0x52, 0xE8, 0x45, 0xD7, 0x74, 0xB1, 0xE3, 0x6F, 0x1A, 0xEF, 0x22, 0x57, 0x6E,
    0x27, 0xF9, 0xEA, 0xB3, 0x1D, 0xD5, 0x53, 0xC9, 0x3A, 0x8B, 0xCA, 0xD1, 0xF5, 0xC8, 0xBD, 0x50,
    0xF7, 0xDF, 0x54, 0x54, 0xBC, 0x33, 0x47, 0x53, 0x69, 0x66, 0xCB, 0x04, 0x69, 0x79, 0x65, 0xF8,
    0xF5, 0x5D, 0x14, 0xAC, 0x3D, 0x4A, 0x67, 0x27, 0x5C, 0x23, 0xDA, 0x3C, 0x41, 0x2E, 0x0F, 0x9A,
    0x76, 0xC9, 0xA9, 0x5F, 0x80, 0x13, 0x57, 0xBE, 0x1B, 0x36, 0x05, 0xFB, 0x4D, 0xC1, 0xF6, 0x84,
    0x7B, 0x4D, 0x9B, 0xD5, 0x5C, 0x19, 0x8E, 0x8E, 0x88, 0x6B, 0x31, 0x3B, 0x57, 0x59, 0x64, 0x95,
    0xEA, 0x5B, 0x26, 0x4E, 0xAC, 0x7C, 0x9F, 0x32, 0x17, 0x48, 0x0B, 0xD4, 0x03, 0xD1, 0x23, 0xBB,
    0x58, 0x12, 0xFD, 0xF3, 0xB1, 0x15, 0x7F, 0x2C, 0x89, 0xD6, 0x37, 0x58, 0xEA, 0xB3, 0xAD, 0xD8,
    0xEB, 0xC3, 0xFA, 0x87, 0x03, 0xCD, 0xF4, 0xC3, 0x40, 0xBC, 0x0A, 0x5D, 0x22, 0x5B, 0x09, 0x1A,
    0x65, 0x88, 0x94, 0xFE, 0xC0, 0x0B, 0x7F, 0x18, 0xB1, 0x6E, 0xF6, 0x9F, 0x09, 0x27, 0x92, 0x7F,
    0x3D, 0x63, 0x79, 0xFF, 0x68, 0xC6, 0x99, 0xD7, 0x0D, 0xC9, 0xB9, 0x03, 0x38, 0x88, 0xDB, 0x80,
    0xC8, 0x59, 0x82, 0x48, 0xE6, 0x03, 0xC1, 0x0F, 0x04, 0xF8, 0x31, 0xC0, 0x91, 0x9C, 0x93, 0x20,
    0x3D, 0x2C, 0xDA, 0x5A, 0x16, 0x82, 0x13, 0x17, 0x82, 0xC5, 0x85, 0x30, 0x29, 0xD6, 0x0D, 0x0A,
    0xD2, 0xB9, 0xFA, 0xFB, 0x04, 0x8F, 0x2E, 0x91, 0x81, 0xD3, 0x89, 0xCD, 0xF0, 0x6C, 0x2C, 0x60,
    0x3B, 0x7F, 0xC8, 0x68, 0xCC, 0x1D, 0xC4, 0x4D, 0x20, 0x35, 0x5B, 0xD7, 0x99, 0x42, 0xAF, 0x7F,
    0x24, 0x8A, 0x35, 0x5A, 0x84, 0x1D, 0xB7, 0xD4, 0x7E, 0xA3, 0x4D, 0xAA, 0xE1, 0x02, 0x61, 0x56,
    0x8B, 0x99, 0xCD, 0x05, 0xB5, 0x9D, 0x75, 0xDA, 0x49, 0x4D, 0x1E, 0xD8, 0x37, 0x72, 0x22, 0x6F,
    0x0F, 0x74, 0x6E, 0x75, 0x76, 0xA0, 0xBD, 0xA0, 0x8B, 0x04, 0x84, 0x20, 0x87, 0x24, 0x1E, 0xFF,
    0xD5, 0x5E, 0xDC, 0xAB, 0xFA, 0x08, 0x2D, 0xC2, 0x36, 0xC7, 0xB8, 0x60, 0x4C, 0x27, 0x8C, 0xF9,
    0x01, 0xA3, 0x1F, 0x30, 0xE2, 0xAF, 0x5A, 0xD0, 0x5A, 0x46, 0xC1, 0x13, 0x19, 0xE5, 0x14, 0x64,
    0xFC, 0x68, 0x27, 0x01, 0x5F, 0x7D, 0x27, 0x0B, 0xED, 0x7D, 0x40, 0x2A, 0x2B, 0xD0, 0x51, 0x64,
    0xB8, 0xAF, 0x8C, 0xE2, 0xC9, 0xF9, 0x7F, 0x88, 0xCF, 0xC5, 0xD4, 0x76, 0x17, 0x57, 0x49, 0xAA,
    0xCE, 0x6F, 0xC3, 0xE0, 0xC5, 0x5E, 0xD5, 0x01, 0x0A, 0xE6, 0xEC, 0xCA, 0xA7, 0x73, 0x7D, 0x81,
    0x0E, 0x3A, 0xBE, 0xD5, 0x1E, 0xF9, 0x06, 0xEF, 0xAB, 0x08, 0x0E, 0xF8, 0xCE, 0xCA, 0x36, 0x7E,
    0x08, 0x48, 0xAF, 0x2D, 0xBB, 0x98, 0x77, 0x7A, 0xFD, 0x81, 0xE6, 0x5D, 0x05, 0xD2, 0xBB, 0xB4,
    0x53, 0xB2, 0x1E, 0x85, 0xB3, 0x2E, 0xA6, 0x3F, 0x55, 0xD9, 0xC8, 0x2F, 0xDA, 0x16, 0x8B, 0xF5,
    0x90, 0x24, 0x5D, 0x20, 0x55, 0x39, 0xE7, 0x9A, 0xAA, 0xE8, 0x64, 0x2A, 0xF9, 0x75, 0x8F, 0x3A,
    0xF2, 0xF1, 0xA8, 0x35, 0xA7, 0x7A, 0x36, 0x8F, 0x2E, 0x51, 0x3C, 0x57, 0x31, 0xFE, 0x72, 0x13,
    0x1E, 0xD5, 0x11, 0x8F, 0xF0, 0xBB, 0x84, 0x5A, 0xE0, 0x61, 0xBB, 0xE9, 0x5C, 0x3D, 0xE5, 0xAF,
    0x9D, 0xEB, 0x1F, 0x9D, 0x00, 0x8B, 0x18, 0x54, 0x46, 0x18, 0xE1, 0xED, 0x69, 0xBB, 0xAB, 0x2A,
    0x28, 0xF1, 0x77, 0x39, 0x00, 0xD5, 0x2C, 0x37, 0xE0, 0x62, 0x2E, 0xA1, 0x42, 0xCE, 0x4B, 0x4D,
    0x1B, 0xC3, 0xF1, 0xF8, 0x69, 0x4F, 0x87, 0x3E, 0xC6, 0x29, 0xA3, 0x89, 0x35, 0x34, 0x81, 0x2A,
    0x8F, 0xEE, 0x15, 0xAE, 0x3C, 0x51, 0xD3, 0x17, 0x65, 0xBC, 0xFA, 0x68, 0x90, 0xD9, 0x9C, 0xE1,
    0x62, 0x54, 0x60, 0xA6, 0xF5, 0xF5, 0xD6, 0x95, 0x2D, 0xEE, 0xA2, 0xDC, 0xE1, 0x4B, 0x0F, 0xDD,
    0xF6, 0x1B, 0xDD, 0xE5, 0x0F, 0x6C, 0x1E, 0x3F, 0x37, 0xCD, 0x79, 0xA6, 0xCF, 0x6A, 0xAD, 0xF6,
    0x5A, 0xD6, 0x29, 0xC3, 0x10, 0x6F, 0xDE, 0x17, 0xCF, 0x43, 0x4D, 0x08, 0xF8, 0xC0, 0x13, 0x90,
    0x60, 0x0B, 0xDC, 0xD9, 0x50, 0xC1, 0x0D, 0x1A, 0x38, 0xBF, 0x75, 0xEE, 0xBF, 0x7D, 0x50, 0xCB,
    0x6D, 0xC5, 0x20, 0x10, 0x1C, 0xEC, 0x83, 0xA5, 0x20, 0xC5, 0x25, 0x70, 0xCF, 0xC5, 0x1D, 0x64,
    0x29, 0xE2, 0x15, 0x91, 0x26, 0x12, 0x5B, 0xA9, 0xE0, 0xA5, 0x83, 0x34, 0xF2, 0x80, 0x12, 0x2C,
    0xA5, 0x01, 0x4A, 0xD8, 0x03, 0x91, 0x7C, 0x00, 0x6F, 0x96, 0x48, 0xC9, 0xF1, 0x81, 0x16, 0xC1,
    0x7E, 0x66, 0x98, 0x89, 0xA0, 0xCD, 0x25, 0x9B, 0x47, 0x36, 0x07, 0x1A, 0x04, 0xA6, 0x62, 0x3C,
    0x60, 0x19, 0x73, 0xC2, 0xB2, 0x81, 0x00, 0x3C, 0x68, 0x50, 0x02, 0x24, 0x63, 0xF8, 0x3E, 0x30,
    0xE5, 0x9B, 0x16, 0x09, 0xE4, 0x5D, 0x0A, 0xB0, 0x59, 0xAB, 0x98, 0x0F, 0x5C, 0x48, 0x70, 0x84,
    0xF9, 0xAB, 0xD4, 0x41, 0xF8, 0x82, 0xB8, 0xC9, 0xDF, 0xEA, 0x0D, 0x55, 0x47, 0x7A, 0x04, 0x05,
    0xA5, 0x8F, 0x88, 0x59, 0x2A, 0x8C, 0xEC, 0x8A, 0x2F, 0xA9, 0x6F, 0xC2, 0x2B, 0x9C, 0x17, 0xE5,
    0xE9, 0xD1, 0xEF, 0xF6, 0xF4, 0x24, 0x7B, 0x14, 0x6E, 0x13, 0xD7, 0xB1, 0x60, 0x64, 0xB8, 0xAC,
    0xB0, 0x43, 0x83, 0xBE, 0x86, 0xCF, 0x8E, 0x6A, 0x4F, 0x90, 0xA4, 0xDB, 0x94, 0x8B, 0x61, 0x06,
    0xEB, 0x19, 0x6C, 0xD6, 0xCC, 0xD4, 0x54, 0xC7, 0x92, 0xC6, 0x42, 0x7E, 0xE2, 0xF0, 0x4B, 0xBD,
    0xBC, 0x17, 0x90, 0x62, 0xDC, 0xEC, 0x8E, 0x17, 0x0C, 0x57, 0xD2, 0xAC, 0xDB, 0x16, 0x6F, 0xF7,
    0x37, 0x85, 0xAE, 0xAA, 0x8E, 0x81, 0x75, 0x47, 0x17, 0x8D, 0x27, 0x15, 0xEC, 0xBB, 0xF6, 0x15,
    0x88, 0x50, 0xC6, 0xB5, 0x22, 0x32, 0x82, 0xBF, 0xF3, 0x5F, 0x75, 0xAF, 0xA1, 0x9A, 0x3A, 0x56,
    0x5B, 0x88, 0x29, 0x3D, 0x76, 0x5B, 0x36, 0x87, 0x67, 0x50, 0xA6, 0x8A, 0xA0, 0xA3, 0x64, 0xCE,
    0x58, 0x63, 0x36, 0x57, 0xB7, 0x91, 0x26, 0xFA, 0x80, 0x98, 0x28, 0x24, 0xB6, 0xDD, 0xF3, 0xE8,
    0xDF, 0xC8, 0x1F, 0xCD, 0x59, 0x3D, 0x77, 0xDD, 0xC6, 0x11, 0x1D, 0x00, 0xB6, 0x50, 0xA0, 0xD8,
    0x32, 0x3E, 0x56, 0x81, 0x3E, 0x85, 0xB7, 0x4D, 0xC1, 0x10, 0x48, 0x52, 0xA8, 0x74, 0xE3, 0x5F,
    0x91, 0x14, 0xFC, 0x03, 0xB2, 0xF6, 0x49, 0x8D, 0x5B, 0xFF, 0x20, 0x3E, 0x3E, 0x38, 0x2E, 0x5C,
    0xB8, 0x08, 0x18, 0x17, 0x2E, 0x5C, 0x08, 0xB2, 0xD5, 0xA5, 0xD0, 0xCA, 0x81, 0x7D, 0x20, 0x6B,
    0x81, 0xCD, 0xBD, 0xB3, 0x78, 0x7C, 0xA4, 0xF5, 0x49, 0x1D, 0x39, 0x32, 0xCF, 0xE1, 0x9D, 0x21,
    0x1E, 0xF0, 0xB0, 0x33, 0x3B, 0x73, 0x67, 0x66, 0x29, 0x37, 0x62, 0x1C, 0x44, 0x9A, 0x18, 0x17,
    0x91, 0x88, 0x9F, 0x4D, 0x01, 0xC5, 0xF5, 0xC6, 0x8B, 0x18, 0x5F, 0xF7, 0x22, 0xA5, 0x6F, 0x36,
    0x22, 0x85, 0x6F, 0x84, 0xE8, 0xA8, 0x8F, 0x27, 0x03, 0xB1, 0x1C, 0x89, 0x59, 0x20, 0xCA, 0x65,
    0x9C, 0xDF, 0x0E, 0x66, 0xBB, 0x49, 0x9A, 0xD6, 0xC4, 0x08, 0xC4, 0x02, 0xBB, 0xA6, 0x75, 0xAD,
    0xED, 0x9B, 0x36, 0x4E, 0xC6, 0x03, 0x23, 0x56, 0xD6, 0x06, 0xF3, 0x19, 0x70, 0x2C, 0xBF, 0xBA,
    0xC0, 0x53, 0xBD, 0xD2, 0x44, 0x83, 0x3B, 0x4D, 0xA8, 0xF1, 0x94, 0xF0, 0x79, 0xA0, 0x13, 0xE2,
    0xFC, 0x2A, 0x94, 0x03, 0x3A, 0xC5, 0x28, 0x74, 0x0D, 0x96, 0x24, 0xBB, 0x38, 0x01, 0x6D, 0xFC,
    0x5C, 0xCA, 0xD1, 0x6E, 0xEA, 0xCE, 0xCE, 0x3B, 0x8F, 0x37, 0xC4, 0x38, 0xD5, 0xDD, 0xCE, 0x7C,
    0x8F, 0xB7, 0xCD, 0xC5, 0x5D, 0x60, 0x84, 0x57, 0x80, 0x33, 0x31, 0x58, 0xE2, 0x64, 0x12, 0xE6,
    0xB8, 0xF3, 0xD4, 0x16, 0x7C, 0x6A, 0xAE, 0x86, 0xBA, 0xAB, 0x47, 0xFC, 0x76, 0x58, 0xE1, 0x46,
    0x51, 0x0E, 0xE8, 0x5E, 0x81, 0x56, 0x91, 0xFB, 0x81, 0xF7, 0x0B, 0x91, 0x2B, 0xAC, 0xB9, 0x9B,
    0x36, 0x2E, 0xAD, 0xE4, 0xD8, 0x4C, 0x2F, 0xF0, 0x5E, 0x0C, 0x62, 0x47, 0xFC, 0x29, 0xDC, 0x47,
    0xD7, 0xEE, 0x68, 0x41, 0xB7, 0xF0, 0xDE, 0x8E, 0x4F, 0x98, 0xCB, 0xD8, 0xCF, 0xDC, 0xFB, 0x7E,
    0xCE, 0xE3, 0x08, 0x2C, 0x86, 0x00, 0xAC, 0xBA, 0x23, 0xA0, 0xD9, 0x10, 0x6B, 0xD5, 0x9B, 0x07,
    0x13, 0xF0, 0x38, 0x7A, 0xE0, 0xA9, 0xDB, 0x00, 0x27, 0x3E, 0xBB, 0x30, 0x66, 0x7A, 0x2E, 0x00,
    0xD8, 0x5D, 0xC2, 0x56, 0x51, 0xBF, 0x3F, 0xDB, 0x09, 0x82, 0xAA, 0x8A, 0x9D, 0x0B, 0x58, 0xEB,
    0x8F, 0xDC, 0xDB, 0x7F, 0x46, 0xEF, 0x5A, 0x58, 0xD2, 0xD9, 0xEE, 0x4C, 0x6A, 0x5D, 0xD5, 0x7B,
    0x57, 0x57, 0x75, 0x58, 0x1B, 0xDF, 0x95, 0xE9, 0x7B, 0x8B, 0x07, 0x2F, 0x5A, 0x5B, 0x38, 0xAC,
    0xAD, 0x79, 0xD9, 0xDA, 0x36, 0xBF, 0x5E, 0xDB, 0x0D, 0x3C, 0x29, 0xCE, 0x46, 0x78, 0xCB, 0x35,
    0x74, 0x9B, 0x3B, 0xCB, 0x1F, 0x02, 0x23, 0xE3, 0xDA, 0xC1, 0xBD, 0x58, 0xC0, 0x6C, 0xA9, 0x4F,
    0xE6, 0x32, 0xE6, 0x93, 0xB8, 0xAD, 0x2D, 0x3D, 0x9E, 0xD2, 0x6F, 0xA8, 0x06, 0xBB, 0x61, 0xE8,
    0x34, 0x72, 0x81, 0x15, 0x42, 0xC6, 0xE9, 0x77, 0x38, 0x66, 0xD9, 0xC6, 0xE5, 0xB3, 0xDB, 0x79,
    0x57, 0x8C, 0xAE, 0x0C, 0x44, 0x89, 0x8A, 0x4D, 0x2C, 0x82, 0xC3, 0x9E, 0x65, 0xF0, 0x4B, 0x11,
    0x11, 0x6E, 0x92, 0x45, 0xA9, 0x9F, 0x20, 0xF0, 0x44, 0x72, 0x6E, 0x99, 0xE1, 0xDA, 0xED, 0x2D,
    0x18, 0xF3, 0xE7, 0x0C, 0x70, 0x24, 0xAA, 0x8D, 0xBC, 0x36, 0xF2, 0x53, 0x00, 0xB6, 0xEE, 0xEF,
    0xCC, 0x1E, 0x44, 0x73, 0x31, 0x22, 0x48, 0x8A, 0xD1, 0x0C, 0x4C, 0x56, 0x0F, 0x28, 0xA6, 0x94,
    0xB0, 0xC8, 0xB0, 0x85, 0xE0, 0x08, 0x76, 0x03, 0x30, 0x3D, 0xA0, 0xF2, 0x85, 0xDE, 0xE5, 0x25,
    0x0F, 0x95, 0x67, 0xD0, 0xC3, 0x5F, 0x8E, 0xAF, 0xAC, 0x17, 0x46, 0x15, 0x5C, 0xC6, 0xA8, 0x1A,
    0x35, 0xAA, 0x66, 0xB1, 0x03, 0x97, 0xC7, 0xA8, 0x6A, 0x9E, 0x89, 0xAA, 0xBA, 0xFB, 0x44, 0x51,
    0x12, 0x5A, 0x4F, 0x84, 0x4B, 0xEB, 0x2E, 0xF7, 0x77, 0x80, 0x45, 0x6F, 0x89, 0x5D, 0x7D, 0xA1,
    0xE7, 0xA3, 0x46, 0x36, 0x2C, 0xE7, 0xFD, 0xF1, 0x7A, 0x11, 0x7F, 0x93, 0x4B, 0x85, 0xD7, 0xC0,
    0x62, 0xA5, 0xB2, 0x98, 0x81, 0x27, 0x9A, 0x9E, 0x4F, 0x90, 0x2B, 0x94, 0xC5, 0x94, 0xBF, 0xFE,
    0xA8, 0xC8, 0x55, 0xC1, 0x5E, 0xC5, 0x6A, 0x52, 0x6F, 0x45, 0xE2, 0xB6, 0xDE, 0x00, 0xC7, 0x92,
    0x5E, 0xF3, 0x8A, 0xD4, 0x2B, 0xBF, 0xC5, 0x02, 0x1A, 0xE4, 0x79, 0x97, 0xC5, 0x01, 0xB1, 0x5B,
    0xA9, 0x21, 0xCD, 0x08, 0x43, 0xBE, 0x88, 0x3D, 0x4C, 0xF8, 0xFA, 0x69, 0x67, 0xB0, 0x90, 0x1F,
    0xA8, 0xC7, 0xBF, 0xF2, 0x7A, 0x50, 0x63, 0x07, 0xFA, 0xE8, 0xF0, 0x46, 0x4F, 0x46, 0x2B, 0x3C,
    0x19, 0xAD, 0x1A, 0xC8, 0x68, 0xA6, 0x03, 0xA3, 0x0D, 0xF5, 0x86, 0x8C, 0xC6, 0xC0, 0x28, 0x1F,
    0xCF, 0x02, 0x46, 0x43, 0xDE, 0x82, 0xCB, 0x60, 0x11, 0xF0, 0xE7, 0x20, 0x60, 0xB4, 0x61, 0x27,
    0xCA, 0x68, 0xA2, 0x8C, 0x26, 0x7B, 0x46, 0xBB, 0xF3, 0x66, 0x8C, 0x96, 0x3D, 0x8F, 0xD1, 0xF4,
    0x27, 0x10, 0xB2, 0x50, 0x8E, 0xF5, 0x26, 0x9F, 0x6C, 0xD8, 0x79, 0x7A, 0x26, 0x4E, 0x85, 0x27,
    0xBB, 0x55, 0xC3, 0x81, 0xDD, 0xB0, 0x5A, 0x7C, 0x4D, 0x10, 0xB0, 0x1B, 0xE2, 0x01, 0xEC, 0xB6,
    0x2C, 0xC2, 0x4C, 0x00, 0xFF, 0xFE, 0xD6, 0xEC, 0x86, 0x10, 0xE4, 0x9A, 0x1D, 0x03, 0x32, 0x2A,
    0xAD, 0x73, 0xC7, 0x51, 0xA9, 0x1C, 0x4B, 0x57, 0x0D, 0x57, 0x3B, 0x06, 0x2F, 0x62, 0x5D, 0x1C,
    0x0B, 0x58, 0x0E, 0xA3, 0x1C, 0xA3, 0x34, 0x53, 0x45, 0x56, 0xC5, 0xED, 0xAF, 0x20, 0x36, 0x93,
    0xC2, 0x27, 0x54, 0x21, 0xA8, 0x22, 0xCF, 0x2A, 0xF3, 0x25, 0x25, 0x9F, 0x57, 0xC5, 0x62, 0x5D,
    0x58, 0xC6, 0x24, 0x0C, 0x40, 0xAE, 0x27, 0x9B, 0x96, 0x5D, 0x8F, 0x8F, 0xEA, 0x2F, 0xFD, 0x6C,
    0x26, 0x27, 0x53, 0x01, 0x25, 0x5B, 0x9C, 0x8C, 0x54, 0x90, 0x53, 0xE9, 0x0A, 0x12, 0x49, 0xB6,
    0xF5, 0xBD, 0x69, 0x66, 0xB6, 0x23, 0x04, 0x61, 0x24, 0xF6, 0x06, 0x11, 0x69, 0x27, 0xE6, 0x7C,
    0xAE, 0x09, 0xC8, 0x5D, 0xB4, 0x5A, 0x9F, 0xA9, 0x69, 0x74, 0x53, 0x4B, 0x75, 0x9A, 0x5A, 0xC5,
    0xD4, 0xF7, 0xD4, 0x8C, 0xD6, 0x6B, 0x6A, 0x76, 0x93, 0xA2, 0x2E, 0xC5, 0x49, 0xD2, 0x5C, 0x9B,
    0xA2, 0x1E, 0xDA, 0xB0, 0xD7, 0x52, 0x0D, 0xA7, 0x96, 0x87, 0xBD, 0x26, 0xCF, 0xD3, 0xE6, 0xD7,
    0xD4, 0x60, 0xC2, 0x5E, 0x8B, 0xAD, 0x6A, 0x08, 0xB8, 0xAA, 0x5B, 0xB5, 0xB1, 0x50, 0x0D, 0x51,
    0x38, 0xA9, 0x96, 0xC1, 0x08, 0x24, 0x57, 0xA1, 0x7C, 0x02, 0x0F, 0xB4, 0x89, 0x5F, 0xE8, 0x02,
    0x84, 0x26, 0x0D, 0x7D, 0xF5, 0xCF, 0x6E, 0x23, 0x1F, 0xAA, 0x52, 0x20, 0x6F, 0x1A, 0xD5, 0xAA,
    0x6E, 0x92, 0x63, 0xD5, 0x0C, 0x38, 0x72, 0x9B, 0xB4, 0xF6, 0x76, 0x16, 0xD2, 0xA7, 0xE7, 0x53,
    0xE5, 0xD7, 0x27, 0x7E, 0xD9, 0xF5, 0xE9, 0x5B, 0xA2, 0x86, 0x99, 0x7E, 0xAC, 0x4E, 0x4F, 0x99,
    0x51, 0x69, 0x88, 0x59, 0x8D, 0x2F, 0xBC, 0xA7, 0xF6, 0x99, 0x5A, 0xCA, 0x48, 0x49, 0x14, 0x99,
    0x05, 0xB0, 0xEB, 0x01, 0x35, 0x4C, 0x98, 0x5E, 0x78, 0x15, 0x42, 0x0E, 0x88, 0x40, 0xCE, 0xC8,
    0x16, 0x2F, 0x41, 0x30, 0x0A, 0xB0, 0x51, 0xDC, 0xEA, 0x15, 0xB2, 0xCE, 0x1E, 0xC9, 0x49, 0xFC,
    0x94, 0xDF, 0x59, 0xAD, 0x11, 0xFA, 0x0C, 0x22, 0x04, 0xF8, 0xC6, 0x85, 0x38, 0xBB, 0x1E, 0xE8,
    0xEB, 0x09, 0x3B, 0x0A, 0xAE, 0x81, 0x97, 0x7D, 0xED, 0x1E, 0x79, 0x99, 0xEF, 0x18, 0x58, 0xD1,
    0x84, 0x1C, 0x16, 0x55, 0x83, 0xFC, 0x09, 0x0F, 0x5E, 0xB2, 0xB1, 0x51, 0x1B, 0x23, 0x6D, 0x64,
    0x58, 0x97, 0x57, 0x6D, 0xEC, 0x89, 0xB5, 0xDA, 0x58, 0xBF, 0x2B, 0x1B, 0x15, 0x59, 0x05, 0xB1,
    0x9E, 0xD8, 0x7D, 0x90, 0x05, 0x94, 0xDC, 0x26, 0x0B, 0x47, 0xD9, 0x1C, 0xBF, 0x9C, 0x8E, 0xB2,
    0xF8, 0xF4, 0xA9, 0xB7, 0xB7, 0xEE, 0x3F, 0x88, 0xBD, 0x89, 0x9F, 0x81, 0x57, 0xF3, 0x39, 0x93,
    0x0F, 0x44, 0x4E, 0x9E, 0xE8, 0x3E, 0xC7, 0x87, 0x25, 0x3B, 0x49, 0x58, 0x6A, 0x87, 0x1B, 0x51,
    0xAB, 0xD6, 0xCD, 0x49, 0xD9, 0x10, 0x3B, 0xDD, 0xA6, 0xFD, 0x26, 0x07, 0xBA, 0x14, 0x74, 0xFF,
    0x50, 0xBA, 0x41, 0x59, 0xD1, 0x50, 0x38, 0x09, 0x48, 0x4B, 0x26, 0x48, 0x19, 0xE9, 0x5A, 0x73,
    0xCF, 0x13, 0xE5, 0x32, 0xB2, 0xAA, 0x9A, 0x6F, 0x89, 0x25, 0xE9, 0x11, 0xF7, 0xAF, 0x8D, 0x71,
    0x4A, 0x2B, 0x4D, 0x33, 0xF6, 0x63, 0xCC, 0x69, 0x16, 0xC5, 0xDD, 0x72, 0x29, 0x82, 0x33, 0x7D,
    0x59, 0x49, 0x32, 0x13, 0x53, 0x74, 0xF0, 0x39, 0xB0, 0x99, 0x71, 0xA5, 0xDB, 0xDA, 0x36, 0x8B,
    0x1D, 0x9A, 0x31, 0x5F, 0x74, 0xBE, 0xFA, 0x39, 0x94, 0xD0, 0x63, 0x34, 0x9B, 0xAD, 0x75, 0xF7,
    0x61, 0xC5, 0x5C, 0x97, 0x33, 0x36, 0xFF, 0xBD, 0xEC, 0x73, 0xB9, 0x31, 0x6A, 0x21, 0xB7, 0xB3,
    0xF3, 0xD5, 0xC2, 0xED, 0x0C, 0x35, 0x3A, 0x88, 0xEA, 0xFB, 0x70, 0xDC, 0x6C, 0xE6, 0x7C, 0x13,
    0x4E, 0x49, 0xDC, 0x32, 0x7B, 0xF6, 0xA5, 0x82, 0xAA, 0x85, 0xC6, 0x14, 0xDB, 0xAD, 0x9D, 0x29,
    0x8B, 0x2D, 0xC8, 0x9B, 0x5B, 0x05, 0xF6, 0x1E, 0x25, 0xD1, 0xB7, 0x90, 0xBF, 0x4D, 0x97, 0x48,
    0xBB, 0x5D, 0x79, 0x59, 0xC5, 0x36, 0x89, 0xF0, 0x1C, 0x91, 0x5D, 0x53, 0x64, 0x67, 0xC2, 0x52,
    0xAD, 0x01, 0x92, 0xF6, 0xDF, 0xC6, 0x31, 0xA6, 0x60, 0xB9, 0x17, 0x27, 0xDB, 0x43, 0xD9, 0x81,
    0xE7, 0xE0, 0x93, 0x2C, 0xE0, 0x5E, 0xD2, 0x5B, 0x16, 0xE6, 0x54, 0x53, 0x7F, 0xAD, 0x30, 0x09,
    0xE6, 0x7C, 0x59, 0x15, 0x04, 0x49, 0x52, 0xEC, 0xAD, 0x21, 0x29, 0xE8, 0x99, 0x92, 0x82, 0xBE,
    0x69, 0xBD, 0xB2, 0x57, 0xEC, 0xDF, 0x7C, 0x39, 0xA5, 0xA7, 0xFC, 0x8E, 0xBB, 0x3C, 0x17, 0xF1,
    0x7B, 0xF8, 0x90, 0xDF, 0x5C, 0x7D, 0xF5, 0xD3, 0x1C, 0xEF, 0x42, 0x31, 0x5F, 0x3F, 0x08, 0xF5,
    0x03, 0x28, 0xCD, 0xC7, 0xE7, 0xA1, 0x78, 0x02, 0x65, 0x31, 0xE7, 0xAC, 0xF4, 0x73, 0x15, 0x2A,
    0x28, 0x4D, 0x00, 0x61, 0x97, 0x8F, 0x11, 0x09, 0x50, 0x40, 0x65, 0x08, 0x86, 0x10, 0x1F, 0xC2,
    0x6D, 0x13, 0x8B, 0x50, 0x9A, 0xB4, 0x52, 0xB9, 0xD0, 0xF0, 0x9A, 0xD3, 0xC4, 0xA5, 0x35, 0x5A,
    0xD9, 0xBC, 0xA3, 0x46, 0x26, 0x67, 0xA6, 0xCD, 0x6C, 0x94, 0x85, 0xF9, 0x37, 0x6B, 0x8F, 0x55,
    0xFA, 0x7D, 0x15, 0x4F, 0x1A, 0xEF, 0x4E, 0x1A, 0x4B, 0x5E, 0xD2, 0x98, 0xB3, 0x49, 0xA3, 0x77,
    0x93, 0x26, 0xCF, 0xD3, 0xE6, 0x17, 0x6A, 0x37, 0xB8, 0x2A, 0x84, 0x9E, 0x67, 0x0F, 0x4A, 0x0E,
    0x2F, 0x7D, 0xCD, 0xFD, 0x98, 0x4D, 0x57, 0xC2, 0x33, 0xE5, 0x40, 0xE6, 0x2E, 0x7F, 0x9C, 0x8F,
    0xD0, 0x7F, 0x82, 0xCD, 0xCB, 0xE8, 0xD9, 0x84, 0xF2, 0x5A, 0xEC, 0xD8, 0x93, 0x9E, 0xD5, 0x9B,
    0x32, 0xA2, 0x1D, 0x1D, 0x58, 0xCF, 0xCA, 0xA0, 0x1D, 0x2B, 0x52, 0x1A, 0x09, 0x90, 0x2F, 0x57,
    0x26, 0x93, 0xEA, 0xDA, 0x93, 0x49, 0xE4, 0x64, 0x52, 0x68, 0x67, 0x5F, 0x75, 0xA7, 0xEC, 0xFB,
    0xDB, 0xA3, 0x03, 0xEA, 0x95, 0x22, 0x06, 0x9D, 0x10, 0x88, 0x92, 0x73, 0x86, 0x61, 0xBF, 0x05,
    0x34, 0x7C, 0x16, 0x3D, 0x1C, 0xF0, 0x46, 0x64, 0xC7, 0x8F, 0x77, 0x13, 0x7B, 0xE2, 0x93, 0xFD,
    0x64, 0x32, 0xE8, 0x64, 0xB2, 0x60, 0x99, 0x3F, 0xC1, 0x72, 0x04, 0xE0, 0xD8, 0x74, 0x4E, 0x76,
    0x78, 0x96, 0x93, 0x09, 0xFA, 0x1F, 0x4C, 0x26, 0xA5, 0x9F, 0x75, 0x0F, 0xAE, 0xE2, 0x0E, 0xDE,
    0xE1, 0xDA, 0x80, 0x55, 0x1F, 0x80, 0x58, 0x15, 0x51, 0x14, 0xDB, 0xDB, 0xBC, 0x7E, 0x1E, 0xF4,
    0x9E, 0xA0, 0xF7, 0x8F, 0xC4, 0x9C, 0xF7, 0x4B, 0x39, 0x10, 0x2D, 0xBF, 0x01, 0x6B, 0x2B, 0x3D,
    0xD7, 0x46, 0xEC, 0x89, 0x4F, 0xD2, 0xAE, 0xC4, 0x34, 0xD7, 0x5D, 0x6B, 0x4A, 0x67, 0x63, 0x93,
    0x6A, 0xD5, 0x6B, 0x4E, 0xE9, 0x71, 0x52, 0x8C, 0x7A, 0xA5, 0x66, 0xF6, 0xA4, 0x2A, 0x9D, 0xAA,
    0x76, 0xD2, 0x41, 0xD5, 0xC0, 0x46, 0xEF, 0xA9, 0xA6, 0xB5, 0x7F, 0x6E, 0x74, 0xB7, 0x41, 0x47,
    0x2C, 0xE6, 0x1C, 0x5B, 0x48, 0xEB, 0xC1, 0xB5, 0x20, 0xAD, 0x6C, 0xB2, 0xDD, 0x58, 0xF6, 0xEC,
    0x09, 0xB7, 0x75, 0x5F, 0x0C, 0x1C, 0x97, 0xFB, 0x0A, 0xF4, 0x53, 0x61, 0x3B, 0xD9, 0x1C, 0x9A,
    0xBE, 0x6E, 0x55, 0x68, 0x63, 0x68, 0xFA, 0xE3, 0x24, 0xB6, 0x49, 0x68, 0xF9, 0x30, 0xE7, 0xA3,
    0x8A, 0x6F, 0x7C, 0x12, 0x83, 0x8A, 0xEF, 0x94, 0x9A, 0xCC, 0xFD, 0x24, 0x1E, 0x29, 0x43, 0xA1,
    0x9F, 0x52, 0xB1, 0x24, 0x11, 0xAE, 0x88, 0x31, 0x09, 0x9F, 0x26, 0x12, 0xD6, 0x05, 0x44, 0xE2,
    0xC3, 0xBC, 0x63, 0x24, 0xA2, 0x17, 0x1F, 0xE1, 0x64, 0xCC, 0xA0, 0x42, 0xF6, 0xD4, 0x8A, 0x90,
    0x7A, 0x09, 0xA7, 0xAD, 0xB1, 0x63, 0x1E, 0xCB, 0x49, 0x4A, 0xE1, 0x9B, 0x9A, 0xB4, 0xF2, 0x07,
    0xED, 0x43, 0xF1, 0xD7, 0x5A, 0x45, 0x52, 0xDF, 0xF3, 0x52, 0x94, 0x03, 0xEA, 0xEC, 0x95, 0x71,
    0xCE, 0x23, 0x1B, 0xAC, 0x7D, 0x8F, 0xF6, 0x3C, 0xF4, 0x28, 0x53, 0x3D, 0x31, 0x03, 0x3D, 0x0A,
    0x41, 0x8F, 0x42, 0xC0, 0xA3, 0x14, 0x5A, 0x91, 0x79, 0x8B, 0x8A, 0x3A, 0x09, 0x31, 0x6F, 0x2E,
    0x3E, 0x54, 0x91, 0x33, 0xE7, 0x4D, 0x6F, 0x99, 0xF0, 0xE6, 0x3C, 0xC6, 0x62, 0x40, 0x51, 0x23,
    0x6D, 0xC2, 0xB1, 0x03, 0xF3, 0xDC, 0xC4, 0x56, 0xFF, 0x9A, 0x35, 0xC3, 0xCD, 0xA8, 0xE9, 0x8D,
    0xDE, 0x07, 0xB9, 0xAD, 0xAB, 0xE6, 0xC1, 0x8B, 0x8A, 0x6D, 0xAA, 0x1A, 0xBA, 0xEA, 0xA6, 0xD5,
    0x55, 0xF3, 0xAF, 0x3E, 0x7D, 0xD6, 0xA7, 0x3B, 0x53, 0xF7, 0x9A, 0x84, 0xAE, 0xE5, 0x2D, 0x09,
    0xB9, 0x2C, 0x9C, 0x0A, 0x36, 0x9A, 0x69, 0x6A, 0x55, 0xE2, 0xD1, 0x39, 0x39, 0xEE, 0xA7, 0x9E,
    0x34, 0xA6, 0xBE, 0x89, 0x50, 0xA3, 0x6B, 0xAD, 0x5C, 0xC2, 0x00, 0xE7, 0xA8, 0xDC, 0xA9, 0xD1,
    0x75, 0xA7, 0x46, 0xF3, 0xAF, 0x3E, 0x7D, 0xD6, 0xA7, 0x3B, 0x55, 0x54, 0x49, 0xE8, 0x02, 0x7F,
    0x0B, 0x61, 0x93, 0x00, 0x0F, 0x68, 0xD3, 0x93, 0x8C, 0x9E, 0x93, 0xD1, 0x83, 0x6E, 0x55, 0x5A,
    0x34, 0xD7, 0xB5, 0x61, 0xF5, 0x2F, 0x98, 0x45, 0xA3, 0x62, 0xD2, 0x91, 0xFF, 0xC0, 0xA8, 0xF7,
    0xC4, 0xE9, 0x30, 0xD6, 0x5F, 0xC5, 0x8F, 0x14, 0x9B, 0x96, 0x18, 0x91, 0xCD, 0x73, 0x1E, 0x07,
    0x1E, 0x82, 0xFD, 0x17, 0x83, 0x1F, 0x28, 0x99, 0x07, 0x62, 0xB6, 0xBD, 0x03, 0x6C, 0xA4, 0x01,
    0x06, 0xA6, 0xEB, 0x32, 0xB2, 0xB1, 0x41, 0x05, 0x28, 0x80, 0x70, 0x11, 0x90, 0x53, 0x5C, 0x1A,
    0x6B, 0x53, 0xAB, 0xDE, 0x5F, 0x17, 0x2B, 0x3D, 0xE4, 0x69, 0x34, 0x7A, 0x69, 0x91, 0xE9, 0x69,
    0x85, 0xE9, 0x47, 0xC5, 0xA4, 0xCF, 0xEA, 0x9B, 0x14, 0xE1, 0x71, 0x4A, 0x25, 0xE5, 0x32, 0xBE,
    0xA7, 0xF8, 0x91, 0x22, 0x47, 0x29, 0x5A, 0xA4, 0x47, 0x61, 0x03, 0x0B, 0xCB, 0x8F, 0xA3, 0x16,
    0x19, 0x16, 0x16, 0xDB, 0x3A, 0x1E, 0x34, 0x89, 0xFD, 0xB8, 0xA7, 0x45, 0xFF, 0xEA, 0xD5, 0xA2,
    0x1E, 0x16, 0xE5, 0xB1, 0xFF, 0xB5, 0x45, 0xB6, 0xD5, 0x18, 0x49, 0xDD, 0xED, 0xDA, 0xFC, 0xA6,
    0xBE, 0x37, 0x43, 0x97, 0x81, 0x18, 0x29, 0x3C, 0xFF, 0xEA, 0x49, 0xD1, 0x88, 0x91, 0x6A, 0xE2,
    0x9D, 0xBD, 0x09, 0xEC, 0x88, 0x7A, 0xB3, 0x65, 0x5B, 0xD9, 0xDB, 0x63, 0x15, 0xC7, 0x56, 0xC5,
    0xA7, 0xE6, 0x2F, 0x14, 0xA7, 0xE6, 0x2E, 0xC5, 0x54, 0x7D, 0x11, 0x48, 0x90, 0x05, 0xFA, 0x0F,
    0xF3, 0x6F, 0x5F, 0x3C, 0x08, 0x24, 0xC8, 0x9C, 0x4D, 0xC8, 0xB7, 0x9D, 0xFC, 0x14, 0x94, 0x27,
    0xD5, 0xF1, 0x1B, 0xF9, 0x14, 0xE2, 0x91, 0xC8, 0x71, 0x50, 0x9E, 0x6C, 0x02, 0xF3, 0x98, 0x47,
    0x15, 0x24, 0x48, 0xFC, 0x56, 0x41, 0x07, 0xAF, 0x1C, 0xC9, 0x51, 0x0E, 0x72, 0xE8, 0xBA, 0xDF,
    0x44, 0xBC, 0x0B, 0xA3, 0xB3, 0xB7, 0x60, 0xF4, 0x8B, 0x27, 0xA2, 0x62, 0x22, 0x6B, 0x5F, 0x9D,
    0x88, 0x52, 0xEB, 0x5A, 0xA6, 0x33, 0x81, 0x9D, 0xA2, 0xDD, 0xBC, 0xC9, 0x2C, 0x54, 0x11, 0x7D,
    0x79, 0xD0, 0x9F, 0x9D, 0x88, 0x12, 0xB2, 0x28, 0x5C, 0x9D, 0xA0, 0x48, 0x33, 0x59, 0xE0, 0x82,
    0xD4, 0x89, 0x9C, 0xD0, 0x14, 0x95, 0xF5, 0x5E, 0x0B, 0x73, 0x34, 0x19, 0x7C, 0x8A, 0x6D, 0x2F,
    0x8C, 0x9E, 0xD1, 0x71, 0x7F, 0xFC, 0x1F, 0x34, 0xBC, 0x8B, 0xE9, 0xDD, 0x63, 0x74, 0xC4, 0x7D,
    0xB5, 0x10, 0xD1, 0x55, 0x45, 0xC3, 0x01, 0xD2, 0xB1, 0x6B, 0x42, 0x9F, 0x8E, 0xFE, 0x24, 0x94,
    0x3C, 0x13, 0x0C, 0x9C, 0x8D, 0x9B, 0xB6, 0xE4, 0xFC, 0xDD, 0xD6, 0xE7, 0x3C, 0xB5, 0x6F, 0x36,
    0xB7, 0xF5, 0xC4, 0xE1, 0x88, 0x67, 0x83, 0xAA, 0x47, 0xBD, 0xBE, 0xE8, 0x3D, 0xB3, 0xE3, 0xFD,
    0xB3, 0x56, 0x8A, 0x33, 0x45, 0xA7, 0xC8, 0xD3, 0x32, 0x56, 0x84, 0x51, 0xCF, 0x0F, 0x88, 0x85,
    0xA2, 0x9E, 0xE6, 0xB5, 0xB6, 0xDB, 0x9F, 0x67, 0x00, 0x95, 0x2C, 0x12, 0x3A, 0x3D, 0x0D, 0x02,
    0x66, 0x3A, 0xF7, 0xC4, 0x59, 0x71, 0x42, 0x59, 0x54, 0x86, 0x3F, 0xF9, 0xA5, 0x7D, 0x9F, 0x45,
    0x76, 0x21, 0x15, 0x2E, 0xB6, 0x7F, 0x7F, 0x37, 0x29, 0xCD, 0xE8, 0xB1, 0x80, 0x4E, 0x5E, 0x5A,
    0xDB, 0xF5, 0x08, 0xE9, 0x26, 0xFB, 0x53, 0xE0, 0xA8, 0x87, 0x4D, 0x2D, 0x47, 0xE4, 0x6E, 0xCF,
    0xF7, 0x57, 0x81, 0x9B, 0x28, 0xDC, 0x43, 0x76, 0x4A, 0x22, 0xBE, 0x22, 0x94, 0x7B, 0x8D, 0xDB,
    0xA7, 0x2D, 0x91, 0x72, 0xED, 0x75, 0xBB, 0xB7, 0xEE, 0xFF, 0xD7, 0xBD, 0x5D, 0x3E, 0x09, 0xBD,
    0x06, 0x9E, 0xD0, 0x94, 0x42, 0x8B, 0x89, 0x51, 0x5F, 0xA3, 0x03, 0x2C, 0x30, 0x93, 0xC0, 0x63,
    0x91, 0x89, 0x90, 0x8E, 0xC5, 0xB0, 0x37, 0xE1, 0x82, 0xD4, 0xD7, 0x9E, 0xAA, 0x95, 0x9B, 0x4B,
    0xAB, 0xA7, 0x43, 0x23, 0x77, 0x37, 0x2E, 0xDC, 0xDD, 0x2C, 0x3A, 0xF6, 0x80, 0xF0, 0x38, 0xD2,
    0x07, 0x73, 0x70, 0xC3, 0x21, 0xA1, 0x6D, 0xE8, 0xAE, 0x96, 0x3E, 0xDE, 0xB5, 0x0D, 0xDA, 0x0D,
    0xA7, 0xBD, 0x47, 0xD3, 0x62, 0x68, 0x23, 0xAA, 0xAE, 0x83, 0x46, 0xCB, 0x2E, 0xA4, 0x69, 0x39,
    0x60, 0xF0, 0x2D, 0xBF, 0xDF, 0x1C, 0x7E, 0xD1, 0xA9, 0xC6, 0x2B, 0xF0, 0x84, 0x5B, 0x4B, 0x7B,
    0xE8, 0xEB, 0x1E, 0xAE, 0xAE, 0x3D, 0x3C, 0x5D, 0x4C, 0xFC, 0xAF, 0x40, 0xD0, 0x85, 0x2B, 0x7C,
    0xB2, 0x3E, 0xF2, 0xBA, 0xB0, 0x63, 0x24, 0x45, 0xF2, 0xDF, 0x39, 0xB9, 0xB0, 0x3D, 0xE5, 0x71,
    0xD9, 0xED, 0x55, 0xAB, 0xCE, 0xA7, 0x74, 0xA2, 0xA6, 0x07, 0x6C, 0x0C, 0xE4, 0xE1, 0x50, 0x70,
    0x5D, 0xA7, 0x67, 0x62, 0xDA, 0x4E, 0x4C, 0xBF, 0xBB, 0xFF, 0x31, 0xAD, 0x4D, 0x99, 0xAC, 0x5D,
    0x99, 0xAC, 0x6D, 0x99, 0xAC, 0x7D, 0x99, 0xAC, 0x8D, 0x99, 0xAC, 0x9D, 0x99, 0xAC, 0xAD, 0x99,
    0xAC, 0xBD, 0x19, 0x42, 0xA7, 0xE7, 0xC1, 0x35, 0xBF, 0xCA, 0xCD, 0x49, 0x4E, 0xB6, 0xFE, 0x12,
    0xA1, 0xDE, 0x7B, 0x73, 0x21, 0xBF, 0xD6, 0xFE, 0xA2, 0xAE, 0x1F, 0x51, 0x9E, 0xED, 0x18, 0x6D,
    0xEC, 0x40, 0xA2, 0x36, 0xD2, 0x55, 0x4C, 0x4B, 0x4C, 0x5C, 0xF1, 0x32, 0x69, 0x57, 0xC9, 0x91,
    0x6D, 0xED, 0xD5, 0xF6, 0xCD, 0xDA, 0xDA, 0xAD, 0xA5, 0x96, 0x48, 0x3B, 0x4E, 0xDB, 0xAD, 0xE7,
    0x55, 0x27, 0xE4, 0x92, 0xE2, 0xC2, 0xFB, 0xA3, 0xE6, 0x5F, 0xD0, 0xFC, 0x5B, 0xDE, 0x71, 0xFE,
    0xD1, 0xFB, 0xF8, 0xD5, 0x79, 0x30, 0xAA, 0xEF, 0x91, 0x07, 0x74, 0x3D, 0x7E, 0xE9, 0x79, 0xFC,
    0xD2, 0xF1, 0x60, 0x25, 0x0C, 0xEC, 0x72, 0x6A, 0x36, 0x74, 0x3B, 0xEE, 0xE4, 0xE1, 0x64, 0x9D,
    0x86, 0x11, 0xBE, 0x18, 0xE2, 0x4C, 0x3B, 0x78, 0x64, 0x10, 0x85, 0x92, 0x23, 0x1C, 0x3B, 0x68,
    0x93, 0xAF, 0xFF, 0xD6, 0xE5, 0x7F, 0x78, 0x55, 0x9C, 0xA5, 0xCE, 0x3F, 0xA8, 0xF8, 0x46, 0x8B,
    0x87, 0xF9, 0x6E, 0x50, 0x71, 0xBF, 0x53, 0x41, 0x2A, 0x68, 0x75, 0x2C, 0xA4, 0x08, 0x49, 0xA4,
    0x63, 0x6A, 0xA3, 0x35, 0xE7, 0x7F, 0xCD, 0x58, 0x3D, 0x8F, 0xDD, 0xC6, 0x15, 0x1D, 0x3E, 0x3A,
    0x4B, 0x40, 0x04, 0x3C, 0x29, 0xE2, 0x46, 0x42, 0xC0, 0x26, 0x45, 0x10, 0x04, 0xE2, 0x1F, 0xD0,
    0xEE, 0xD0, 0x4E, 0xA1, 0x32, 0x29, 0x92, 0x34, 0x29, 0xDC, 0xA7, 0xD9, 0x14, 0x2E, 0x77, 0x35,
    0x84, 0x55, 0xB8, 0xCC, 0x16, 0xE9, 0xDD, 0xB8, 0x48, 0xA7, 0x46, 0x45, 0x10, 0x68, 0x1F, 0x99,
    0xE4, 0x07, 0x84, 0x92, 0x0B, 0x15, 0x29, 0x4C, 0x04, 0x42, 0x82, 0xD8, 0x85, 0x26, 0x00, 0x83,
    0x70, 0x61, 0x0E, 0x27, 0xE7, 0xDC, 0x99, 0xB7, 0x1F, 0x52, 0x6C, 0x59, 0xB2, 0x9D, 0xF8, 0x49,
    0x7B, 0xEF, 0x7B, 0xE4, 0x70, 0x78, 0xBF, 0xEF, 0x99, 0xAB, 0x14, 0x3E, 0x87, 0xC3, 0x77, 0xC8,
    0xB2, 0x30, 0x1D, 0x91, 0xE7, 0x6E, 0x79, 0x20, 0xBC, 0xBF, 0x35, 0x45, 0x6E, 0x9C, 0xF0, 0x31,
    0xF4, 0x71, 0x5D, 0x50, 0xF2, 0xA9, 0x97, 0xC8, 0xB3, 0x45, 0x95, 0x73, 0xE4, 0x26, 0x44, 0x7E,
    0x5A, 0xF5, 0xC2, 0xA7, 0xA2, 0x57, 0x23, 0xB8, 0xCB, 0xFB, 0x8D, 0x93, 0xDF, 0x43, 0x3E, 0xC9,
    0xFD, 0xA1, 0x58, 0x64, 0xFD, 0x50, 0x92, 0x97, 0x61, 0xD0, 0xA7, 0xE0, 0x4A, 0x0F, 0xD5, 0x61,
    0xE4, 0xA6, 0x8A, 0xFC, 0x40, 0xBF, 0x29, 0xFC, 0xA8, 0xFC, 0x83, 0xF0, 0xA5, 0x88, 0x7C, 0xCA,
    0x1F, 0x92, 0x3F, 0x72, 0x9B, 0x7F, 0x92, 0x7F, 0x38, 0x66, 0xC2, 0x1F, 0x0F, 0xEA, 0x5F, 0xE4,
    0x7F, 0xE9, 0xD5, 0x29, 0xF9, 0x47, 0xAD, 0x3A, 0x26, 0x7F, 0xDA, 0xA8, 0x03, 0xF2, 0x10, 0xE5,
    0xD6, 0xAB, 0x52, 0x15, 0x79, 0xFA, 0x2B, 0xF9, 0x07, 0x25, 0x36, 0x50, 0xB9, 0x18, 0x61, 0x93,
    0x10, 0x5A, 0xB5, 0x09, 0x21, 0xCC, 0x78, 0x24, 0x84, 0x55, 0xD5, 0xB8, 0x18, 0x1A, 0xDB, 0x2A,
    0x65, 0xDA, 0x0E, 0x4A, 0x56, 0xBD, 0x07, 0xD5, 0x89, 0xD2, 0x0C, 0x7A, 0x48, 0x14, 0x66, 0xD2,
    0x43, 0x1E, 0x1C, 0x68, 0x39, 0xE0, 0xF9, 0x41, 0x37, 0x47, 0x17, 0x74, 0x58, 0x48, 0xC3, 0x24,
    0x74, 0x90, 0x2B, 0x6A, 0x47, 0xFB, 0x0B, 0x5A, 0x09, 0x35, 0x3D, 0xDF, 0x1E, 0x9A, 0x12, 0xC4,
    0x8B, 0x3C, 0xA3, 0x98, 0xFC, 0xFB, 0x42, 0x4F, 0x85, 0x2E, 0x72, 0x7D, 0x51, 0xB5, 0x50, 0x2B,
    0xD2, 0x86, 0x06, 0x17, 0x15, 0x64, 0xCB, 0x43, 0x0B, 0x5A, 0x3E, 0xED, 0x71, 0xC5, 0xBE, 0xDF,
    0xF3, 0x6E, 0xD5, 0x63, 0xE5, 0x52, 0xF5, 0x7B, 0x21, 0x0C, 0x95, 0x48, 0x5E, 0xF5, 0x9B, 0x55,
    0xDE, 0x08, 0xC9, 0x71, 0xF7, 0xBD, 0x11, 0xF4, 0x20, 0x73, 0xA0, 0xFB, 0x8A, 0xF4, 0x40, 0xA8,
    0xF9, 0x91, 0x50, 0xC8, 0x4C, 0xDA, 0x90, 0x36, 0x2A, 0xD1, 0x5A, 0xA8, 0x6D, 0x0D, 0xA5, 0x15,
    0x49, 0xBC, 0x2A, 0x45, 0x5A, 0x1A, 0xD5, 0x32, 0x2C, 0xEC, 0x69, 0xD5, 0x2A, 0xCB, 0x80, 0xE8,
    0x10, 0x0D, 0x2A, 0x4C, 0x79, 0x9F, 0x05, 0xAF, 0xFB, 0x3C, 0xD8, 0xD0, 0xE8, 0x60, 0xD6, 0xAC,
    0x0B, 0x50, 0x76, 0xB5, 0x88, 0xAF, 0xC9, 0xAA, 0xEB, 0xBF, 0x6F, 0x2C, 0x65, 0xFB, 0xA2, 0x64,
    0x4B, 0x42, 0x67, 0x14, 0xF0, 0xE4, 0x06, 0xE6, 0x05, 0x81, 0xAD, 0xA0, 0x18, 0x24, 0xC8, 0x3E,
    0x80, 0x04, 0x9B, 0x09, 0x12, 0xE4, 0x13, 0x24, 0xC8, 0x1D, 0x24, 0x28, 0x1D, 0xBE, 0xE9, 0x11,
    0xD7, 0x0C, 0xD4, 0x81, 0xC5, 0xAA, 0x70, 0x6F, 0x55, 0x45, 0xE0, 0xA3, 0x87, 0x6B, 0xA3, 0x9E,
    0xF9, 0xBC, 0xE2, 0x2E, 0x54, 0xFF, 0xB7, 0x54, 0x7F, 0xC1, 0x92, 0x6C, 0xC1, 0xE2, 0xCD, 0x82,
    0xC7, 0xF2, 0x69, 0x2E, 0x5B, 0xED, 0x6C, 0x50, 0xDD, 0x40, 0x6B, 0x35, 0x05, 0x7D, 0x87, 0xA8,
    0x3B, 0x21, 0x19, 0xE1, 0x36, 0x38, 0x91, 0xAE, 0x6F, 0x11, 0x77, 0x66, 0x80, 0x71, 0xF5, 0x88,
    0xA8, 0x2B, 0xDC, 0xCA, 0xFC, 0xA4, 0x5F, 0xDD, 0x4F, 0x41, 0x98, 0x9F, 0x5F, 0x3D, 0xD9, 0x3B,
    0x4B, 0xF9, 0x8D, 0x14, 0x10, 0xFB, 0x86, 0x21, 0x86, 0x5B, 0x11, 0x83, 0x6F, 0xCA, 0xA4, 0x1E,
    0x20, 0x28, 0xDC, 0x95, 0xDF, 0xBB, 0xFB, 0xBB, 0xF5, 0xBB, 0xE7, 0xF7, 0xBC, 0x7A, 0xE1, 0xA7,
    0x0A, 0x73, 0xAA, 0x2D, 0x81, 0xA6, 0x87, 0x39, 0x64, 0x13, 0x3D, 0xA9, 0x8A, 0x9B, 0x57, 0x43,
    0x14, 0xCE, 0x20, 0x29, 0x59, 0x75, 0x60, 0x90, 0x4C, 0xB8, 0x8A, 0xFC, 0x8D, 0xC4, 0xD5, 0x37,
    0x82, 0x67, 0xDD, 0x13, 0x51, 0x9F, 0xFA, 0x43, 0x11, 0xA7, 0xF2, 0xB5, 0xB9, 0x31, 0xAB, 0xD2,
    0x31, 0x42, 0x25, 0xAD, 0x79, 0xF3, 0x83, 0xBA, 0x91, 0x74, 0xC1, 0xA2, 0x37, 0xBA, 0x58, 0x5A,
    0x0F, 0x85, 0x2A, 0x09, 0x3E, 0xB3, 0xA3, 0x7B, 0xE1, 0x04, 0xD4, 0x06, 0x6F, 0x1A, 0x26, 0xBA,
    0x6D, 0xCA, 0x33, 0xC4, 0x48, 0x43, 0x93, 0x84, 0xC6, 0xB4, 0x52, 0x96, 0xC2, 0x7A, 0x62, 0x9B,
    0x2E, 0x44, 0xEB, 0xFD, 0xBC, 0x13, 0x1B, 0x66, 0xF7, 0x64, 0x87, 0xEC, 0xC2, 0xC8, 0x59, 0xB2,
    0xAD, 0x58, 0xF6, 0x5D, 0x87, 0x9D, 0xDF, 0x87, 0x0B, 0x51, 0x13, 0x94, 0xE3, 0xCE, 0x6F, 0x3A,
    0x8D, 0x9D, 0x3F, 0x19, 0xD2, 0xCE, 0x0D, 0x4B, 0x0B, 0x77, 0x3E, 0x55, 0x9D, 0x14, 0x15, 0xD9,
    0x59, 0xF6, 0xE9, 0xD4, 0xF9, 0xCE, 0x5E, 0x4A, 0x08, 0xE9, 0x5E, 0x20, 0x35, 0x61, 0xAD, 0x90,
    0xD8, 0x1F, 0x87, 0x8F, 0xFA, 0x02, 0x2A, 0x07, 0x24, 0x07, 0xDE, 0xDB, 0xD7, 0x58, 0x65, 0x91,
    0x21, 0xE1, 0x37, 0xCC, 0x13, 0x7C, 0xFA, 0xE7, 0xB5, 0x46, 0xAE, 0x20, 0x53, 0x90, 0x27, 0xC8,
    0x12, 0xE4, 0x08, 0xE8, 0x29, 0x2B, 0x4D, 0x5F, 0x4A, 0x59, 0xBA, 0xF8, 0x7F, 0x2D, 0x86, 0x15,
    0xCA, 0xB6, 0x81, 0x05, 0x41, 0x1E, 0x20, 0xFB, 0x9A, 0xA9, 0xEC, 0x13, 0x79, 0xC0, 0x9A, 0x84,
    0xE7, 0x0C, 0x92, 0x91, 0x75, 0xA9, 0x4A, 0x84, 0x51, 0x16, 0xD8, 0x02, 0x84, 0xE0, 0x65, 0xA8,
    0xD4, 0xFC, 0x87, 0x1B, 0xEA, 0x07, 0xD1, 0x42, 0xD1, 0xE8, 0x9F, 0xC3, 0x28, 0xFA, 0x49, 0x64,
    0x4B, 0x64, 0xB0, 0xA9, 0xA7, 0x49, 0x7A, 0xA9, 0x3E, 0xDA, 0xC5, 0x22, 0x14, 0x59, 0x9E, 0xD8,
    0x74, 0x85, 0x5D, 0xB9, 0x97, 0x56, 0x22, 0x2A, 0xC8, 0x6C, 0x1F, 0xF7, 0x4C, 0x5B, 0xB7, 0x91,
    0xC5, 0xE7, 0xD0, 0xA2, 0x24, 0x91, 0xD6, 0xC8, 0x6C, 0x64, 0xE6, 0x2A, 0x6B, 0xFE, 0xCB, 0xC5,
    0xB4, 0x52, 0xFA, 0x81, 0xDA, 0x78, 0x61, 0xE8, 0x7D, 0xB2, 0xB5, 0x13, 0xDF, 0xE2, 0x45, 0xB5,
    0xF4, 0xBA, 0x2F, 0x62, 0x02, 0xFF, 0xF2, 0xFF, 0xB1, 0x33, 0x74, 0x42, 0x78, 0xCC, 0x70, 0x6B,
    0xDE, 0xCF, 0x45, 0xBF, 0x7D, 0x1B, 0xBD, 0x82, 0xD5, 0xD1, 0x4B, 0xFD, 0xFE, 0xBA, 0x29, 0x04,
    0xB0, 0x2B, 0x65, 0xB0, 0xA1, 0x87, 0x18, 0xF6, 0xF6, 0x08, 0x49, 0x8E, 0x33, 0x07, 0x61, 0x6E,
    0x29, 0x07, 0x79, 0xF6, 0x33, 0x47, 0x91, 0x7E, 0x31, 0x42, 0x2A, 0xB4, 0x41, 0x08, 0xC6, 0x96,
    0xC8, 0x3C, 0x46, 0x29, 0x6A, 0x7E, 0x55, 0xD1, 0x54, 0x66, 0xA8, 0x82, 0xC3, 0x66, 0x5D, 0x7B,
    0xBA, 0x6B, 0x36, 0x4A, 0x4A, 0x5C, 0xF0, 0xE7, 0x69, 0x55, 0xD3, 0x86, 0x7C, 0x14, 0xCB, 0x5E,
    0xA6, 0x7D, 0x7D, 0x45, 0x64, 0x95, 0xF2, 0xCB, 0x5C, 0xBB, 0x8D, 0x5A, 0x7C, 0xCC, 0xC2, 0x7C,
    0x8B, 0x55, 0x7A, 0x9F, 0xDF, 0x0C, 0xAF, 0x55, 0xBC, 0x2B, 0xBA, 0xAD, 0xA2, 0xDB, 0x48, 0xCF,
    0x23, 0x17, 0x1A, 0xF4, 0xCD, 0x6E, 0x56, 0x62, 0xA4, 0x0E, 0xAE, 0x6A, 0x2D, 0xC1, 0x9B, 0x25,
    0x72, 0x4B, 0xDF, 0x90, 0x98, 0x5B, 0x26, 0x28, 0xD1, 0x5E, 0x3E, 0xC7, 0xD0, 0x4D, 0xA8, 0x87,
    0x55, 0x88, 0xB5, 0x38, 0x91, 0xFF, 0xB7, 0x6E, 0x70, 0xCF, 0x4C, 0x51, 0x36, 0x04, 0x7B, 0x6D,
    0x11, 0x04, 0x53, 0x05, 0x02, 0x3B, 0x83, 0x08, 0xCE, 0xDD, 0x29, 0xE3, 0xF8, 0x6C, 0x26, 0xED,
    0x1C, 0xA9, 0x74, 0x58, 0x2C, 0x25, 0xD5, 0x17, 0x95, 0xF7, 0x9B, 0x45, 0x25, 0xA8, 0x8C, 0x94,
    0x4C, 0x73, 0x9B, 0xA6, 0x3F, 0x90, 0xFE, 0xBB, 0xAF, 0x2E, 0xBE, 0xD7, 0xB4, 0x02, 0xE3, 0x37,
    0x05, 0xE1, 0x55, 0x28, 0x61, 0x08, 0x25, 0x2C, 0xA0, 0x84, 0x13, 0x28, 0xE1, 0xFF, 0x07, 0x50,
    0xE2, 0x65, 0x88, 0x03, 0x86, 0x33, 0xF0, 0x56, 0x13, 0x9C, 0x0E, 0x8F, 0xC2, 0x5C, 0xDF, 0xFD,
    0xF4, 0xD1, 0x82, 0x1A, 0xDD, 0x2E, 0xC7, 0x88, 0x00, 0x9C, 0x49, 0x7E, 0xA8, 0x16, 0xF6, 0x58,
    0xCF, 0xCA, 0xEB, 0x59, 0x23, 0x3D, 0xE0, 0xA3, 0xF2, 0xC8, 0x61, 0xE5, 0x09, 0x29, 0x3D, 0xC1,
    0xA5, 0x3F, 0x06, 0xCC, 0xF4, 0x35, 0xEF, 0x12, 0x7B, 0xF9, 0xF3, 0x4C, 0x7D, 0x45, 0xB2, 0x5C,
    0x21, 0xD2, 0xE4, 0x05, 0x81, 0x94, 0x13, 0xC1, 0xB5, 0x23, 0x81, 0xB5, 0x73, 0x59, 0x2B, 0x09,
    0x51, 0x0A, 0x5E, 0x19, 0x81, 0x66, 0x71, 0xA6, 0x11, 0xB3, 0x13, 0x0C, 0xDB, 0x13, 0xA9, 0xDC,
    0x71, 0x57, 0xDB, 0xF8, 0xFC, 0xDD, 0x30, 0xF8, 0xF2, 0x4F, 0x0F, 0x5D, 0x57, 0xFD, 0xBB, 0x77,
    0xC6, 0x77, 0x8F, 0x5C, 0xB5, 0xD4, 0x61, 0xD8, 0x4C, 0x7B, 0x6B, 0xE3, 0x77, 0x9F, 0x08, 0x8D,
    0x26, 0x95, 0x35, 0x16, 0xC0, 0xA1, 0x9F, 0x6B, 0x10, 0xA7, 0xD1, 0xCB, 0xA6, 0x1A, 0x51, 0x81,
    0x8C, 0xE8, 0x54, 0xE5, 0x51, 0xD1, 0xD5, 0x5C, 0xCD, 0xEA, 0x1E, 0x93, 0x59, 0xFA, 0xD1, 0x3D,
    0x22, 0xDF, 0x6C, 0xC9, 0x47, 0x9E, 0x73, 0xF4, 0x72, 0x0D, 0x22, 0x1C, 0xAE, 0xBA, 0xBF, 0x53,
    0x7A, 0xAB, 0xFB, 0xEE, 0xAF, 0x93, 0xD1, 0x7D, 0x98, 0x4F, 0x8C, 0x6E, 0x71, 0xE0, 0x33, 0x55,
    0xE3, 0x6E, 0x01, 0xA1, 0xAB, 0xFB, 0x47, 0x6A, 0x85, 0x03, 0x26, 0x05, 0xF3, 0x02, 0x01, 0xB0,
    0x9A, 0x49, 0x6A, 0x5C, 0xFD, 0x63, 0xE7, 0xDE, 0xFD, 0x3D, 0x77, 0x5F, 0xA9, 0xEB, 0xCD, 0x79,
    0xA3, 0x24, 0xFE, 0xF7, 0x88, 0x57, 0x14, 0x97, 0xAE, 0x43, 0xCF, 0x04, 0xE0, 0x55, 0xAC, 0x26,
    0x4A, 0x0E, 0x85, 0xAC, 0x26, 0x2A, 0x1E, 0x17, 0xE5, 0xEC, 0x58, 0x78, 0xC2, 0x45, 0x20, 0x47,
    0x5F, 0x38, 0xE0, 0x49, 0xFC, 0xC7, 0x17, 0xFC, 0xC4, 0x45, 0xDC, 0x42, 0xA1, 0x6A, 0xB1, 0x18,
    0xEA, 0xBD, 0x79, 0x22, 0x7E, 0x58, 0x92, 0x7B, 0xBA, 0x93, 0xD8, 0xC9, 0x3F, 0xBE, 0x2F, 0x07,
    0x00, 0x9F, 0xFE, 0x42, 0xF3, 0x13, 0x94, 0x0A, 0x96, 0xB6, 0x01, 0xB0, 0x84, 0xC5, 0x49, 0x90,
    0x35, 0xEB, 0xDD, 0x2A, 0x49, 0x44, 0x74, 0x99, 0x85, 0x27, 0xCA, 0xCE, 0xC0, 0x66, 0xF2, 0x76,
    0x3D, 0x89, 0xD0, 0xF5, 0x50, 0xAE, 0x00, 0x55, 0x38, 0xE3, 0x85, 0x11, 0x7D, 0x02, 0xB0, 0x68,
    0x06, 0xF2, 0xCE, 0x61, 0xE4, 0xD2, 0xAD, 0x70, 0x6D, 0x40, 0xDE, 0xA0, 0xE4, 0xD9, 0x5C, 0x98,
    0xB9, 0xC2, 0x78, 0x31, 0x2E, 0xC1, 0x03, 0x39, 0xBE, 0xA6, 0xC7, 0xD3, 0x66, 0x71, 0xEB, 0x3E,
    0xBD, 0x28, 0xBD, 0x36, 0x09, 0x91, 0x44, 0xDA, 0x09, 0x98, 0xC4, 0xDD, 0x04, 0x9E, 0x43, 0x0C,
    0x01, 0x40, 0x26, 0x08, 0xAC, 0x58, 0x1B, 0xA8, 0xC3, 0x1D, 0xCC, 0x40, 0x44, 0xA5, 0xA5, 0x7A,
    0xE5, 0x53, 0x27, 0x51, 0xB9, 0x4A, 0x80, 0xC6, 0xA8, 0xFD, 0x7C, 0xBA, 0x95, 0x95, 0xF1, 0xA9,
    0xB8, 0x43, 0xDC, 0x4D, 0xB3, 0x92, 0x0E, 0x78, 0xCB, 0x26, 0xB4, 0xF1, 0x8D, 0xF1, 0xED, 0x30,
    0x22, 0x25, 0x89, 0xD4, 0xF2, 0xCA, 0x46, 0xEE, 0x96, 0xB2, 0xB2, 0x92, 0xA7, 0x8C, 0xEC, 0x60,
    0x25, 0x9D, 0xB7, 0xB2, 0xB3, 0x4F, 0xF2, 0xE0, 0x08, 0x03, 0x8A, 0xB0, 0x5A, 0xFC, 0x66, 0xBA,
    0x83, 0xAC, 0xCD, 0x87, 0x0A, 0x32, 0xE4, 0xBD, 0x56, 0x8B, 0x7D, 0x8B, 0xDF, 0xEB, 0xF1, 0x6C,
    0x9B, 0x2D, 0x08, 0x98, 0x65, 0xB3, 0xE0, 0xBD, 0x23, 0xDA, 0xCB, 0xB7, 0x7E, 0x16, 0x33, 0x09,
    0xA9, 0xA4, 0x22, 0x30, 0xA2, 0x75, 0x1A, 0x92, 0xD8, 0x6D, 0x79, 0xB9, 0x38, 0xBB, 0x00, 0xB7,
    0xAF, 0x27, 0x6E, 0xDA, 0xC4, 0xE3, 0x21, 0x84, 0x88, 0x4C, 0x3E, 0x52, 0x64, 0x28, 0xD7, 0x7C,
    0x15, 0xAF, 0xAB, 0xE7, 0x79, 0x29, 0x18, 0x89, 0xE0, 0xF7, 0x2E, 0x82, 0x07, 0xA2, 0x87, 0x4F,
    0xE0, 0x1C, 0xC4, 0x40, 0x1E, 0x7E, 0x0C, 0xB8, 0x86, 0x9D, 0x56, 0xC2, 0x36, 0x54, 0xAC, 0xA3,
    0x3C, 0xF2, 0xEF, 0x91, 0x53, 0x26, 0x62, 0xBC, 0x02, 0xAA, 0x0A, 0x87, 0xB2, 0xC2, 0xC7, 0x4A,
    0x78, 0x3E, 0xE8, 0xC8, 0x77, 0xBF, 0xD3, 0xFD, 0x8C, 0xEB, 0x09, 0x03, 0x61, 0x28, 0xF0, 0x35,
    0x0E, 0x61, 0x22, 0x7E, 0x80, 0x0D, 0x38, 0x73, 0xA0, 0x15, 0x6A, 0x2A, 0x00, 0x98, 0xA9, 0x13,
    0x42, 0xDC, 0x24, 0x10, 0x2A, 0xD0, 0xED, 0x84, 0xED, 0x4B, 0x6D, 0xE1, 0x8E, 0x21, 0x0B, 0xAE,
    0x0C, 0x13, 0x84, 0xD0, 0xE3, 0x52, 0x3D, 0xF4, 0x75, 0x6B, 0x6D, 0xB3, 0x35, 0xAA, 0x5A, 0x95,
    0xB5, 0x4C, 0x36, 0xBB, 0x55, 0xA8, 0x0C, 0x28, 0x28, 0xAA, 0x15, 0xAA, 0x5E, 0x48, 0x0B, 0x9E,
    0xE1, 0xB7, 0xAC, 0xA9, 0xD6, 0xB2, 0xBC, 0x5A, 0x03, 0xC4, 0xA4, 0x6C, 0xCD, 0xCA, 0x6B, 0xB5,
    0x7C, 0x2F, 0x3C, 0xAF, 0xCB, 0x68, 0xC8, 0xAA, 0x6A, 0x4E, 0x3D, 0x5B, 0xC5, 0xF9, 0xC2, 0x33,
    0xAC, 0x6E, 0x2F, 0x3B, 0x2A, 0x41, 0xCB, 0x78, 0xA4, 0x88, 0xC8, 0x49, 0x26, 0x33, 0x2C, 0xA0,
    0x2E, 0x2A, 0xD7, 0x4B, 0xF8, 0xC3, 0xD7, 0x45, 0x3C, 0x97, 0xEB, 0xE8, 0xCA, 0xBA, 0xBF, 0xBC,
    0x41, 0x7C, 0x21, 0xCB, 0x00, 0x9F, 0x66, 0x95, 0x0D, 0xC2, 0x16, 0x4D, 0x17, 0x2A, 0x57, 0xF4,
    0x97, 0xD8, 0xAC, 0x85, 0xB1, 0x58, 0xAE, 0x51, 0xCF, 0x6D, 0xDC, 0xCF, 0xC6, 0x02, 0xCE, 0x73,
    0x26, 0x2E, 0xD6, 0x88, 0x21, 0x3B, 0x28, 0xED, 0xD5, 0x75, 0x44, 0x7B, 0x1E, 0xE2, 0xC1, 0x25,
    0x21, 0xE6, 0xBD, 0xF0, 0x0F, 0x75, 0xA3, 0x79, 0x56, 0xBF, 0x78, 0x56, 0x61, 0x67, 0x80, 0x9A,
    0xBA, 0x5F, 0xB8, 0x95, 0x06, 0x50, 0xE1, 0x11, 0x1E, 0x0C, 0x6A, 0xEA, 0xE6, 0x88, 0x6A, 0x96,
    0x7F, 0x9B, 0x29, 0x68, 0x1E, 0xBE, 0x56, 0x35, 0xDB, 0xA8, 0x66, 0x5C, 0xB9, 0xBC, 0x50, 0xCD,
    0x1B, 0x48, 0xAE, 0xCF, 0x56, 0x53, 0xA1, 0x05, 0x5F, 0x72, 0xD6, 0xCE, 0x83, 0x55, 0xCC, 0xB4,
    0x98, 0xAE, 0xBB, 0x3C, 0xDB, 0xA5, 0x57, 0x3A, 0xFB, 0xDF, 0x49, 0x4F, 0x60, 0x57, 0xD6, 0xFD,
    0xB7, 0x25, 0x72, 0xEB, 0x78, 0x7C, 0xAA, 0x42, 0x93, 0x75, 0x83, 0xA8, 0x8B, 0x64, 0x85, 0xC8,
    0x2A, 0x5F, 0xAE, 0xEC, 0xB1, 0x5E, 0x79, 0xAB, 0xDD, 0x31, 0x09, 0x16, 0x1B, 0xE1, 0x8E, 0x8D,
    0xD8, 0xC7, 0x46, 0x34, 0x68, 0x23, 0x32, 0xDC, 0x46, 0x70, 0xE4, 0x05, 0x2F, 0x61, 0xB3, 0x0A,
    0x59, 0x9C, 0x73, 0xA0, 0xD7, 0x70, 0xAA, 0x90, 0xC7, 0xD7, 0x66, 0xE9, 0xD4, 0x5C, 0xC7, 0xF3,
    0x4F, 0xD6, 0xA5, 0xA9, 0xC5, 0xC5, 0x9B, 0xBE, 0x04, 0x47, 0x0C, 0x30, 0xBE, 0x90, 0x95, 0x84,
    0x09, 0xB6, 0x24, 0xB4, 0x41, 0x46, 0x23, 0x33, 0xEB, 0xF7, 0x90, 0x89, 0x75, 0x7F, 0xC7, 0x42,
    0x2E, 0x74, 0xDF, 0x7A, 0x61, 0xBD, 0xB1, 0x34, 0xE2, 0x22, 0x19, 0x3A, 0x90, 0x7B, 0xCE, 0x02,
    0x7C, 0xCA, 0xC3, 0x97, 0xE1, 0x85, 0x40, 0x9F, 0x98, 0xB3, 0xE0, 0x76, 0x9F, 0xA0, 0x08, 0xEF,
    0xF9, 0x9D, 0xC4, 0x45, 0xCC, 0x5C, 0xAF, 0x3A, 0xC9, 0x5D, 0x9F, 0x79, 0xC9, 0x5E, 0xB8, 0x24,
    0x8B, 0x27, 0xCF, 0x49, 0x32, 0x38, 0x24, 0x43, 0x14, 0xEE, 0xB3, 0x59, 0x19, 0x27, 0x3E, 0x71,
    0xF4, 0xB9, 0x4B, 0x03, 0xA9, 0xD5, 0x88, 0x1B, 0x8E, 0x2E, 0xA4, 0x87, 0xD8, 0x70, 0xDE, 0x32,
    0x1A, 0xF4, 0x8C, 0xCB, 0x65, 0xD9, 0xF4, 0xCF, 0x17, 0x01, 0xF1, 0xF7, 0x26, 0x1E, 0x73, 0xE1,
    0x5C, 0x1F, 0x81, 0x2D, 0x19, 0x9C, 0xEB, 0xD5, 0x77, 0xE9, 0x5C, 0xAF, 0x6E, 0xAA, 0x5B, 0xFC,
    0x75, 0xA0, 0x0C, 0xA7, 0x62, 0x00, 0x42, 0x01, 0xB0, 0x96, 0x83, 0xB4, 0x11, 0x65, 0xA8, 0x57,
    0xC5, 0x60, 0xEE, 0x7E, 0x8A, 0xA0, 0xEA, 0xAB, 0xC7, 0x1F, 0x3A, 0x99, 0x6D, 0xFE, 0x11, 0x8A,
    0x37, 0x79, 0x68, 0x45, 0xA4, 0x0E, 0xFE, 0x86, 0x8E, 0xD7, 0x38, 0x5D, 0x49, 0xDE, 0x4A, 0x2A,
    0xBD, 0x1A, 0x07, 0x00, 0x04, 0xAF, 0x67, 0xC4, 0x72, 0x31, 0x42, 0x53, 0x1C, 0x54, 0xCA, 0x91,
    0x08, 0x48, 0xBB, 0x72, 0xA8, 0x46, 0x9C, 0x98, 0x26, 0xDD, 0x9B, 0x3E, 0x9F, 0x33, 0xCF, 0x71,
    0x44, 0x36, 0x33, 0x11, 0x2C, 0x9B, 0x0C, 0x30, 0xD0, 0x56, 0x9A, 0x8E, 0x9C, 0x85, 0x77, 0x63,
    0x4C, 0xB3, 0xE3, 0x6D, 0xE4, 0x71, 0xCA, 0x92, 0xCC, 0xE6, 0x53, 0x86, 0x70, 0xEE, 0x40, 0x5B,
    0x6D, 0x61, 0xAC, 0x8E, 0x49, 0x00, 0x6B, 0xB1, 0x4B, 0x98, 0xC3, 0xDB, 0x23, 0xC7, 0xA0, 0xB5,
    0xCF, 0x5C, 0x36, 0xC9, 0xA4, 0xC4, 0xA9, 0x6F, 0xC3, 0x5B, 0x3E, 0x4E, 0xEA, 0x36, 0xE1, 0x76,
    0xF4, 0x5B, 0x1A, 0xC0, 0xB0, 0xE1, 0xA5, 0x19, 0x27, 0x62, 0xB6, 0x70, 0x32, 0xAE, 0x05, 0x97,
    0x89, 0xAD, 0x92, 0x11, 0x27, 0x0C, 0xA6, 0x9D, 0xCC, 0x6D, 0x91, 0x3A, 0x32, 0xBA, 0x55, 0xC6,
    0xC9, 0xF4, 0x56, 0xE1, 0x4C, 0xCC, 0x01, 0x6E, 0x81, 0x03, 0x32, 0x67, 0xB8, 0xDD, 0xDF, 0x9D,
    0x8C, 0x71, 0xC3, 0x6D, 0x27, 0x93, 0xDC, 0x19, 0x76, 0xE1, 0x30, 0xB7, 0x89, 0xF6, 0xB2, 0xEA,
    0xCB, 0xF1, 0x2E, 0xF1, 0x35, 0x72, 0xA8, 0x49, 0xBE, 0x81, 0x33, 0x23, 0x1F, 0x23, 0x5F, 0xC5,
    0x2F, 0x59, 0x77, 0x76, 0x79, 0xC4, 0x98, 0xE6, 0x92, 0x51, 0xF3, 0x30, 0xEF, 0xBE, 0x23, 0x26,
    0x52, 0x50, 0x26, 0x1B, 0x84, 0xE6, 0x7E, 0x7A, 0x64, 0x64, 0x84, 0x9E, 0xAA, 0xF3, 0x50, 0xD5,
    0x83, 0xBD, 0x18, 0x14, 0x95, 0xCE, 0xF4, 0xEF, 0x44, 0x99, 0xEA, 0x11, 0x56, 0x1B, 0x8F, 0x5E,
    0x97, 0xCA, 0x1C, 0x96, 0xDC, 0x19, 0x77, 0xC0, 0x42, 0x46, 0xC0, 0x83, 0x1F, 0xB3, 0xD1, 0x03,
    0x81, 0xC2, 0x50, 0xE3, 0xC7, 0x91, 0xF9, 0xB5, 0x63, 0xF7, 0xEF, 0x35, 0x7E, 0xDC, 0x3C, 0xF8,
    0xF3, 0xEC, 0x5F, 0xE3, 0x0F, 0x6C, 0x50, 0x1D, 0x3F, 0xDD, 0x0F, 0x0B, 0x96, 0xDD, 0x2C, 0x47,
    0xAB, 0x1F, 0x04, 0xF3, 0x78, 0xDE, 0x6E, 0xCE, 0x1E, 0xE8, 0xA1, 0x2B, 0xE7, 0x6D, 0x45, 0x1F,
    0xC0, 0xD6, 0xFD, 0x5A, 0x4E, 0x0F, 0x34, 0x0D, 0x82, 0xB4, 0xDA, 0x00, 0x25, 0x1F, 0xBD, 0xC6,
    0x30, 0x29, 0xC3, 0x9C, 0xE3, 0xBD, 0xEF, 0xC4, 0x7A, 0xFC, 0xCB, 0x46, 0x4F, 0xF9, 0x70, 0xDE,
    0x44, 0x8C, 0xE0, 0xEE, 0x78, 0x4C, 0xC9, 0x92, 0xCF, 0x05, 0x7A, 0x1E, 0x86, 0x9D, 0xDE, 0x26,
    0x5C, 0xB2, 0x48, 0x11, 0xC2, 0x45, 0x15, 0xC4, 0xA2, 0x27, 0xBB, 0xAF, 0xFF, 0x01, 0xED, 0x99,
    0x3F, 0x6E, 0xDD, 0x46, 0x10, 0xC6, 0x97, 0x24, 0x2C, 0x02, 0x66, 0xC1, 0x26, 0x29, 0x52, 0xB1,
    0x0D, 0xD2, 0xF0, 0x02, 0xB1, 0x48, 0xDD, 0x40, 0x01, 0x9C, 0x73, 0xE4, 0x04, 0x11, 0x29, 0xF8,
    0x02, 0x4A, 0x9D, 0xC6, 0x85, 0x0F, 0x91, 0x22, 0x12, 0x19, 0xA4, 0x70, 0xCB, 0x24, 0x48, 0xE5,
    0x86, 0xB1, 0xCB, 0x34, 0x0C, 0x42, 0x38, 0x2F, 0x10, 0xF7, 0x31, 0x33, 0xDF, 0xCC, 0xBE, 0x47,
    0x52, 0x4F, 0xFF, 0xEC, 0x24, 0x92, 0x0D, 0x53, 0xC0, 0x2E, 0xC4, 0xB7, 0x9C, 0xDD, 0x9D, 0xF9,
    0xED, 0xEC, 0xB7, 0xA4, 0x31, 0x66, 0xDF, 0xC8, 0x55, 0x95, 0x52, 0x8F, 0x35, 0x2A, 0x6F, 0x6C,
    0x50, 0x07, 0x63, 0x27, 0xF5, 0x9F, 0x52, 0x47, 0x2F, 0x57, 0xA8, 0xE3, 0x9F, 0x06, 0xD4, 0x49,
    0x6D, 0x51, 0xA7, 0xE5, 0x19, 0xEA, 0x8C, 0xFE, 0xF8, 0x2A, 0x4C, 0x96, 0x73, 0x6D, 0xA9, 0x05,
    0xD7, 0x83, 0x89, 0xB9, 0xF6, 0x57, 0x26, 0x6A, 0xD9, 0x5C, 0x67, 0x42, 0x36, 0x48, 0x45, 0xD0,
    0xB3, 0xB9, 0x86, 0x7F, 0x32, 0x68, 0x34, 0xC0, 0x9C, 0x31, 0x6B, 0x36, 0x37, 0xD2, 0xC5, 0xE6,
    0xB8, 0x26, 0x83, 0x15, 0xD7, 0xA5, 0xB4, 0x21, 0xC3, 0xDE, 0x20, 0xCF, 0x06, 0xFC, 0x6C, 0xD4,
    0xB1, 0x59, 0xD8, 0x8E, 0x50, 0xAF, 0xF8, 0x27, 0xC3, 0x8D, 0x64, 0x0C, 0xD6, 0x64, 0x98, 0xE4,
    0x99, 0x8E, 0xAD, 0x30, 0x57, 0x5C, 0x99, 0x99, 0xF9, 0xE3, 0x42, 0x2D, 0xBF, 0x7F, 0x35, 0xAE,
    0xC8, 0x45, 0x34, 0xA4, 0x98, 0x8A, 0x36, 0x6D, 0x4D, 0xDC, 0x93, 0xED, 0x60, 0xC8, 0x8C, 0x8C,
    0x0D, 0x03, 0x35, 0x56, 0x8A, 0x6A, 0x3C, 0xB1, 0xD1, 0x38, 0xAE, 0x6D, 0x4A, 0x8D, 0x6D, 0xD1,
    0x98, 0xC4, 0x56, 0xD4, 0xCE, 0xF2, 0xCF, 0x9B, 0x02, 0xFF, 0x06, 0x96, 0x26, 0x1D, 0xDB, 0xA2,
    0x36, 0x85, 0x25, 0x17, 0x0C, 0xFC, 0x58, 0x67, 0xBD, 0x6A, 0xCC, 0xED, 0xEE, 0x81, 0x62, 0x54,
    0xDB, 0x02, 0xF7, 0xFC, 0xF1, 0x44, 0x42, 0x35, 0xF6, 0x12, 0xA2, 0x51, 0x42, 0x96, 0x1D, 0x88,
    0x91, 0x7D, 0xA3, 0xC6, 0x64, 0xA4, 0xE4, 0xC0, 0x5E, 0x2D, 0x36, 0x3A, 0x55, 0xED, 0xC1, 0x9A,
    0xAB, 0x2F, 0x7D, 0xDC, 0xD3, 0xF6, 0xC1, 0x98, 0x6B, 0x2D, 0x48, 0x45, 0xEA, 0xB2, 0xF8, 0x45,
    0x2B, 0xC8, 0x3C, 0x17, 0x94, 0xD2, 0x27, 0xBD, 0x8E, 0x67, 0xA5, 0xC8, 0x88, 0xA1, 0xB5, 0x39,
    0x53, 0xB3, 0x32, 0x8D, 0x41, 0xC2, 0x45, 0x9C, 0x24, 0xA5, 0x20, 0x03, 0x94, 0x88, 0x23, 0xA0,
    0xC4, 0xE1, 0xEF, 0x04, 0x07, 0x9F, 0x0D, 0x52, 0x8C, 0xBD, 0x95, 0xFA, 0x80, 0x0D, 0x32, 0x32,
    0x8C, 0xD2, 0x28, 0x28, 0x79, 0xA3, 0xA0, 0xE4, 0x2B, 0x42, 0x82, 0x5F, 0x2D, 0x38, 0x92, 0xC1,
    0xB8, 0xD5, 0x3E, 0x1A, 0xE9, 0x33, 0xAD, 0x75, 0x0C, 0xA5, 0x8C, 0xA9, 0xD0, 0x31, 0x56, 0x3A,
    0x66, 0x72, 0x73, 0xC3, 0x3E, 0xA6, 0x2E, 0x13, 0x76, 0x70, 0x9A, 0x73, 0x61, 0x4E, 0x9D, 0x63,
    0x80, 0x66, 0xCC, 0xC6, 0x61, 0x09, 0x53, 0xF9, 0x78, 0xE6, 0xBE, 0x3B, 0x62, 0xE8, 0x61, 0x3E,
    0xE5, 0xFC, 0x68, 0x1A, 0x4A, 0x1F, 0x01, 0xB2, 0xDE, 0x09, 0x28, 0xC2, 0xAD, 0x50, 0x82, 0x18,
    0x3F, 0x47, 0x0C, 0x33, 0x2C, 0x56, 0x9A, 0x24, 0x9B, 0x22, 0x6F, 0xB3, 0x11, 0xEF, 0xA9, 0x33,
    0x79, 0x05, 0x23, 0x62, 0xCC, 0x17, 0x42, 0x14, 0x10, 0x67, 0xFA, 0x45, 0x23, 0x3D, 0x74, 0x13,
    0x38, 0xB4, 0x23, 0x45, 0x43, 0xFA, 0xD3, 0x20, 0x68, 0xB7, 0x1C, 0xA2, 0x12, 0x8B, 0x9E, 0x17,
    0x39, 0x07, 0xB0, 0x41, 0x3C, 0x99, 0x0D, 0x0E, 0x6F, 0x07, 0x9F, 0x73, 0x94, 0xD5, 0x9F, 0xCC,
    0xC3, 0x20, 0x38, 0xAC, 0x95, 0x06, 0xC9, 0x3D, 0x59, 0x1E, 0x48, 0x98, 0x80, 0x42, 0x5C, 0x83,
    0x84, 0xB8, 0x45, 0xEE, 0x08, 0x3B, 0x44, 0x2F, 0xE8, 0x05, 0xC5, 0x55, 0x21, 0xEB, 0x66, 0xBD,
    0x5D, 0x1F, 0x92, 0x62, 0xC4, 0x9B, 0xA7, 0xDB, 0x29, 0xC3, 0x95, 0x67, 0xEC, 0x49, 0x0F, 0x93,
    0x0E, 0x30, 0xD9, 0xF8, 0x17, 0xF4, 0x74, 0xBC, 0xC2, 0xDC, 0x4E, 0x1D, 0xEC, 0xDE, 0xB3, 0x4B,
    0x5C, 0xC8, 0x88, 0x08, 0x23, 0x06, 0x90, 0x18, 0x50, 0x82, 0x89, 0x0D, 0x66, 0xC3, 0x89, 0x3A,
    0xD9, 0xBA, 0x92, 0x59, 0x31, 0x80, 0xC5, 0x80, 0x16, 0x03, 0x5C, 0x0C, 0x78, 0x41, 0xAB, 0x49,
    0x29, 0x77, 0x02, 0x6B, 0x00, 0x8D, 0x01, 0x35, 0x06, 0xD8, 0x18, 0x70, 0x63, 0xB6, 0xE0, 0x28,
    0x31, 0x89, 0xAC, 0xEE, 0x58, 0x16, 0x77, 0x00, 0x2E, 0x3E, 0xF2, 0x3A, 0x59, 0x1D, 0x93, 0x3C,
    0x10, 0x49, 0x5C, 0x93, 0x27, 0x9D, 0x3C, 0xAC, 0x48, 0x33, 0x70, 0xB4, 0x5E, 0xD3, 0xDC, 0xDC,
    0x2C, 0xBB, 0xBC, 0xB7, 0xE4, 0x64, 0x1B, 0x67, 0x46, 0xB5, 0xEC, 0x5E, 0xE4, 0x46, 0xEA, 0xB4,
    0xC2, 0x74, 0xE9, 0x7E, 0xF8, 0x3B, 0x8F, 0xEB, 0xC7, 0x4E, 0x9D, 0x77, 0x4A, 0xAE, 0xA3, 0x19,
    0xA4, 0xA5, 0xB9, 0x8C, 0x94, 0xFF, 0x3F, 0x99, 0x84, 0x6B, 0x65, 0x42, 0x53, 0xFE, 0x7E, 0x28,
    0x54, 0x7C, 0x1A, 0xE8, 0x6E, 0x19, 0xB9, 0x5D, 0x33, 0x9F, 0x06, 0x35, 0xCB, 0xBB, 0xE9, 0x9E,
    0xEA, 0x9F, 0xCB, 0xBF, 0xE1, 0x6F, 0xAA, 0x31, 0xEA, 0x8D, 0xA6, 0xC8, 0x25, 0x88, 0x02, 0xDB,
    0x63, 0xE3, 0x5D, 0x4D, 0x8D, 0xDB, 0xBB, 0x8B, 0xE5, 0xDE, 0xDD, 0x2A, 0x44, 0x4E, 0xD3, 0xC8,
    0x06, 0x14, 0xFE, 0x21, 0xFD, 0x45, 0xCD, 0xA0, 0xFD, 0x9E, 0x2A, 0xE1, 0x85, 0x0E, 0x33, 0x53,
    0xB3, 0xA9, 0xEA, 0x87, 0xD8, 0x69, 0x1A, 0xD5, 0x17, 0x88, 0x3B, 0x91, 0xE2, 0xF4, 0x07, 0xA8,
    0x20, 0x8E, 0x9C, 0x3E, 0x81, 0xC3, 0x19, 0x87, 0x33, 0xEC, 0xC3, 0xA2, 0x69, 0x32, 0xD5, 0x34,
    0xD0, 0x36, 0xB5, 0xB4, 0x71, 0xFA, 0x87, 0x9E, 0x85, 0x0D, 0xA7, 0x8F, 0xA8, 0x40, 0x1F, 0x74,
    0x13, 0x70, 0x79, 0xDA, 0x37, 0x3D, 0x04, 0xBC, 0x88, 0x16, 0xD9, 0xA0, 0xE0, 0xA9, 0xC8, 0xCA,
    0x7E, 0xCF, 0x77, 0x1E, 0x21, 0x14, 0x1A, 0x88, 0x68, 0x92, 0xA4, 0x00, 0x2E, 0xD2, 0x13, 0xDC,
    0x13, 0x9C, 0xB7, 0x90, 0x77, 0xB2, 0x95, 0x0E, 0x68, 0xB6, 0x2F, 0x02, 0x2E, 0x47, 0x62, 0x2A,
    0xEF, 0x79, 0x62, 0x8A, 0x5B, 0xA1, 0x22, 0x1B, 0x04, 0xBE, 0xEF, 0xB2, 0x08, 0x43, 0xEE, 0x63,
    0x49, 0x1D, 0x87, 0xFE, 0x30, 0x1F, 0xFB, 0x27, 0x73, 0xE5, 0xEB, 0xAB, 0xE2, 0x0D, 0x5F, 0x75,
    0x4A, 0x81, 0x42, 0xAA, 0x5B, 0xFE, 0xA0, 0x19, 0xEF, 0xB1, 0x79, 0x70, 0x35, 0x7D, 0x47, 0x4E,
    0x39, 0xE6, 0x33, 0xFA, 0xFC, 0x8D, 0xA2, 0x16, 0x0A, 0x43, 0xA7, 0xA8, 0x5F, 0x09, 0x85, 0xF1,
    0x0F, 0x4E, 0x51, 0xBB, 0xC5, 0x31, 0x57, 0xD4, 0x4E, 0xB5, 0xEA, 0x38, 0x3C, 0x55, 0xD4, 0x44,
    0xC6, 0x4C, 0x51, 0xD3, 0x3F, 0x33, 0x45, 0x9D, 0x4C, 0x14, 0xB5, 0x5D, 0x2A, 0x6A, 0x27, 0x8B,
    0xB6, 0x8A, 0x5A, 0x54, 0x78, 0x23, 0x36, 0x22, 0xB5, 0x49, 0xB6, 0x41, 0x1D, 0x2B, 0xEA, 0x5A,
    0xFA, 0x4E, 0x67, 0x8A, 0x7A, 0xAD, 0x3E, 0xA2, 0x32, 0xE9, 0x29, 0x0C, 0xC5, 0x9A, 0x48, 0x5B,
    0xA5, 0xE4, 0x81, 0xC3, 0x70, 0xA3, 0x1E, 0xA1, 0x7A, 0xAA, 0x9C, 0x77, 0x42, 0x7A, 0x38, 0xF8,
    0x8B, 0x2C, 0xC6, 0x3F, 0xF7, 0x3C, 0xB2, 0x01, 0xE7, 0x05, 0x99, 0x9A, 0xB7, 0xCB, 0xBF, 0x77,
    0x92, 0xD5, 0x16, 0x27, 0x00, 0xFF, 0x5C, 0xE3, 0xF6, 0xB2, 0x5F, 0xF0, 0xE1, 0x36, 0x7D, 0xE1,
    0xE3, 0x99, 0xD9, 0x2B, 0xAF, 0xE4, 0xE3, 0xC3, 0x89, 0xEB, 0x6D, 0x4E, 0x5C, 0x62, 0x83, 0x47,
    0x14, 0x9C, 0x53, 0x5F, 0x11, 0x2B, 0xA9, 0xA4, 0x5C, 0xF1, 0xCF, 0x5F, 0xF3, 0x28, 0x53, 0x4E,
    0x56, 0x7B, 0xF7, 0x83, 0xA0, 0x1B, 0x1E, 0xD4, 0xE4, 0xBC, 0xA2, 0x7B, 0x3F, 0x10, 0xD3, 0x03,
    0x98, 0x6A, 0x2B, 0x93, 0x2C, 0x32, 0x96, 0x5E, 0x87, 0xBA, 0x0F, 0x0E, 0xDB, 0xFD, 0xA8, 0x16,
    0x6F, 0xCB, 0x3E, 0x95, 0xFD, 0x3A, 0xEA, 0x01, 0x70, 0x98, 0x11, 0x76, 0xFD, 0xBE, 0xB9, 0x9B,
    0x4C, 0x7F, 0x41, 0x66, 0xB8, 0x20, 0x33, 0xBE, 0x40, 0x66, 0x31, 0x23, 0xF3, 0x54, 0xB3, 0xC6,
    0xB0, 0xC9, 0x22, 0x92, 0x55, 0xFA, 0x4D, 0x96, 0x91, 0xAC, 0xD3, 0x6E, 0xB2, 0x90, 0xA7, 0xD4,
    0xCD, 0x32, 0x97, 0xAB, 0x1D, 0x99, 0x76, 0x4E, 0xA6, 0xDB, 0x7B, 0x61, 0x2B, 0xEC, 0x36, 0x7B,
    0x33, 0xFA, 0xF2, 0x87, 0x45, 0x06, 0x5B, 0xEB, 0xD8, 0x2A, 0x91, 0xA3, 0xF4, 0x44, 0xEB, 0x1C,
    0x9F, 0xE4, 0x93, 0xC5, 0x2A, 0x8E, 0x78, 0x4A, 0x6B, 0xDB, 0xE7, 0xF3, 0x27, 0x09, 0x34, 0x6A,
    0x33, 0xB0, 0x7C, 0xAD, 0xBE, 0x1C, 0xF5, 0x6C, 0xED, 0x0E, 0xDC, 0x77, 0xCD, 0x5D, 0xD4, 0xCC,
    0x71, 0xF2, 0xFA, 0xB9, 0x94, 0xE6, 0x85, 0xF2, 0x81, 0xA7, 0xFF, 0x9C, 0x27, 0xA4, 0x40, 0xC4,
    0x42, 0x02, 0x81, 0xC9, 0x7D, 0xFF, 0x0E, 0xF2, 0xC4, 0xF2, 0x4C, 0xE2, 0x25, 0xF1, 0x09, 0x1A,
    0x99, 0x85, 0x5F, 0x7E, 0xAE, 0xA3, 0xD2, 0x59, 0xF9, 0xFD, 0xEE, 0xBC, 0xA5, 0x97, 0xDB, 0xD9,
    0x77, 0xF0, 0x25, 0xCA, 0xED, 0xB8, 0x7A, 0x43, 0xBE, 0xB4, 0xBF, 0x6A, 0xAE, 0xF3, 0x3D, 0xC7,
    0xD7, 0x6B, 0x19, 0x57, 0xE0, 0x74, 0x7E, 0xBB, 0xD0, 0xF9, 0xF5, 0x65, 0x3A, 0xDF, 0xED, 0x62,
    0x6E, 0x57, 0xC3, 0x4E, 0x4A, 0x40, 0x04, 0x4B, 0xBE, 0x9C, 0xCE, 0x9F, 0xF2, 0xB5, 0x53, 0xE7,
    0xFF, 0x8B, 0x7C, 0x79, 0x38, 0x1C, 0xF2, 0x5C, 0xE3, 0x63, 0x7A, 0xE6, 0xA1, 0xE1, 0x07, 0x71,
    0x00, 0x07, 0x74, 0x68, 0xF7, 0xC8, 0x91, 0x76, 0x48, 0xBE, 0x07, 0x69, 0xFE, 0x84, 0xB4, 0x83,
    0x4A, 0x49, 0xDB, 0xBB, 0x27, 0xA4, 0xDD, 0x5A, 0xC3, 0xEB, 0x45, 0x91, 0x40, 0x7B, 0x5A, 0xF9,
    0xB5, 0xF0, 0x18, 0x4B, 0xC6, 0xFA, 0xA2, 0xB8, 0x1D, 0x51, 0x47, 0xD7, 0x69, 0xB3, 0x76, 0xA1,
    0xCD, 0xFA, 0x85, 0x36, 0x93, 0x3A, 0x5D, 0x68, 0xF7, 0xA3, 0xDB, 0x69, 0xB3, 0x68, 0xA1, 0xCD,
    0x92, 0x72, 0x47, 0xC6, 0xCA, 0xAF, 0xC9, 0x58, 0xEE, 0xE4, 0xE8, 0x88, 0x9A, 0x9C, 0x1C, 0xEB,
    0xE9, 0xC9, 0x71, 0xBD, 0xD5, 0x66, 0x49, 0xFB, 0x80, 0x8C, 0x5A, 0x5A, 0xB6, 0x7D, 0x46, 0x5A,
    0xF0, 0x30, 0xEC, 0x27, 0xAE, 0x61, 0x7A, 0xA4, 0xA0, 0x64, 0x95, 0xF0, 0xC0, 0x68, 0x6F, 0xAC,
    0x0E, 0xF8, 0x6D, 0x27, 0xAF, 0xB3, 0xBD, 0xB1, 0x34, 0xF7, 0x49, 0x74, 0x5D, 0xBA, 0x89, 0x7D,
    0x73, 0xCB, 0x24, 0x73, 0x8D, 0x5C, 0xF7, 0x6F, 0x8A, 0xC4, 0x25, 0x9B, 0x98, 0xD5, 0x71, 0x39,
    0x24, 0x86, 0xCD, 0x9B, 0xE7, 0x0D, 0x12, 0xDD, 0x5D, 0x8A, 0xA2, 0xB7, 0x95, 0xEB, 0x4A, 0x4E,
    0x8D, 0xC2, 0xE0, 0xBD, 0x55, 0x75, 0x30, 0xDE, 0xB3, 0xBC, 0x73, 0x33, 0xA5, 0x8E, 0xA3, 0x72,
    0x3B, 0x29, 0x1B, 0x3B, 0x7F, 0xAF, 0xF1, 0x06, 0xA5, 0xBC, 0x45, 0x9C, 0x96, 0x6F, 0x6F, 0x73,
    0x62, 0xB9, 0x01, 0x0F, 0x2D, 0xB6, 0xA2, 0x76, 0x57, 0x14, 0x65, 0x71, 0x64, 0xDD, 0xB2, 0xC4,
    0xFD, 0x74, 0xFC, 0x9B, 0x01, 0xE7, 0xB7, 0x53, 0x1C, 0x8C, 0xDE, 0xA4, 0x44, 0xA5, 0x7C, 0x0A,
    0x91, 0x0F, 0x20, 0x95, 0x1C, 0x19, 0xF5, 0x3D, 0x26, 0xCA, 0x5C, 0xBE, 0xAF, 0x4C, 0xCB, 0xDD,
    0x23, 0xFC, 0x4C, 0x9F, 0xAD, 0xB0, 0x18, 0x0A, 0xD8, 0x14, 0xFB, 0xD2, 0x17, 0xF7, 0xDB, 0xE8,
    0x18, 0x2E, 0xE7, 0x4F, 0x68, 0x9B, 0x96, 0x72, 0xBF, 0x42, 0x5E, 0xC5, 0x1A, 0x8F, 0xF0, 0xF9,
    0x27, 0x6E, 0xB8, 0xA3, 0x58, 0x5F, 0xE9, 0x55, 0xFA, 0x65, 0xC9, 0x7D, 0x9B, 0x99, 0xBE, 0x3D,
    0xBB, 0x70, 0xBD, 0xF3, 0x71, 0x97, 0x57, 0x4F, 0xF8, 0x46, 0x25, 0x1F, 0xA9, 0x4C, 0x7A, 0x80,
    0x52, 0x1F, 0x81, 0x1F, 0x70, 0xA2, 0xA7, 0x2D, 0x60, 0xEB, 0x8D, 0x62, 0xFB, 0xDA, 0x66, 0x7A,
    0xDD, 0x37, 0x2A, 0xD2, 0x8E, 0xD4, 0x8D, 0x19, 0x2D, 0xE5, 0x49, 0x6F, 0x95, 0x7E, 0x4B, 0xD3,
    0xED, 0xF0, 0xC9, 0xF1, 0xD0, 0x5B, 0xBF, 0x8F, 0xD1, 0xFC, 0x07, 0xED, 0x59, 0xBD, 0x92, 0xDB,
    0x54, 0x14, 0x3E, 0x92, 0xD8, 0x55, 0xA1, 0x42, 0xCD, 0x6E, 0x43, 0xA3, 0x96, 0x49, 0xA3, 0x17,
    0x00, 0x4B, 0x1D, 0x45, 0x9A, 0x2D, 0xE8, 0x69, 0x28, 0x78, 0x09, 0x56, 0xEE, 0x29, 0xC8, 0x1B,
    0x24, 0x45, 0x0A, 0x1E, 0x22, 0xB6, 0x05, 0x4F, 0x20, 0xC2, 0x03, 0x60, 0x98, 0xF4, 0x11, 0x33,
    0x62, 0x22, 0x26, 0x57, 0xBE, 0xDC, 0xF3, 0x9D, 0x63, 0x5B, 0xF2, 0x5A, 0x43, 0xCC, 0xCE, 0x32,
    0x1A, 0x6F, 0xEE, 0x66, 0x8F, 0xBC, 0xD6, 0xFD, 0xFD, 0xCE, 0x77, 0xCF, 0x5F, 0x28, 0x5D, 0x7B,
    0x37, 0x44, 0xD6, 0x04, 0x35, 0xF9, 0x6D, 0xF1, 0x75, 0x45, 0x41, 0x1D, 0xDB, 0x92, 0xBC, 0xDC,
    0xDF, 0xD0, 0xB1, 0x96, 0xDA, 0xBF, 0x89, 0x7C, 0x6B, 0x5D, 0x9F, 0xD8, 0xC9, 0x86, 0xD2, 0x86,
    0x42, 0x43, 0xD9, 0x9C, 0x68, 0x43, 0x2B, 0xD7, 0x61, 0x45, 0x3C, 0x30, 0xA3, 0x6E, 0x2F, 0x73,
    0xCB, 0x6D, 0x20, 0x3B, 0x4C, 0x76, 0x28, 0x9F, 0xE8, 0x58, 0x9E, 0xA7, 0xA0, 0x02, 0x73, 0xCA,
    0xFC, 0xB2, 0x16, 0xAF, 0x5B, 0xE9, 0x1E, 0xB8, 0x5D, 0x3E, 0x63, 0x19, 0x97, 0xD8, 0xD8, 0x9C,
    0x30, 0x96, 0xDB, 0x2B, 0xAC, 0xFA, 0x92, 0x77, 0xC3, 0xEF, 0xBC, 0xF7, 0xB5, 0x93, 0xC1, 0x9F,
    0x2D, 0x3A, 0x2F, 0xB8, 0x73, 0xCE, 0x1D, 0x6F, 0x31, 0xF4, 0x1B, 0x9D, 0xE6, 0xA0, 0x61, 0x9F,
    0xEB, 0x9E, 0xAC, 0x8E, 0xEF, 0xF9, 0x14, 0x89, 0x79, 0x06, 0xF2, 0xFE, 0x73, 0xF6, 0x66, 0xAE,
    0x56, 0xD8, 0x6D, 0x0A, 0xD9, 0x43, 0x26, 0x27, 0x1C, 0x96, 0x9B, 0x61, 0xE1, 0x35, 0x8C, 0xAF,
    0xC7, 0xA7, 0xB6, 0x8C, 0x5A, 0xF0, 0xDE, 0x81, 0x4A, 0xD1, 0xAF, 0x8C, 0x52, 0x32, 0x37, 0x80,
    0xF1, 0x16, 0x9D, 0x79, 0xE8, 0x4B, 0xBA, 0xCC, 0xA7, 0xCE, 0x84, 0x04, 0x07, 0x8D, 0xF8, 0x18,
    0x8E, 0xC0, 0x38, 0x23, 0x2B, 0xFB, 0x42, 0x98, 0x00, 0x66, 0x70, 0x77, 0xF2, 0xDF, 0xF1, 0xCB,
    0x70, 0x6D, 0x00, 0xCE, 0x2D, 0x96, 0x60, 0xE2, 0x74, 0x14, 0x57, 0x34, 0xD6, 0xCE, 0x80, 0x09,
    0x59, 0xBE, 0xA7, 0x43, 0xB8, 0x47, 0xE9, 0x8A, 0x5A, 0xE8, 0x89, 0xF1, 0xB2, 0xFC, 0x32, 0x78,
    0xC7, 0xBD, 0xE3, 0x9F, 0x1B, 0xD0, 0xC6, 0x80, 0x36, 0xEE, 0xA6, 0x78, 0xC6, 0xF1, 0x62, 0x14,
    0x9F, 0x49, 0x31, 0x21, 0x84, 0xD9, 0x4A, 0xC0, 0xEB, 0x59, 0xC8, 0x67, 0xFA, 0x2C, 0x10, 0x72,
    0x40, 0x0A, 0x10, 0xA0, 0x78, 0x5E, 0x6F, 0xED, 0x83, 0x0F, 0xFB, 0x10, 0xFE, 0x2E, 0xF6, 0x61,
    0x89, 0x97, 0xDC, 0x71, 0x09, 0xC4, 0xBE, 0x72, 0xC6, 0x70, 0x8C, 0x15, 0x65, 0x5F, 0x4E, 0x9E,
    0x15, 0x25, 0x58, 0x51, 0x82, 0x15, 0x7C, 0xEE, 0xA8, 0x13, 0xED, 0x31, 0x56, 0x5F, 0x1C, 0xC1,
    0x0A, 0x23, 0x19, 0x94, 0xCC, 0x63, 0x80, 0xAC, 0x60, 0xC5, 0x0C, 0x89, 0xFE, 0x68, 0x70, 0xEB,
    0xC4, 0x56, 0xCC, 0xB0, 0x4C, 0x92, 0x93, 0xE7, 0x6C, 0xC5, 0x7C, 0xDA, 0x0C, 0x09, 0x1B, 0xD6,
    0x66, 0xB2, 0xE1, 0x83, 0xCE, 0x92, 0xA7, 0x4E, 0x7E, 0x1E, 0x5A, 0xF7, 0xCD, 0x95, 0xD7, 0xED,
    0xB7, 0xFB, 0x29, 0x64, 0x06, 0x14, 0x70, 0x7F, 0xFC, 0xBF, 0x1A, 0xD8, 0x97, 0x05, 0x2C, 0x64,
    0x86, 0xE5, 0x84, 0x1B, 0x17, 0xF9, 0x39, 0x5A, 0x8C, 0x04, 0x28, 0x15, 0x1B, 0x26, 0x42, 0x9B,
    0x32, 0x3E, 0x37, 0x61, 0x0F, 0x9F, 0x2B, 0xC8, 0x55, 0x7E, 0x60, 0x37, 0xA2, 0xD7, 0x4D, 0xCF,
    0x83, 0xCC, 0x70, 0xD1, 0x1C, 0x2B, 0xC6, 0x50, 0x9A, 0x92, 0xDD, 0x10, 0x07, 0x52, 0xC0, 0x6B,
    0x6E, 0xF8, 0x14, 0x41, 0xC3, 0xA7, 0x88, 0xD6, 0x33, 0xBC, 0xE4, 0x53, 0x14, 0xB8, 0x16, 0xDF,
    0x92, 0x77, 0xAE, 0xD1, 0xC2, 0x61, 0x13, 0x77, 0x91, 0xD5, 0x87, 0x52, 0xBE, 0x2F, 0x64, 0xA6,
    0xF3, 0x88, 0x1F, 0xEE, 0x34, 0xB1, 0x7D, 0xB6, 0x3C, 0x94, 0xFC, 0x7D, 0xB4, 0xC9, 0x33, 0x46,
    0xAF, 0xEE, 0xC2, 0xA6, 0x0D, 0xDC, 0xA4, 0x35, 0x25, 0x15, 0xD9, 0x3C, 0x30, 0x8E, 0x35, 0xFB,
    0x29, 0xDC, 0xE7, 0x07, 0xFD, 0xF7, 0x7F, 0x6E, 0xA3, 0xB8, 0xE7, 0xCF, 0x16, 0x54, 0xE7, 0x2A,
    0xDD, 0x4F, 0xD6, 0xFB, 0x24, 0xED, 0x7E, 0xB3, 0xB1, 0x36, 0x59, 0x8F, 0x19, 0x94, 0xEA, 0x31,
    0x2D, 0x5A, 0x17, 0x08, 0xE4, 0x0E, 0x22, 0x8A, 0xE1, 0xB9, 0xF2, 0xB4, 0x84, 0x41, 0x87, 0xFB,
    0x8F, 0x2B, 0x44, 0x3C, 0x51, 0xBD, 0x44, 0xC0, 0x50, 0x77, 0x12, 0x0F, 0xC9, 0xA3, 0x79, 0x80,
    0xC7, 0x76, 0x21, 0x5D, 0x56, 0x37, 0xA1, 0x5B, 0xD2, 0x0D, 0x72, 0xDC, 0xE2, 0x7E, 0x75, 0xF3,
    0x7A, 0x14, 0xBA, 0xB4, 0x63, 0x04, 0xDD, 0x05, 0xF3, 0x14, 0xD8, 0x23, 0x0F, 0x79, 0x97, 0xDA,
    0x8D, 0x5C, 0xB1, 0x35, 0x45, 0x98, 0x97, 0xAF, 0xC0, 0x06, 0x57, 0x6C, 0x85, 0xAB, 0x91, 0xCD,
    0xF9, 0x9A, 0xA4, 0x08, 0x5D, 0x92, 0x93, 0xA5, 0x8C, 0x95, 0x79, 0x64, 0x4E, 0x99, 0x3F, 0xC6,
    0x5A, 0xB2, 0xAE, 0xEC, 0xE1, 0xD4, 0x2B, 0xE6, 0x60, 0xB2, 0x30, 0x1A, 0x99, 0x98, 0xA6, 0xC2,
    0xC2, 0xF2, 0x2C, 0x24, 0xB6, 0x7F, 0xE5, 0x0B, 0xBF, 0xE5, 0x2F, 0x8A, 0xD7, 0x3D, 0x77, 0x2D,
    0xD1, 0xEC, 0xD6, 0x14, 0x38, 0xD7, 0x73, 0xA7, 0x9D, 0x3B, 0x59, 0x3C, 0xFB, 0x86, 0x87, 0x58,
    0xE8, 0xC8, 0x5A, 0xA4, 0xC6, 0x7C, 0x67, 0x52, 0x0D, 0x7E, 0x71, 0x7F, 0x24, 0xDA, 0x89, 0x81,
    0xA3, 0xE4, 0x47, 0x72, 0xAD, 0xAE, 0xEF, 0x5A, 0xE9, 0x29, 0x51, 0x48, 0xED, 0xC5, 0x82, 0x76,
    0x29, 0xDE, 0x8E, 0x05, 0x48, 0x6B, 0x7C, 0x03, 0x5F, 0x23, 0x49, 0x00, 0xC5, 0x6F, 0x85, 0x43,
    0x92, 0xDB, 0x75, 0xE8, 0xE8, 0xA8, 0x63, 0x90, 0x02, 0x6A, 0x42, 0x3C, 0xDE, 0x1E, 0x81, 0x51,
    0x11, 0x60, 0x92, 0x5E, 0xE5, 0xE4, 0xBB, 0x7D, 0xCC, 0x4F, 0x2F, 0x86, 0x31, 0x7F, 0x88, 0x98,
    0x3F, 0xD6, 0x98, 0x3F, 0x83, 0x1A, 0x78, 0xE8, 0x78, 0xCC, 0x3F, 0x21, 0xE6, 0x74, 0x03, 0xFE,
    0x48, 0x45, 0x44, 0x03, 0x99, 0x9B, 0x00, 0x11, 0xBE, 0x51, 0xB3, 0x23, 0xF5, 0x84, 0xE7, 0x82,
    0x89, 0x54, 0x14, 0xCC, 0x47, 0xE6, 0x1C, 0x30, 0x47, 0x8A, 0x6D, 0x82, 0x9F, 0xDC, 0x3F, 0x98,
    0xE4, 0x4F, 0x80, 0x50, 0x91, 0xEF, 0x8C, 0x79, 0x80, 0x7A, 0x4B, 0xF4, 0x4B, 0x8B, 0x31, 0x0B,
    0x98, 0x19, 0x5E, 0xCF, 0xE8, 0xD8, 0xB1, 0x7A, 0xC2, 0x84, 0x98, 0x93, 0x8A, 0xAF, 0x59, 0xC9,
    0x9F, 0x4D, 0x82, 0xC7, 0x8B, 0x58, 0x5F, 0x0E, 0x1C, 0x31, 0x80, 0x30, 0x48, 0xA4, 0xD5, 0x0D,
    0xC7, 0x6F, 0x01, 0x54, 0xFA, 0x3D, 0x78, 0x54, 0x68, 0x0F, 0xF4, 0x77, 0x51, 0xD5, 0xAD, 0x94,
    0x30, 0x9F, 0x3C, 0x5E, 0x1E, 0x7D, 0x50, 0x05, 0xC2, 0x1C, 0xAB, 0x40, 0x8C, 0x59, 0xA3, 0x1F,
    0xA7, 0x6F, 0x8D, 0x8A, 0xEA, 0x02, 0xCA, 0x6D, 0x99, 0x3D, 0x41, 0xB5, 0xE2, 0x19, 0xBC, 0x3C,
    0x69, 0xFA, 0xDB, 0xBD, 0x11, 0x02, 0x88, 0xD9, 0x0A, 0x95, 0x4C, 0xBF, 0x89, 0x51, 0x7A, 0x0A,
    0x32, 0x2D, 0x41, 0x26, 0xE7, 0x03, 0x8D, 0x50, 0x8F, 0xC9, 0xE4, 0xD2, 0xEC, 0xEB, 0xC7, 0x4A,
    0xA6, 0x7F, 0x29, 0x59, 0x5C, 0xEF, 0x4B, 0x16, 0x03, 0xD3, 0xF4, 0xBA, 0x85, 0x07, 0xEC, 0x76,
    0x34, 0x92, 0x52, 0xE7, 0x78, 0xC9, 0x62, 0x3A, 0xA6, 0x69, 0x10, 0xFE, 0x2B, 0x39, 0xD2, 0x2F,
    0x11, 0x0C, 0x2F, 0x61, 0x8E, 0x3D, 0xB1, 0x34, 0x2E, 0x31, 0xCC, 0x3E, 0xC6, 0x3A, 0xFF, 0x29,
    0x81, 0xEA, 0x27, 0x29, 0x67, 0x10, 0x05, 0x9D, 0x96, 0x82, 0x71, 0x39, 0x57, 0x6B, 0x08, 0xAD,
    0x7E, 0x88, 0xEA, 0x41, 0x6D, 0x68, 0x97, 0x3C, 0xEC, 0xF2, 0x87, 0x1D, 0x70, 0x1F, 0xD4, 0xFC,
    0xAD, 0x76, 0x44, 0x5B, 0x49, 0xA9, 0xDA, 0x4B, 0x4A, 0x25, 0x5F, 0xBA, 0xD5, 0x6E, 0x36, 0x17,
    0x6D, 0xFF, 0x64, 0x25, 0x8B, 0x89, 0xAD, 0xD4, 0x88, 0x1C, 0xA8, 0x2D, 0x09, 0x3B, 0x9C, 0x13,
    0xE9, 0xB6, 0x6E, 0xF8, 0xE0, 0x43, 0xF3, 0xF0, 0x1F, 0x6A, 0xD2, 0x6D, 0xD4, 0x9A, 0x82, 0x32,
    0x54, 0x4A, 0x54, 0x56, 0x91, 0x26, 0xA8, 0x7A, 0x1C, 0x49, 0x51, 0x90, 0xA6, 0x6C, 0x09, 0xBB,
    0xA3, 0xEC, 0x80, 0xB4, 0x1A, 0x1B, 0x0C, 0x92, 0x5A, 0x5F, 0xB4, 0x11, 0xD6, 0xBD, 0x18, 0x5E,
    0x0B, 0x98, 0x5A, 0xB9, 0x1E, 0x8D, 0xAA, 0x3C, 0x03, 0x4A, 0x78, 0x06, 0x5C, 0xF4, 0x0C, 0xC8,
    0xE2, 0xB7, 0x60, 0x4E, 0xD0, 0x80, 0x46, 0x3F, 0xD4, 0xE0, 0x94, 0xFC, 0x77, 0x46, 0x22, 0xF5,
    0xB5, 0xE4, 0x0D, 0x09, 0xDD, 0x4E, 0x78, 0x08, 0x33, 0x95, 0xE2, 0xCA, 0x77, 0x25, 0xA7, 0xB2,
    0x73, 0x4B, 0x4F, 0xE5, 0xE7, 0x3F, 0xED, 0x59, 0xBD, 0x92, 0xDC, 0x44, 0x10, 0x1E, 0x49, 0x05,
    0xAA, 0x42, 0x81, 0x22, 0x02, 0x22, 0xC5, 0x10, 0x58, 0x6F, 0xE0, 0x11, 0xF0, 0x02, 0x04, 0x64,
    0x04, 0x24, 0x0E, 0x70, 0xC4, 0x1B, 0x78, 0x55, 0x45, 0xE0, 0xD0, 0x3C, 0x02, 0x01, 0x01, 0x0F,
    0x01, 0x2B, 0xB9, 0x08, 0x08, 0x48, 0xF6, 0x11, 0x44, 0x71, 0x0F, 0xA0, 0x40, 0x81, 0xA8, 0x92,
    0x34, 0xEE, 0xFE, 0xBA, 0x47, 0x27, 0xED, 0xED, 0xEE, 0xF9, 0xE0, 0x7C, 0xF6, 0x9A, 0x55, 0xD5,
    0xA9, 0xE7, 0x56, 0x33, 0x9A, 0x99, 0xEE, 0x6F, 0xBE, 0xFE, 0x91, 0x09, 0x7E, 0x36, 0x7A, 0x8D,
    0xBE, 0xB1, 0xF1, 0x0D, 0x5B, 0x6A, 0x23, 0xAD, 0xB5, 0x11, 0xB7, 0xDA, 0x08, 0x3B, 0xF3, 0xDA,
    0x57, 0xE8, 0xDC, 0x3F, 0xF2, 0x3E, 0xE7, 0xDC, 0xCE, 0x64, 0x75, 0x40, 0xD2, 0xF5, 0xD4, 0x88,
    0xA7, 0xC2, 0x24, 0x93, 0xC9, 0xEB, 0x94, 0xDF, 0xEB, 0x0A, 0x5B, 0xE6, 0x3C, 0x93, 0x7D, 0xE9,
    0x8C, 0x2D, 0x78, 0x5E, 0x37, 0x99, 0x8A, 0x47, 0x26, 0xD4, 0x7D, 0x8B, 0x05, 0xB8, 0x52, 0x16,
    0x1A, 0xB5, 0x66, 0xBF, 0xD1, 0xBD, 0xF9, 0x06, 0xCD, 0xB5, 0xF5, 0x7A, 0x90, 0x85, 0x51, 0x43,
    0x96, 0xBA, 0x33, 0x46, 0x16, 0x4F, 0x37, 0xDD, 0x0E, 0xF5, 0x9B, 0xE4, 0xCF, 0xE8, 0x96, 0x67,
    0x25, 0xD0, 0xF5, 0xA1, 0x57, 0xCB, 0x67, 0xAA, 0x6D, 0x51, 0x72, 0x8A, 0x87, 0x78, 0xB1, 0x4E,
    0xCD, 0xC3, 0x07, 0xE9, 0xB3, 0x15, 0xF1, 0xC9, 0x71, 0x65, 0xE7, 0xA4, 0xB2, 0x60, 0x20, 0x95,
    0xBB, 0x26, 0x18, 0x12, 0x9E, 0x34, 0x18, 0xF2, 0x8E, 0x16, 0x11, 0xF6, 0x6C, 0xCE, 0x2A, 0xEA,
    0x78, 0xDD, 0xF6, 0x45, 0x3B, 0xA1, 0x73, 0xCD, 0xFB, 0xCA, 0x5C, 0x01, 0x71, 0x85, 0x5D, 0x66,
    0xF5, 0x1D, 0x04, 0xDE, 0x52, 0x43, 0x17, 0xF4, 0x7A, 0xCC, 0x40, 0x3F, 0x74, 0xD8, 0x74, 0x2A,
    0x5B, 0xC6, 0x5A, 0x74, 0x65, 0x62, 0xCB, 0x42, 0x37, 0x8C, 0x9F, 0x19, 0x70, 0x4E, 0x61, 0xF5,
    0x5B, 0xA4, 0x8D, 0x5F, 0x67, 0x7C, 0xF9, 0x5F, 0x4C, 0xDA, 0x98, 0x95, 0x9E, 0xD4, 0x00, 0x2B,
    0xE4, 0x7E, 0x7D, 0x81, 0xE0, 0xBF, 0x83, 0x60, 0xE0, 0xAE, 0xA0, 0x63, 0x87, 0x39, 0x32, 0xE7,
    0x00, 0xA5, 0x12, 0x4C, 0x90, 0xCB, 0xDB, 0x3D, 0x2F, 0x04, 0xA2, 0xED, 0xB4, 0x5B, 0x52, 0x84,
    0x52, 0xC6, 0xC7, 0x67, 0x09, 0xC8, 0xAA, 0xFC, 0x00, 0x1B, 0x8C, 0x5C, 0x2B, 0x44, 0x97, 0xFC,
    0x35, 0xE4, 0xA5, 0xF0, 0x9E, 0x85, 0x26, 0xCC, 0x47, 0x45, 0x3A, 0xF8, 0x0D, 0x15, 0x17, 0xBE,
    0xFB, 0x6F, 0x60, 0xCB, 0x9B, 0xE0, 0x2B, 0xEE, 0x3F, 0xF0, 0xEB, 0xC3, 0x7E, 0xF3, 0x4D, 0xC3,
    0x33, 0x25, 0x8E, 0x5E, 0x14, 0x14, 0xC1, 0x74, 0xBE, 0xD4, 0x76, 0x31, 0xFC, 0x69, 0xC3, 0x9F,
    0xBC, 0xFC, 0xF9, 0x8A, 0xDC, 0xD1, 0x86, 0xEF, 0xF3, 0xEE, 0x53, 0xCA, 0xC1, 0xCB, 0x8A, 0x70,
    0xF5, 0x01, 0x61, 0x67, 0x3F, 0x96, 0xD5, 0xEF, 0xBC, 0xD8, 0x2E, 0xBC, 0x83, 0x2D, 0xE0, 0x02,
    0x2A, 0x93, 0xD1, 0xFE, 0xC3, 0xD1, 0xA4, 0xD4, 0x27, 0x1B, 0xC8, 0x66, 0x74, 0x31, 0x76, 0x48,
    0x94, 0x80, 0xC0, 0xD5, 0x51, 0xBD, 0xA8, 0x8B, 0x57, 0x86, 0x5D, 0x0B, 0x3C, 0xE3, 0x69, 0xC7,
    0x7B, 0xBB, 0x05, 0x7C, 0x8B, 0x46, 0xDA, 0x44, 0x3C, 0xD2, 0x16, 0xB2, 0xD1, 0xEE, 0xCC, 0x76,
    0x24, 0x9F, 0x37, 0x8C, 0x31, 0x59, 0x71, 0x34, 0xD5, 0x54, 0x8C, 0x07, 0xE1, 0x09, 0x20, 0x5E,
    0xDF, 0x04, 0x8E, 0x79, 0x2F, 0x76, 0x44, 0x54, 0x43, 0xE8, 0xAF, 0x11, 0x1D, 0x67, 0x10, 0xEA,
    0x4F, 0x4C, 0x26, 0x62, 0x53, 0x2C, 0x1C, 0xA8, 0x46, 0x76, 0x73, 0x44, 0x7D, 0xE3, 0x7A, 0xEF,
    0xD1, 0x10, 0x72, 0x3B, 0x75, 0x1D, 0x1F, 0x1B, 0x52, 0xA5, 0xFD, 0x82, 0x6E, 0x8F, 0x10, 0xE9,
    0x86, 0x83, 0x8F, 0x80, 0x11, 0xEC, 0x4D, 0xAB, 0x20, 0x6F, 0xA5, 0xA0, 0x87, 0x87, 0x45, 0xA8,
    0x09, 0x93, 0x06, 0xE8, 0x26, 0xDB, 0xAD, 0x93, 0xA5, 0xCD, 0x9A, 0xAB, 0x5E, 0x2F, 0x51, 0x52,
    0x55, 0x6E, 0xF6, 0x64, 0xA5, 0x72, 0x12, 0xF9, 0xFB, 0xA0, 0xE1, 0x59, 0xAF, 0xB2, 0x11, 0x39,
    0xF9, 0xF1, 0x6F, 0x4D, 0x2A, 0x06, 0x8C, 0x82, 0xC0, 0x28, 0x0A, 0x3C, 0x0C, 0x04, 0x07, 0xBD,
    0x99, 0x81, 0xE0, 0x91, 0xB0, 0x20, 0x86, 0x5F, 0x44, 0x5D, 0xC3, 0xF2, 0x70, 0x24, 0xCD, 0x32,
    0xFD, 0xCC, 0x97, 0x61, 0xA8, 0xF9, 0xEE, 0xA4, 0x32, 0xC7, 0x74, 0x27, 0xA2, 0x5E, 0x0A, 0xC1,
    0xEC, 0x68, 0x4B, 0x16, 0x93, 0x43, 0x4F, 0x0A, 0x79, 0x21, 0x5A, 0x19, 0x67, 0xEE, 0x26, 0x02,
    0x11, 0xD1, 0x08, 0x7F, 0x19, 0x8F, 0x58, 0x5E, 0x46, 0x02, 0xE8, 0x41, 0x28, 0xCD, 0x46, 0x13,
    0x04, 0x99, 0x19, 0x43, 0x3F, 0x29, 0xF3, 0x0D, 0x7B, 0x19, 0x4C, 0xB5, 0x97, 0x79, 0xFB, 0xC4,
    0xFB, 0x38, 0x4B, 0x5C, 0x50, 0xB4, 0x40, 0xD1, 0xD3, 0x95, 0x16, 0x35, 0x6D, 0x51, 0xF2, 0xD5,
    0xFC, 0x51, 0x9D, 0x4D, 0x20, 0xAC, 0x6D, 0x9E, 0x9C, 0x31, 0x8A, 0xBC, 0xEB, 0x51, 0xDF, 0xE3,
    0x9D, 0x8F, 0xF7, 0x3E, 0xD7, 0xEE, 0xC7, 0xAB, 0x40, 0x1D, 0x90, 0xF7, 0x40, 0xFE, 0x94, 0xDD,
    0x82, 0xAE, 0xFF, 0x3D, 0xAA, 0xE0, 0xA7, 0xD4, 0x53, 0xA9, 0xAF, 0x52, 0x6F, 0xE5, 0xFD, 0xD5,
    0xCC, 0x5B, 0xEA, 0x14, 0xB4, 0x44, 0x31, 0xED, 0x95, 0x27, 0xCE, 0x91, 0xA9, 0x26, 0x49, 0xEA,
    0x53, 0x57, 0x23, 0x44, 0xCD, 0x9F, 0xB7, 0x5B, 0x89, 0x57, 0x45, 0x0D, 0x9F, 0x1A, 0xAB, 0xE0,
    0x09, 0x2E, 0x18, 0x3A, 0x81, 0x21, 0xA9, 0x31, 0x44, 0xAE, 0xE3, 0x23, 0x19, 0x37, 0xE3, 0xF7,
    0x1C, 0xFA, 0xD4, 0x39, 0x87, 0x91, 0x41, 0x11, 0xF7, 0x67, 0x0B, 0x90, 0x4B, 0xE0, 0x72, 0x4B,
    0x56, 0xE3, 0x13, 0x99, 0x1B, 0x52, 0x9E, 0x9F, 0x81, 0x97, 0x39, 0x91, 0xAD, 0x6B, 0x66, 0xBE,
    0x16, 0x3E, 0xF2, 0x3D, 0xE5, 0x8C, 0x93, 0xBB, 0x39, 0xE3, 0x4A, 0x82, 0x25, 0x18, 0x27, 0x6E,
    0x11, 0x71, 0xA7, 0x0D, 0xB8, 0x36, 0xAF, 0xE1, 0xC4, 0x6C, 0x01, 0x02, 0x76, 0xE0, 0x5C, 0xA6,
    0x64, 0xF2, 0x74, 0x51, 0x8F, 0xB4, 0x9D, 0xBB, 0xA5, 0x3B, 0x94, 0x2D, 0xA8, 0xC9, 0x95, 0x0B,
    0x7A, 0xB0, 0x91, 0x9A, 0x3A, 0x08, 0xBA, 0x12, 0xEE, 0xB6, 0x5F, 0x0A, 0xBD, 0xFF, 0xD9, 0x2A,
    0xDF, 0xF9, 0x2A, 0x0C, 0x3C, 0xC0, 0x8A, 0xC9, 0xEF, 0x5F, 0x3C, 0x9D, 0x77, 0x89, 0x3D, 0x42,
    0x4B, 0xD0, 0x11, 0x34, 0x24, 0xFA, 0x79, 0xF2, 0x60, 0x09, 0x50, 0x32, 0x27, 0x40, 0xD5, 0x2A,
    0x01, 0x92, 0x12, 0x8A, 0xAC, 0x78, 0x80, 0x06, 0x9F, 0xB1, 0xE7, 0x23, 0x5D, 0xC7, 0x1D, 0x75,
    0xCE, 0xDA, 0x8C, 0x4B, 0x3E, 0xD4, 0xD9, 0x71, 0x4D, 0xFF, 0x4A, 0xCA, 0x44, 0xA4, 0x64, 0x84,
    0x5E, 0xA4, 0x65, 0x58, 0x8C, 0xB4, 0xCF, 0x96, 0xE1, 0x7F, 0x10, 0x87, 0xB0, 0x35, 0x9D, 0x6E,
    0x9C, 0x41, 0x52, 0x49, 0xB5, 0x05, 0xB3, 0xD0, 0x40, 0x18, 0x87, 0x02, 0x14, 0xC4, 0x28, 0x14,
    0x2F, 0x4B, 0x18, 0x37, 0xEA, 0xBB, 0x2B, 0xC5, 0x95, 0x2D, 0xC5, 0x42, 0xD9, 0x4B, 0xAD, 0x1E,
    0xFC, 0xDD, 0x2B, 0x24, 0x5B, 0x2D, 0xC9, 0x6A, 0x96, 0xE6, 0xF6, 0xB2, 0xB4, 0x37, 0x2D, 0x6F,
    0xA9, 0x05, 0xF9, 0xF2, 0xCF, 0x0D, 0x69, 0xCF, 0xC1, 0xBE, 0x87, 0x77, 0x85, 0x2D, 0x5C, 0xDF,
    0xAC, 0xE8, 0xFF, 0xC7, 0x03, 0x21, 0xD4, 0xE7, 0x98, 0xE9, 0xB1, 0x9E, 0x04, 0x8D, 0xA4, 0x12,
    0xFD, 0xB0, 0x20, 0x06, 0x73, 0xB7, 0x84, 0x50, 0x62, 0xFE, 0x09, 0x68, 0x08, 0x07, 0x80, 0x23,
    0xEE, 0x80, 0x95, 0xB4, 0x41, 0x76, 0x95, 0xD7, 0x40, 0x19, 0xF5, 0xAB, 0x24, 0x22, 0x23, 0x9C,
    0xF1, 0x4C, 0x34, 0x82, 0x99, 0x83, 0x46, 0x30, 0x2A, 0xE3, 0x0E, 0x67, 0x8E, 0x46, 0xE0, 0xFC,
    0x8D, 0x72, 0x16, 0x2B, 0x99, 0xD7, 0xFE, 0x00, 0x30, 0x65, 0x7F, 0x28, 0x33, 0xEC, 0x1E, 0x92,
    0x19, 0xB4, 0x48, 0xD2, 0xB2, 0xD6, 0x7A, 0x0D, 0x3B, 0x1F, 0x1F, 0x2A, 0x92, 0xB8, 0x87, 0x2D,
    0x92, 0xDC, 0x3B, 0x86, 0xEC, 0xFC, 0x55, 0x80, 0x5D, 0x6F, 0x6F, 0xBF, 0xDD, 0x2D, 0xBE, 0x0A,
    0x84, 0xC7, 0xCA, 0xAA, 0x12, 0x69, 0x4F, 0xF8, 0x68, 0x1A, 0x0E, 0x42, 0x30, 0x1D, 0xF8, 0x25,
    0x6D, 0xA1, 0x25, 0xA2, 0x17, 0x65, 0x17, 0x25, 0x17, 0xE5, 0x16, 0x32, 0x3C, 0xE3, 0x43, 0x99,
    0x85, 0x46, 0x00, 0x3B, 0xCA, 0x2B, 0x4A, 0x2B, 0xB6, 0x70, 0x0B, 0x52, 0x51, 0x4E, 0x51, 0x4A,
    0xF1, 0x8C, 0xE2, 0x56, 0x1F, 0xC0, 0xEE, 0x5D, 0xBC, 0x02, 0xAD, 0x8D, 0xA1, 0x0D, 0x80, 0x30,
    0x00, 0x04, 0xBF, 0x34, 0xA4, 0x02, 0xC1, 0x08, 0x1D, 0x81, 0x11, 0xE8, 0x46, 0x6C, 0x40, 0x99,
    0x8C, 0x32, 0x02, 0x23, 0x20, 0x18, 0x00, 0x81, 0x40, 0xF4, 0xF3, 0x14, 0x81, 0x41, 0xF3, 0xC9,
    0x9D, 0xBA, 0xE4, 0x91, 0xA6, 0x3A, 0x58, 0x9D, 0xED, 0xE2, 0x36, 0x0E, 0x53, 0xBB, 0x74, 0x82,
    0x09, 0xEE, 0xC2, 0x67, 0x7C, 0xF8, 0x4D, 0xE6, 0x91, 0xE5, 0x0C, 0x34, 0x8C, 0x80, 0x67, 0xBF,
    0x22, 0xD1, 0x4B, 0x99, 0x4E, 0xDA, 0x88, 0xA4, 0xC0, 0xF7, 0x16, 0xB9, 0x60, 0xF2, 0x08, 0x54,
    0x39, 0x06, 0xB8, 0xB3, 0xC4, 0xFE, 0x28, 0xB1, 0xD6, 0x12, 0x0B, 0x88, 0xDA, 0x71, 0x03, 0xBD,
    0x54, 0x31, 0x92, 0x9C, 0x30, 0x10, 0x6C, 0xA0, 0xCA, 0x04, 0xAA, 0x2B, 0x9C, 0x3B, 0xC0, 0x3F,
    0x20, 0x75, 0x26, 0xF9, 0x3B, 0x7E, 0xC4, 0xA1, 0xC7, 0x38, 0x72, 0xEC, 0xF4, 0x10, 0x4F, 0xD0,
    0x13, 0x78, 0x82, 0x02, 0x02, 0xAE, 0x4A, 0xA0, 0x9B, 0x91, 0x60, 0x41, 0x67, 0xFB, 0x7C, 0xE7,
    0xAB, 0xB2, 0x76, 0x19, 0x6D, 0xB3, 0xCD, 0x4C, 0xCF, 0xA8, 0x77, 0x43, 0x78, 0xC7, 0x1A, 0x5F,
    0xBB, 0x03, 0x85, 0xAD, 0x5D, 0x3B, 0x4B, 0xDB, 0x2B, 0x83, 0x75, 0x7F, 0xED, 0x9B, 0x2F, 0x7C,
    0xB5, 0x34, 0xB3, 0x9C, 0x3A, 0x7D, 0x07, 0xFC, 0xE9, 0x2E, 0xAD, 0x62, 0xAC, 0x95, 0x70, 0xED,
    0xD8, 0xCE, 0xBD, 0x95, 0x63, 0x50, 0xFD, 0xD7, 0x15, 0x43, 0xE9, 0xB1, 0x56, 0x73, 0x76, 0x65,
    0xC0, 0x57, 0xAE, 0xF0, 0xB5, 0xA3, 0x5C, 0x13, 0x65, 0xB3, 0x72, 0x0A, 0xBA, 0xD3, 0x03, 0xEE,
    0xF0, 0x25, 0x25, 0x7D, 0x0B, 0xB7, 0xF0, 0xAF, 0x0F, 0xDC, 0xB7, 0x3F, 0xC3, 0x9B, 0x9E, 0xFD,
    0xD7, 0x80, 0x9F, 0x1C, 0x3E, 0xFE, 0x1F, 0xA5, 0xEF, 0x6A, 0x30, 0x29, 0xFD, 0x0C, 0x88, 0x49,
    0x7A, 0xB3, 0x71, 0x06, 0xB3, 0x49, 0x4F, 0x08, 0x95, 0x83, 0x44, 0x18, 0x1B, 0x4F, 0x21, 0xDF,
    0xF6, 0xEF, 0xD2, 0xAA, 0xA7, 0xC3, 0x15, 0x66, 0xA3, 0xD8, 0x8C, 0x3B, 0x6C, 0xA2, 0xDD, 0x5A,
    0xBD, 0x43, 0x19, 0x82, 0xC3, 0xED, 0x21, 0xF4, 0xBA, 0x5E, 0x80, 0xE1, 0x80, 0x06, 0x64, 0x1F,
    0xF8, 0x03, 0xAE, 0xFC, 0xB9, 0x5C, 0x2E, 0x70, 0xE5, 0x92, 0x57, 0x28, 0xA6, 0x0C, 0xDE, 0xCA,
    0x26, 0xD8, 0xE9, 0x0C, 0xDE, 0xCA, 0x26, 0x38, 0xE0, 0xDB, 0x77, 0xE0, 0xC3, 0x0F, 0x95, 0xA0,
    0x17, 0x21, 0x28, 0xF4, 0x61, 0x89, 0xB0, 0x5C, 0xBA, 0x10, 0x6C, 0x11, 0xC2, 0x16, 0x65, 0x54,
    0xAE, 0xD7, 0x0D, 0x39, 0x11, 0x46, 0xB1, 0x48, 0x61, 0x37, 0x54, 0x8B, 0x70, 0xE8, 0x46, 0x6E,
    0xA1, 0x19, 0x49, 0xA7, 0x6F, 0x26, 0xAA, 0xCF, 0x0D, 0x76, 0x8A, 0xC7, 0xDF, 0x58, 0x82, 0xD4,
    0xBE, 0x95, 0xC5, 0x01, 0x29, 0xDF, 0x86, 0x87, 0x13, 0xB2, 0x14, 0x9F, 0xC1, 0x6A, 0xCE, 0x60,
    0xED, 0x32, 0x48, 0x09, 0xAE, 0xB0, 0x1D, 0x33, 0x28, 0x55, 0x06, 0xFB, 0x38, 0xBD, 0xA4, 0x2A,
    0xB5, 0x7C, 0xD3, 0x9C, 0x4E, 0xDD, 0x28, 0x31, 0xD3, 0xF8, 0x7B, 0xCD, 0x65, 0xE3, 0xD1, 0x4C,
    0x25, 0x1D, 0x7C, 0x2C, 0xBB, 0x1F, 0x1C, 0x1B, 0x09, 0x31, 0x5D, 0x19, 0x1E, 0x81, 0x4F, 0x61,
    0x8A, 0x65, 0x71, 0xAE, 0xF5, 0x5C, 0x85, 0x7F, 0xE1, 0x4D, 0x54, 0xC5, 0x7F, 0x19, 0x64, 0x31,
    0xBA, 0x58, 0x82, 0xD1, 0x28, 0x49, 0x94, 0xA0, 0xD2, 0x9D, 0x65, 0x35, 0x19, 0x6C, 0xA9, 0x12,
    0x7B, 0xA3, 0xD8, 0xA2, 0x4D, 0x7E, 0x77, 0x83, 0x72, 0x54, 0x2C, 0x25, 0xCA, 0xA1, 0xE4, 0xE0,
    0xAE, 0xD9, 0x2D, 0xCC, 0x30, 0xFA, 0x2F, 0x39, 0x5E, 0xA8, 0x4D, 0x90, 0xC7, 0x05, 0x77, 0x24,
    0xDF, 0x57, 0x6A, 0x5C, 0x2A, 0xA4, 0xE9, 0xA6, 0xA1, 0x52, 0xB6, 0xE8, 0xD0, 0x64, 0xCC, 0xF4,
    0x33, 0x48, 0x36, 0x4C, 0xA6, 0x4F, 0xA6, 0xBB, 0x8F, 0xD1, 0x3F, 0xA7, 0x8B, 0x0B, 0xBD, 0xBB,
    0xD0, 0x87, 0x93, 0x5E, 0x5E, 0xE9, 0xF6, 0x42, 0x57, 0x27, 0xFD, 0xE1, 0x42, 0x9F, 0x9F, 0xD3,
    0x7F, 0x55, 0xFD, 0x04, 0xED, 0x53, 0xB1, 0x6D, 0xDC, 0x40, 0x10, 0x9C, 0x27, 0x01, 0x5F, 0xC0,
    0x80, 0x25, 0x5C, 0xAE, 0xE4, 0x4A, 0xB8, 0x2B, 0x42, 0x55, 0xA8, 0x06, 0xC3, 0x64, 0x07, 0x6A,
    0xC1, 0xF1, 0x25, 0x72, 0x01, 0x7A, 0xF2, 0x4A, 0x60, 0x09, 0x0C, 0x1C, 0x7D, 0xC4, 0x80, 0x01,
    0x2D, 0x90, 0x5C, 0xCF, 0x92, 0xAF, 0xB7, 0x2C, 0x41, 0x80, 0x0C, 0x18, 0x90, 0x02, 0xFD, 0xFD,
    0x00, 0xFF, 0xDC, 0xDD, 0xE1, 0xEC, 0xEE, 0x5C, 0x26, 0x13, 0xAC, 0x48, 0xF0, 0xA7, 0x36, 0x35,
    0x28, 0xFA, 0x19, 0xF9, 0xF0, 0x56, 0x68, 0xBE, 0xD6, 0x69, 0x7D, 0x46, 0x1E, 0xA0, 0x22, 0x04,
    0xC8, 0x08, 0x43, 0x94, 0x2D, 0xE0, 0x3C, 0xF0, 0x95, 0x98, 0x3C, 0x2B, 0x3C, 0x8A, 0xE4, 0x61,
    0x83, 0x87, 0x9E, 0x7B, 0x42, 0x44, 0x06, 0xC5, 0x4D, 0x6C, 0xBF, 0x83, 0xFF, 0x1F, 0xE1, 0x55,
    0x93, 0x22, 0xC6, 0x27, 0x4F, 0xCF, 0x90, 0x91, 0x58, 0x71, 0x15, 0x25, 0x00, 0x36, 0xF1, 0x45,
    0x17, 0xCC, 0xC4, 0x02, 0x57, 0x57, 0x8C, 0x39, 0xE6, 0x18, 0xF9, 0x49, 0x39, 0x23, 0x7B, 0x5C,
    0x41, 0xAD, 0xA1, 0x85, 0xAD, 0xE7, 0x2D, 0x0F, 0xD8, 0x50, 0x8D, 0x58, 0x19, 0x13, 0xC6, 0x84,
    0xB1, 0xE5, 0xCC, 0xF1, 0x88, 0x86, 0x5C, 0xFE, 0xC4, 0x88, 0x2C, 0xE4, 0xE9, 0x55, 0x2F, 0x3F,
    0x31, 0xB2, 0xB3, 0xA3, 0x32, 0x64, 0x23, 0xDB, 0x82, 0xE9, 0xF5, 0xF5, 0xB6, 0x86, 0xDB, 0x14,
    0x6E, 0x91, 0xC3, 0x74, 0x0E, 0xEE, 0xDF, 0x83, 0xFC, 0x42, 0x21, 0x52, 0xBB, 0xD3, 0x5D, 0xE7,
    0x83, 0x19, 0xF6, 0x71, 0xEC, 0x70, 0xA9, 0xEC, 0x4A, 0x36, 0x5B, 0xEC, 0x22, 0x5F, 0x2C, 0x62,
    0x81, 0x19, 0xAA, 0x53, 0xDB, 0x39, 0xD6, 0x7F, 0x21, 0x8F, 0x0A, 0x51, 0x41, 0x2A, 0x4C, 0x05,
    0xCE, 0xCF, 0x44, 0x1F, 0xE1, 0x13, 0x07, 0x90, 0x98, 0x9F, 0x8C, 0xDC, 0x5E, 0x86, 0x73, 0xFF,
    0x67, 0x38, 0x70, 0xAC, 0x37, 0xE4, 0xC9, 0x87, 0xA2, 0xB3, 0xC9, 0x71, 0x25, 0xDF, 0xA8, 0x7B,
    0xFE, 0xEB, 0x1C, 0xF9, 0xCC, 0xC3, 0x85, 0x32, 0x15, 0x9D, 0x2A, 0xB5, 0x75, 0x99, 0x4C, 0x9F,
    0x0F, 0xD9, 0xC8, 0xE6, 0xA6, 0x27, 0x89, 0xD3, 0x61, 0xCA, 0xC6, 0x7C, 0x30, 0x7D, 0x99, 0x6C,
    0xED, 0x31, 0xBB, 0x05, 0x0B, 0xB5, 0xCA, 0xC3, 0x5D, 0xC7, 0xAE, 0xFA, 0xF5, 0x1F, 0x4C, 0xA5,
    0xC8, 0xFE, 0xA7, 0x29, 0xDB, 0x42, 0x2A, 0x69, 0xFC, 0x8F, 0xDD, 0x73, 0xAF, 0x1C, 0x9D, 0x84,
    0x93, 0x19, 0x55, 0x5C, 0xC1, 0xB9, 0xB2, 0x25, 0x8F, 0xEB, 0x8B, 0xE1, 0x56, 0xDA, 0x99, 0x66,
    0xB1, 0x3D, 0xD9, 0x02, 0x72, 0xFE, 0x2C, 0x07, 0x46, 0x6A, 0x70, 0xFA, 0xBB, 0x8D, 0xD6, 0x18,
    0x83, 0x68, 0xC7, 0xDB, 0x86, 0x46, 0x72, 0x09, 0xB8, 0xB1, 0xBA, 0xA1, 0x3D, 0x75, 0x23, 0xD7,
    0x17, 0x8B, 0xBA, 0x00, 0x4F, 0x3E, 0xBF, 0x00, 0x57, 0x34, 0x91, 0x9A, 0xE6, 0x1C, 0xDF, 0xED,
    0x66, 0x13, 0xEB, 0x36, 0xEB, 0x2A, 0xCF, 0xE7, 0x95, 0xFA, 0x20, 0x57, 0xAA, 0x79, 0xE7, 0x2B,
    0xF5, 0x1B, 0xB5, 0x56, 0xBB, 0x6E, 0x9B, 0x60, 0x14, 0x3E, 0x80, 0x64, 0xA4, 0x32, 0xD0, 0x25,
    0x53, 0x06, 0xF6, 0x0C, 0xE5, 0x05, 0x5C, 0xC1, 0x43, 0xD4, 0x9D, 0x33, 0x74, 0xEA, 0x92, 0x35,
    0x43, 0x24, 0x90, 0xFA, 0x02, 0x79, 0x84, 0x8E, 0x95, 0x9F, 0xC0, 0x93, 0xE1, 0x11, 0x58, 0xBA,
    0xA3, 0x2A, 0x43, 0xD5, 0x89, 0x81, 0xC1, 0x95, 0xF8, 0xF9, 0x7B, 0x6E, 0x7F, 0x0C, 0x76, 0x62,
    0xA7, 0x37, 0x86, 0xF3, 0x1D, 0x99, 0x73, 0xBF, 0x61, 0x80, 0xBB, 0xB0, 0x04, 0xB8, 0x8D, 0x90,
    0x6C, 0xE2, 0x1C, 0xA0, 0x8F, 0x01, 0x52, 0x6B, 0xC1, 0xB7, 0xD6, 0x36, 0x31, 0x92, 0x5D, 0xFA,
    0xAD, 0xC9, 0x4C, 0xF6, 0xA9, 0x59, 0xDA, 0x2A, 0xA8, 0x97, 0xC5, 0x18, 0xD6, 0xB7, 0x60, 0xA2,
    0x72, 0x83, 0x24, 0xEF, 0xC1, 0xC4, 0xD0, 0x29, 0x49, 0xBC, 0x16, 0xCC, 0x1B, 0xBF, 0x01, 0xF3,
    0x36, 0x40, 0xB2, 0x0C, 0xEA, 0x2B, 0xB3, 0x0C, 0xEB, 0x62, 0xBC, 0x8B, 0xCA, 0xAA, 0xDA, 0x44,
    0xF9, 0x98, 0xF5, 0xB1, 0x3F, 0xA4, 0x7D, 0x1C, 0xED, 0xC8, 0x72, 0x47, 0x3E, 0x4A, 0x24, 0x3F,
    0x21, 0x68, 0x96, 0x00, 0x68, 0x1D, 0x20, 0xAC, 0xEF, 0x00, 0xFC, 0xFC, 0x03, 0xE0, 0x73, 0x69,
    0x47, 0x02, 0x94, 0x6A, 0xF1, 0x05, 0xC2, 0x00, 0x10, 0xF7, 0x10, 0xE0, 0xAF, 0x59, 0x0D, 0x50,
    0x01, 0x14, 0x18, 0x71, 0x56, 0x12, 0x07, 0x69, 0x0D, 0x24, 0x9D, 0xD4, 0x60, 0x10, 0x5E, 0x95,
    0x0C, 0xF8, 0x3C, 0x05, 0x68, 0xCA, 0xD6, 0x87, 0xF0, 0x4F, 0x15, 0x8E, 0xD5, 0x51, 0x65, 0x0E,
    0x50, 0xD0, 0xAB, 0x0C, 0x33, 0x28, 0x6A, 0xC7, 0x34, 0x8E, 0xE9, 0x1C, 0xB3, 0x73, 0x8C, 0x71,
    0x4C, 0xE5, 0x18, 0x4C, 0x5C, 0x18, 0xCC, 0x59, 0x98, 0xA8, 0x53, 0x26, 0xE8, 0x99, 0xB1, 0x76,
    0xE6, 0x72, 0xCA, 0xA0, 0x77, 0xAC, 0x18, 0x0B, 0x43, 0xDC, 0x2A, 0x83, 0x6A, 0xC2, 0x78, 0xC3,
    0x79, 0x75, 0x88, 0x1B, 0x11, 0x86, 0xB0, 0x53, 0xC6, 0x1F, 0x94, 0x01, 0xE3, 0x98, 0xC2, 0x31,
    0xA9, 0x55, 0x26, 0x76, 0x4C, 0xE8, 0x18, 0xDF, 0x31, 0xF0, 0xC8, 0xB0, 0x96, 0xA5, 0xD1, 0x10,
    0xA4, 0x7A, 0x33, 0x76, 0x22, 0x10, 0x0D, 0x82, 0x9E, 0x51, 0x85, 0xAD, 0x62, 0x71, 0x84, 0xF6,
    0x99, 0xE7, 0x69, 0xF9, 0x71, 0x6E, 0xF7, 0x72, 0x98, 0xF8, 0x25, 0x2C, 0x05, 0xBF, 0x83, 0xCA,
    0xFF, 0x47, 0xD4, 0x32, 0x4C, 0x29, 0xAD, 0xCD, 0x9C, 0x1E, 0xC9, 0xA4, 0xF6, 0x21, 0xCB, 0x3D,
    0x6B, 0xC7, 0x2C, 0x8F, 0x28, 0xE0, 0x3C, 0xE9, 0x21, 0xB1, 0x39, 0x2E, 0x0C, 0x96, 0xB9, 0xE0,
    0x1A, 0x6F, 0xC9, 0x49, 0x2E, 0x03, 0xF5, 0x7B, 0xB4, 0xC8, 0x69, 0xC7, 0xAA, 0x1C, 0x67, 0xD0,
    0x43, 0x9B, 0x25, 0xF5, 0x30, 0x6D, 0xA9, 0xB7, 0x14, 0x4D, 0x96, 0xE3, 0x32, 0xD3, 0x08, 0xDC,
    0xD8, 0x46, 0xE2, 0x99, 0x3F, 0x01, 0xAF, 0xF0, 0x94, 0x02, 0x2C, 0xA4, 0xC7, 0x5C, 0xD4, 0x96,
    0xAC, 0xCA, 0xEF, 0xE1, 0x48, 0xF3, 0x81, 0x49, 0xD2, 0x22, 0x54, 0x25, 0xEF, 0xBB, 0x1B, 0x58,
    0x9A, 0x57, 0x5A, 0x02, 0xC0, 0x71, 0xE7, 0x03, 0x11, 0x76, 0xB2, 0x67, 0xFE, 0x67, 0xB7, 0x76,
    0xD2, 0xE0, 0x63, 0x74, 0xEF, 0x9F, 0xC3, 0xD3, 0x7A, 0xCE, 0x4F, 0xA8, 0x7E, 0xD1, 0x3F, 0xC7,
    0xA1, 0xFB, 0x43, 0xB7, 0x87, 0xE3, 0x44, 0xC2, 0x71, 0xA3, 0x66, 0x88, 0x0A, 0xD1, 0xA8, 0x79,
    0xED, 0x34, 0xCF, 0x66, 0x9F, 0x37, 0xFD, 0xDC, 0x3B, 0x47, 0xB9, 0x62, 0x23, 0xFE, 0x92, 0x4E,
    0x30, 0xD8, 0x09, 0xE2, 0x52, 0xEA, 0xE8, 0x0E, 0x87, 0x28, 0x71, 0x19, 0x70, 0x78, 0x52, 0xCE,
    0x1F, 0x44, 0x2E, 0x54, 0xBB, 0x69, 0xB7, 0xF7, 0x3B, 0x4D, 0xFC, 0xE1, 0x7C, 0xBD, 0xFE, 0x1A,
    0x29, 0xA9, 0x33, 0xE0, 0x55, 0x5C, 0xA9, 0x94, 0x07, 0x44, 0xE7, 0x43, 0xC7, 0x43, 0xA7, 0x23,
    0x95, 0xE1, 0xD0, 0xD9, 0x28, 0xA4, 0x35, 0x5B, 0xE9, 0x94, 0x34, 0xAC, 0x7D, 0xD9, 0xA9, 0xC6,
    0x21, 0xEE, 0x8E, 0x60, 0x6F, 0xE5, 0x69, 0xD8, 0x8A, 0xBF, 0x42, 0x26, 0x41, 0x07, 0x21, 0x95,
    0x39, 0xD0, 0x31, 0xA0, 0x70, 0x71, 0x0A, 0xDC, 0x10, 0x64, 0x52, 0x6B, 0x5F, 0x47, 0xFF, 0x54,
    0x09, 0xE0, 0x8B, 0x6C, 0x4E, 0x7F, 0x0E, 0x16, 0xFB, 0xF1, 0x2A, 0xF9, 0xE3, 0x8D, 0x17, 0x8B,
    0xDC, 0xE2, 0x01, 0xA3, 0x20, 0x3C, 0x0B, 0x1C, 0x52, 0x91, 0x73, 0x80, 0x59, 0xC9, 0xE1, 0x26,
    0x35, 0x07, 0x1F, 0xD7, 0x9C, 0x4A, 0xDC, 0xBC, 0xF8, 0x83, 0xF6, 0x62, 0x78, 0x55, 0x8A, 0x69,
    0x71, 0x94, 0xD4, 0xEC, 0x56, 0x5B, 0x95, 0x49, 0xE3, 0x2A, 0x09, 0x70, 0xE4, 0x5D, 0x49, 0x06,
    0x17, 0xBC, 0xA6, 0x42, 0x89, 0xF5, 0xE7, 0x4A, 0x80, 0x8B, 0xFF, 0xF8, 0xF0, 0x95, 0xB6, 0xDD,
    0x14, 0xD6, 0xF4, 0xDA, 0xB3, 0xFA, 0x5E, 0x0E, 0x13, 0x7D, 0x3C, 0xE5, 0xA4, 0x5C, 0xAC, 0x56,
    0xAB, 0x9B, 0xAF, 0xF9, 0x5C, 0xEF, 0x6A, 0xBD, 0x5E, 0x57, 0x3F, 0xEE, 0x55, 0x64, 0xA2, 0x50,
    0xB1, 0xBA, 0x8F, 0x95, 0xFD, 0x88, 0x12, 0xC3, 0xE3, 0xE1, 0x42, 0xA0, 0x9B, 0x70, 0xB1, 0x7A,
    0x6F, 0xC5, 0x41, 0xDA, 0x80, 0xDE, 0x08, 0xD0, 0x1D, 0x9E, 0x74, 0x55, 0x4B, 0x34, 0xCE, 0x0E,
    0x7E, 0x76, 0x18, 0x99, 0x34, 0x05, 0xF4, 0xC4, 0x38, 0x6B, 0x66, 0x62, 0xE1, 0x80, 0x5E, 0x13,
    0xBD, 0x24, 0x99, 0x05, 0x55, 0x70, 0xAC, 0x46, 0x3E, 0x29, 0x68, 0x22, 0xE2, 0x22, 0x16, 0xEC,
    0xB0, 0x42, 0xC9, 0xD7, 0x70, 0x6D, 0x60, 0x41, 0x92, 0x5E, 0x45, 0xF4, 0xC6, 0xDE, 0x93, 0x64,
    0x4F, 0x53, 0xC9, 0x87, 0x9E, 0xB3, 0x20, 0x49, 0x78, 0xB7, 0x21, 0x2A, 0xA7, 0x83, 0xA9, 0xC7,
    0xD4, 0x67, 0x8A, 0x79, 0x19, 0x0E, 0x8B, 0x7A, 0xD7, 0x12, 0x2D, 0xE8, 0x0F, 0x18, 0x7D, 0xD1,
    0x0D, 0xDC, 0x18, 0x3E, 0x24, 0x72, 0x5E, 0x38, 0x92, 0x7B, 0xBD, 0x84, 0x0F, 0x02, 0x56, 0xA1,
    0xE1, 0xBA, 0x24, 0x1D, 0x43, 0xD8, 0x33, 0xF8, 0x03, 0x83, 0xF7, 0x87, 0x10, 0xEC, 0x18, 0x22,
    0x31, 0x96, 0xB6, 0xD3, 0x3F, 0x30, 0xA3, 0x9C, 0xB9, 0xF6, 0xE4, 0xE6, 0xE9, 0xFF, 0x9C, 0x39,
    0x9C, 0xBF, 0x56, 0xF0, 0x0B, 0x63, 0x60, 0x75, 0x60, 0x00, 0x03, 0xFB, 0x06, 0x08, 0xBD, 0x0F,
    0x42, 0x31, 0xFD, 0x81, 0xD0, 0xEC, 0x1F, 0x20, 0x34, 0xFF, 0x03, 0xA8, 0xB2, 0xFF, 0x60, 0x70,
    0xA0, 0x1E, 0x4A, 0xC3, 0xF8, 0xFC, 0x17, 0x20, 0xF2, 0xCC, 0x5F, 0x20, 0x34, 0x23, 0x54, 0x3F,
    0xC3, 0x7E, 0x28, 0xAD, 0x0F, 0x35, 0x1F, 0x06, 0xB8, 0x81, 0xF6, 0xDA, 0x03, 0x0D, 0xFD, 0xFF,
    0x87, 0x81, 0xFD, 0xFF, 0x7F, 0x06, 0xF9, 0xFF, 0xFF, 0x2F, 0xD4, 0xFB, 0x9F, 0xFE, 0x50, 0xCB,
    0x7F, 0xF0, 0x43, 0x01, 0xFF, 0x81, 0x02, 0x06, 0xFE, 0x03, 0x0C, 0x54, 0xC5, 0x30, 0x7F, 0x8A,
    0x42, 0xED, 0xB7, 0x87, 0xF2, 0x61, 0x0E, 0x87, 0x79, 0x14, 0xEE, 0xF0, 0xFF, 0x0C, 0x50, 0x3F,
    0x36, 0xD4, 0xA3, 0xFA, 0x19, 0xAA, 0xF1, 0x1F, 0xF6, 0x80, 0x92, 0x3F, 0x80, 0x6A, 0x3E, 0xD8,
    0x0E, 0xEA, 0xFA, 0x25, 0x81, 0xFF, 0x80, 0x42, 0x05, 0xFF, 0x81, 0x0F, 0xF5, 0xFC, 0xC7, 0x3F,
    0xD8, 0xBF, 0xBF, 0xFF, 0x80, 0x1B, 0xE8, 0x46, 0xA6, 0xFF, 0x7F, 0x19, 0x18, 0xEA, 0x3F, 0x40,
    0xD4, 0x30, 0x32, 0x30, 0x00, 0x00, 0xE5, 0x55, 0x3B, 0x8E, 0x9C, 0x40, 0x10, 0x2D, 0x40, 0x72,
    0x07, 0x04, 0x1D, 0x39, 0x72, 0x40, 0xEA, 0x8C, 0x23, 0x34, 0x87, 0xD8, 0x03, 0xF8, 0x06, 0x4E,
    0x36, 0xD8, 0x68, 0x9B, 0x23, 0xF8, 0x42, 0x5E, 0x38, 0xC2, 0xC8, 0x27, 0xE0, 0x08, 0x04, 0x68,
    0xD5, 0x23, 0x35, 0xB4, 0xEB, 0xC7, 0xD0, 0x33, 0xD8, 0x5A, 0xE7, 0x6E, 0xAD, 0xAA, 0x60, 0xA7,
    0xEA, 0xD5, 0xAB, 0x5F, 0x03, 0x76, 0xEB, 0x00, 0xC0, 0xA6, 0x2B, 0xCB, 0xD4, 0xA3, 0x2A, 0x86,
    0x19, 0x25, 0xD4, 0x91, 0x24, 0x24, 0x96, 0x8E, 0xAC, 0xA0, 0x19, 0x49, 0xDA, 0x0B, 0x49, 0xC3,
    0x46, 0xD5, 0x0C, 0x9F, 0xD2, 0x56, 0x2D, 0xE0, 0x53, 0xFA, 0x15, 0x8A, 0x94, 0xD2, 0x35, 0x98,
    0x0D, 0xCA, 0x14, 0x2D, 0xFE, 0xEE, 0x22, 0x79, 0xD8, 0xE8, 0x10, 0xD6, 0x44, 0xC2, 0xA8, 0xA2,
    0x43, 0xAF, 0x32, 0x7A, 0x8A, 0xF3, 0x81, 0x74, 0x37, 0x59, 0x06, 0x42, 0xA8, 0x96, 0x16, 0xD1,
    0xEA, 0x99, 0x90, 0xDB, 0xC9, 0xAC, 0x50, 0xA4, 0xB1, 0xC4, 0x88, 0xC8, 0x10, 0xA3, 0x07, 0x40,
    0x26, 0xCC, 0x5F, 0xCE, 0x90, 0xE4, 0x3C, 0x6A, 0x20, 0x70, 0xD8, 0xE0, 0xBF, 0xD7, 0x7A, 0xA4,
    0x2A, 0x51, 0x95, 0x17, 0xD5, 0x72, 0x8B, 0xC1, 0x72, 0x8F, 0xA1, 0x0A, 0xAC, 0x8A, 0x55, 0x2B,
    0x2B, 0xCA, 0x8D, 0x62, 0x33, 0xB1, 0x32, 0x0B, 0xAB, 0x32, 0x42, 0x36, 0x35, 0xE0, 0xA4, 0x1F,
    0x8D, 0xC0, 0xD5, 0x0A, 0xA7, 0x36, 0xCA, 0xC1, 0xAB, 0x69, 0xEE, 0xA8, 0x30, 0x0A, 0xAA, 0x21,
    0x34, 0xA0, 0xEF, 0x32, 0x6F, 0xC5, 0x52, 0x64, 0x8D, 0xA3, 0x51, 0x87, 0x9C, 0xB5, 0xE6, 0xA0,
    0x19, 0xB5, 0x0A, 0x75, 0x97, 0xBB, 0xAA, 0xBC, 0x2E, 0x63, 0x2E, 0x6F, 0x25, 0xC3, 0x49, 0x3C,
    0x36, 0x40, 0xB6, 0xA1, 0xE9, 0x8F, 0x1C, 0xDE, 0x58, 0x32, 0x4E, 0x19, 0x4E, 0x86, 0xE3, 0xB1,
    0x4E, 0xAF, 0x8F, 0x86, 0x95, 0x2C, 0xDE, 0xC9, 0x50, 0x4A, 0xB4, 0x9E, 0x0C, 0xB9, 0x2E, 0x96,
    0x0D, 0xDB, 0x47, 0xC3, 0x22, 0x1E, 0x4C, 0xEF, 0x0C, 0x33, 0xA6, 0x72, 0x4C, 0x80, 0x26, 0x81,
    0x4B, 0xBD, 0x4B, 0xA3, 0xFC, 0x35, 0xA9, 0x33, 0x2B, 0xDC, 0x9F, 0xE1, 0x11, 0x5A, 0x99, 0x64,
    0xA5, 0xD0, 0x30, 0x19, 0x7D, 0x0D, 0x96, 0x71, 0xDB, 0x8B, 0xE3, 0x23, 0xC1, 0xF8, 0x95, 0x00,
    0xFC, 0xC6, 0x09, 0x79, 0x86, 0x71, 0x1D, 0x01, 0xB4, 0x3D, 0xB1, 0x6D, 0x46, 0xAA, 0xAB, 0xBD,
    0x10, 0x40, 0x3D, 0x39, 0x0E, 0xF4, 0xC6, 0xE9, 0xAF, 0x4C, 0x80, 0x78, 0x14, 0x1B, 0xF3, 0x48,
    0xCC, 0x43, 0x6E, 0x2E, 0x3F, 0x1D, 0xE3, 0xC2, 0x9D, 0xFE, 0xB2, 0xB1, 0xE8, 0xF0, 0xC6, 0x48,
    0x17, 0x6A, 0xED, 0x0C, 0x86, 0x6E, 0x0C, 0x43, 0xED, 0xB6, 0xA1, 0xDA, 0xC0, 0x2E, 0xE5, 0x46,
    0xE3, 0x33, 0xF4, 0xE8, 0x36, 0xD0, 0x04, 0xB5, 0x97, 0x44, 0x93, 0x84, 0xA1, 0xED, 0x7B, 0x24,
    0x1C, 0x0C, 0x5F, 0x51, 0x94, 0x66, 0xA4, 0x4C, 0xD2, 0xB4, 0x3F, 0xF9, 0xF1, 0xFE, 0x7F, 0x68,
    0x57, 0x8A, 0x1D, 0xFA, 0x9A, 0xF7, 0x95, 0x92, 0x41, 0x3C, 0x3B, 0x31, 0x1E, 0xC6, 0x70, 0x23,
    0xC7, 0xB0, 0xA1, 0x4C, 0x24, 0x36, 0xA1, 0x51, 0xF1, 0xE8, 0x25, 0xC2, 0x18, 0x48, 0x30, 0xE7,
    0x7A, 0x93, 0x61, 0x6F, 0x29, 0xBB, 0x82, 0x73, 0x34, 0x89, 0x72, 0xB4, 0x4B, 0x36, 0x23, 0xA7,
    0x22, 0x0F, 0xD9, 0x86, 0xE4, 0x1D, 0x3B, 0xF5, 0x4D, 0xE6, 0x48, 0xBB, 0x37, 0x1F, 0xBB, 0x76,
    0xD7, 0xC3, 0x53, 0x27, 0x1D, 0xFC, 0x63, 0xA8, 0xEA, 0x3C, 0x22, 0xF3, 0xB1, 0xA7, 0x54, 0x38,
    0x5C, 0x41, 0x7E, 0x64, 0x57, 0xFF, 0x03, 0xF6, 0xF6, 0x3D, 0xE1, 0x17, 0x04, 0xA1, 0x6A, 0xBC,
    0xAF, 0x8B, 0x68, 0x27, 0x37, 0x96, 0xA1, 0x1D, 0xED, 0x54, 0x2D, 0xAE, 0x33, 0xC1, 0xCE, 0x8E,
    0x3B, 0xE9, 0xA8, 0x54, 0xFD, 0x67, 0xAC, 0xD5, 0x75, 0x9F, 0xD2, 0xEF, 0x1F, 0xF9, 0xD6, 0xE8,
    0x5B, 0xE6, 0xBE, 0xCD, 0x7A, 0x4B, 0x95, 0xB3, 0xF3, 0x7B, 0x26, 0x9C, 0x08, 0x72, 0xBF, 0xDD,
    0x0D, 0x51, 0xAF, 0x07, 0x36, 0xE3, 0x1A, 0xFC, 0xDC, 0xF7, 0xB7, 0x5C, 0xB4, 0x98, 0x8F, 0xC6,
    0x7F, 0x31, 0xD3, 0x1D, 0x3F, 0xCE, 0x8B, 0x2E, 0x22, 0x11, 0x08, 0xDC, 0x65, 0xEA, 0xC3, 0x40,
    0x3C, 0x6A, 0x1A, 0xD9, 0xFD, 0x91, 0x2A, 0x34, 0x90, 0x41, 0xC3, 0x9F, 0x3A, 0xBF, 0xDC, 0x0A,
    0x29, 0x7E, 0x6A, 0x2D, 0xE6, 0x88, 0x22, 0x85, 0xC6, 0xF6, 0x3C, 0x33, 0x24, 0xDE, 0x9D, 0xF8,
    0xE2, 0x16, 0xFC, 0x54, 0x2E, 0x75, 0xEA, 0xA0, 0x0D, 0x84, 0x56, 0xD2, 0x26, 0xF4, 0xF0, 0x75,
    0xC7, 0x30, 0xF2, 0x19, 0xBD, 0x7F, 0x59, 0x0E, 0x86, 0xC2, 0x76, 0x3F, 0xCF, 0xD9, 0xAD, 0x2C,
    0x2E, 0xC2, 0xAD, 0x48, 0xD9, 0x8B, 0x90, 0xFE, 0x33, 0x3B, 0xFE, 0xC5, 0xB2, 0x1C, 0x16, 0x36,
    0xEA, 0x77, 0xEF, 0xE6, 0x78, 0x6C, 0x91, 0xEE, 0x0B, 0x2D, 0x96, 0x09, 0xF4, 0xE8, 0x17, 0x64,
    0x84, 0xDC, 0x5E, 0x3B, 0x02, 0xF8, 0xA6, 0x34, 0xB5, 0x76, 0xFD, 0x1E, 0x90, 0x72, 0xBC, 0x55,
    0xA9, 0x3B, 0xD8, 0xCA, 0xF9, 0x0D, 0x63, 0x60, 0xD8, 0xFF, 0xFF, 0x03, 0x03, 0x03, 0xF7, 0x7F,
    0x10, 0xA9, 0xFF, 0xFF, 0xFF, 0x03, 0x06, 0x06, 0xFB, 0x0B, 0x0C, 0x40, 0xB0, 0x1F, 0x44, 0x30,
    0xFC, 0x03, 0x93, 0x7F, 0xD1, 0xC9, 0xFF, 0x20, 0x70, 0x00, 0x99, 0x04, 0x89, 0xCB, 0x0F, 0x04,
    0xC9, 0xB0, 0xFF, 0x0F, 0x88, 0xE4, 0xFE, 0x0F, 0xA6, 0xF4, 0x21, 0x14, 0xD0, 0x0B, 0x60, 0x29,
    0x88, 0x8A, 0x7F, 0x10, 0xEA, 0x2F, 0x16, 0x0A, 0xEA, 0x78, 0x54, 0x0A, 0xAB, 0x4A, 0x5A, 0x51,
    0xFC, 0x17, 0x20, 0xD4, 0x07, 0x30, 0xC5, 0xFD, 0xFF, 0x02, 0x88, 0x62, 0x06, 0xC6, 0x03, 0x28,
    0xA0, 0xF3, 0x1F, 0x00, 0x00,
};

static const EpdGlyph baijamjuree_22_regularGlyphs[] = {
    { 0, 0, 0, 0, 0, 0, 0 }, // U+0000
    { 0, 0, 191, 0, 0, 0, 0 }, // U+000D
    { 0, 0, 191, 0, 0, 0, 0 }, // U+0020
    { 5, 32, 199, 4, 32, 40, 0 }, // !
    { 11, 10, 249, 3, 32, 28, 40 }, // "
    { 27, 32, 507, 3, 32, 216, 68 }, // #
    { 24, 42, 460, 3, 37, 252, 284 }, // $
    { 39, 34, 704, 3, 33, 332, 536 }, // %
    { 27, 32, 474, 3, 32, 216, 868 }, // &
    { 4, 10, 135, 3, 32, 10, 1084 }, // '
    { 10, 41, 224, 3, 32, 103, 1094 }, // (
    { 11, 41, 224, 1, 32, 113, 1197 }, // )
    { 17, 15, 324, 2, 36, 64, 1310 }, // *
    { 21, 20, 416, 3, 25, 105, 1374 }, // +
    { 8, 11, 158, 0, 4, 22, 1479 }, // ,
    { 12, 3, 276, 3, 13, 9, 1501 }, // -
    { 5, 5, 161, 3, 5, 7, 1510 }, // .
    { 22, 34, 381, 1, 33, 187, 1517 }, // /
    { 24, 32, 474, 3, 32, 192, 1704 }, // 0
    { 12, 32, 262, 1, 32, 96, 1896 }, // 1
    { 22, 32, 408, 2, 32, 176, 1992 }, // 2
    { 23, 32, 433, 2, 32, 184, 2168 }, // 3
    { 24, 32, 427, 1, 32, 192, 2352 }, // 4
    { 23, 32, 438, 3, 32, 184, 2544 }, // 5
    { 23, 32, 444, 3, 32, 184, 2728 }, // 6
    { 21, 32, 361, 1, 32, 168, 2912 }, // 7
    { 25, 32, 455, 2, 32, 200, 3080 }, // 8
    { 23, 32, 447, 2, 32, 184, 3280 }, // 9
    { 5, 20, 161, 3, 21, 25, 3464 }, // :
    { 8, 28, 166, 0, 22, 56, 3489 }, // ;
    { 22, 27, 419, 2, 27, 149, 3545 }, // <
    { 19, 11, 385, 3, 19, 53, 3694 }, // =
    { 22, 27, 419, 3, 27, 149, 3747 }, // >
    { 22, 32, 414, 2, 32, 176, 3896 }, // ?
    { 35, 34, 639, 3, 33, 298, 4072 }, // @
    { 28, 32, 474, 1, 32, 224, 4370 }, // A
    { 25, 32, 485, 4, 32, 200, 4594 }, // B
    { 26, 32, 484, 3, 32, 208, 4794 }, // C
    { 25, 32, 494, 4, 32, 200, 5002 }, // D
    { 22, 32, 440, 4, 32, 176, 5202 }, // E
    { 21, 32, 422, 4, 32, 168, 5378 }, // F
    { 26, 32, 502, 3, 32, 208, 5546 }, // G
    { 25, 32, 509, 4, 32, 200, 5754 }, // H
    { 4, 32, 186, 4, 32, 32, 5954 }, // I
    { 22, 32, 424, 2, 32, 176, 5986 }, // J
    { 24, 32, 462, 4, 32, 192, 6162 }, // K
    { 21, 32, 411, 4, 32, 168, 6354 }, // L
    { 29, 32, 583, 4, 32, 232, 6522 }, // M
    { 25, 32, 506, 4, 32, 200, 6754 }, // N
    { 27, 32, 510, 3, 32, 216, 6954 }, // O
    { 24, 32, 458, 4, 32, 192, 7170 }, // P
    { 28, 34, 513, 3, 32, 238, 7362 }, // Q
    { 25, 32, 477, 4, 32, 200, 0 }, // R
    { 24, 32, 460, 3, 32, 192, 200 }, // S
    { 24, 32, 424, 1, 32, 192, 392 }, // T
    { 25, 32, 507, 3, 32, 200, 584 }, // U
    { 28, 32, 465, 1, 32, 224, 784 }, // V
    { 37, 32, 619, 1, 32, 296, 1008 }, // W
    { 28, 32, 448, 0, 32, 224, 1304 }, // X
    { 28, 32, 456, 1, 32, 224, 1528 }, // Y
    { 23, 32, 424, 2, 32, 184, 1752 }, // Z
    { 9, 43, 230, 4, 34, 97, 1936 }, // [
    { 21, 34, 377, 1, 33, 179, 2033 }, // <backslash>
    { 10, 43, 230, 1, 34, 108, 2212 }, // ]
    { 21, 15, 403, 2, 32, 79, 2320 }, // ^
    { 24, 3, 389, 0, 0, 18, 2399 }, // _
    { 8, 7, 194, 2, 33, 14, 2417 }, // `
    { 20, 23, 408, 3, 23, 115, 2431 }, // a
    { 21, 32, 424, 3, 32, 168, 2546 }, // b
    { 20, 23, 393, 3, 23, 115, 2714 }, // c
    { 21, 32, 424, 3, 32, 168, 2829 }, // d
    { 21, 23, 405, 3, 23, 121, 2997 }, // e
    { 14, 32, 263, 2, 32, 112, 3118 }, // f
    { 21, 32, 424, 3, 23, 168, 3230 }, // g
    { 20, 32, 421, 3, 32, 160, 3398 }, // h
    { 5, 31, 191, 3, 31, 39, 3558 }, // i
    { 10, 40, 195, -1, 31, 100, 3597 }, // j
    { 20, 32, 375, 3, 32, 160, 3697 }, // k
    { 8, 32, 197, 3, 32, 64, 3857 }, // l
    { 32, 23, 613, 3, 23, 184, 3921 }, // m
    { 20, 23, 419, 3, 23, 115, 4105 }, // n
    { 21, 23, 418, 3, 23, 121, 4220 }, // o
    { 21, 32, 424, 3, 23, 168, 4341 }, // p
    { 21, 32, 424, 3, 23, 168, 4509 }, // q
    { 12, 23, 260, 3, 23, 69, 4677 }, // r
    { 20, 23, 381, 2, 23, 115, 4746 }, // s
    { 13, 30, 280, 2, 30, 98, 4861 }, // t
    { 20, 23, 418, 3, 23, 115, 4959 }, // u
    { 22, 23, 361, 0, 23, 127, 5074 }, // v
    { 31, 23, 530, 1, 23, 179, 5201 }, // w
    { 22, 23, 359, 0, 23, 127, 5380 }, // x
    { 20, 32, 419, 3, 23, 160, 5507 }, // y
    { 18, 23, 346, 2, 23, 104, 5667 }, // z
    { 13, 44, 271, 3, 34, 143, 5771 }, // {
    { 4, 45, 179, 4, 38, 45, 5914 }, // |
    { 13, 44, 271, 1, 34, 143, 5959 }, // }
    { 23, 8, 441, 3, 18, 46, 6102 }, // ~
    { 0, 0, 191, 0, 0, 0, 0 }, // U+00A0
    { 5, 32, 199, 4, 23, 40, 0 }, // U+00A1
    { 20, 33, 393, 3, 28, 165, 40 }, // U+00A2
    { 25, 32, 474, 3, 32, 200, 205 }, // U+00A3
    { 27, 26, 504, 2, 28, 176, 405 }, // U+00A4
    { 28, 32, 456, 0, 32, 224, 581 }, // U+00A5
    { 4, 45, 179, 4, 38, 45, 805 }, // U+00A6
    { 21, 34, 409, 3, 32, 179, 850 }, // U+00A7
    { 14, 4, 291, 2, 30, 14, 1029 }, // U+00A8
    { 30, 30, 556, 3, 31, 225, 1043 }, // U+00A9
    { 14, 17, 309, 3, 32, 60, 1268 }, // U+00AA
    { 22, 24, 408, 1, 24, 132, 1328 }, // U+00AB
    { 26, 13, 483, 3, 20, 85, 1460 }, // U+00AC
    { 12, 3, 276, 3, 13, 9, 1545 }, // U+00AD
    { 30, 30, 556, 3, 31, 225, 1554 }, // U+00AE
    { 12, 3, 260, 2, 30, 9, 1779 }, // U+00AF
    { 12, 12, 277, 3, 32, 36, 1788 }, // U+00B0
    { 21, 27, 416, 3, 27, 142, 1824 }, // U+00B1
    { 13, 19, 274, 2, 32, 62, 1966 }, // U+00B2
    { 13, 19, 284, 2, 32, 62, 2028 }, // U+00B3
    { 8, 7, 194, 2, 33, 14, 2090 }, // U+00B4
    { 20, 32, 424, 3, 32, 160, 2104 }, // U+00B6
    { 5, 5, 161, 3, 14, 7, 2264 }, // U+00B7
    { 8, 11, 191, 2, 1, 22, 2271 }, // U+00B8
    { 8, 19, 184, 1, 32, 38, 2293 }, // U+00B9
    { 15, 17, 319, 3, 32, 64, 2331 }, // U+00BA
    { 22, 24, 408, 3, 24, 132, 2395 }, // U+00BB
    { 31, 34, 575, 2, 33, 264, 2527 }, // U+00BC
    { 34, 34, 610, 2, 33, 289, 2791 }, // U+00BD
    { 33, 34, 618, 3, 33, 281, 3080 }, // U+00BE
    { 22, 32, 414, 3, 23, 176, 3361 }, // U+00BF
    { 28, 43, 474, 1, 43, 301, 3537 }, // U+00C0
    { 28, 43, 474, 1, 43, 301, 3838 }, // U+00C1
    { 28, 43, 474, 1, 43, 301, 4139 }, // U+00C2
    { 29, 41, 474, 0, 41, 298, 4440 }, // U+00C3
    { 28, 40, 474, 1, 40, 280, 4738 }, // U+00C4
    { 28, 43, 474, 1, 43, 301, 5018 }, // U+00C5
    { 40, 32, 679, 0, 32, 320, 5319 }, // U+00C6
    { 26, 42, 484, 3, 32, 273, 5639 }, // U+00C7
    { 22, 43, 440, 4, 43, 237, 5912 }, // U+00C8
    { 22, 43, 440, 4, 43, 237, 6149 }, // U+00C9
    { 22, 43, 440, 4, 43, 237, 6386 }, // U+00CA
    { 22, 40, 440, 4, 40, 220, 6623 }, // U+00CB
    { 9, 43, 186, -1, 43, 97, 6843 }, // U+00CC
    { 8, 43, 186, 4, 43, 86, 6940 }, // U+00CD
    { 15, 43, 186, -2, 43, 162, 7026 }, // U+00CE
    { 14, 40, 186, -1, 40, 140, 7188 }, // U+00CF
    { 30, 32, 532, 1, 32, 240, 7328 }, // U+00D0
    { 25, 41, 506, 4, 41, 257, 0 }, // U+00D1
    { 27, 43, 510, 3, 43, 291, 257 }, // U+00D2
    { 27, 43, 510, 3, 43, 291, 548 }, // U+00D3
    { 27, 43, 510, 3, 43, 291, 839 }, // U+00D4
    { 27, 41, 510, 3, 41, 277, 1130 }, // U+00D5
    { 27, 40, 510, 3, 40, 270, 1407 }, // U+00D6
    { 20, 20, 383, 2, 24, 100, 1677 }, // U+00D7
    { 28, 36, 510, 2, 34, 252, 1777 }, // U+00D8
    { 25, 43, 507, 3, 43, 269, 2029 }, // U+00D9
    { 25, 43, 507, 3, 43, 269, 2298 }, // U+00DA
    { 25, 43, 507, 3, 43, 269, 2567 }, // U+00DB
    { 25, 40, 507, 3, 40, 250, 2836 }, // U+00DC
    { 28, 43, 456, 1, 43, 301, 3086 }, // U+00DD
    { 24, 32, 468, 4, 32, 192, 3387 }, // U+00DE
    { 29, 32, 493, 1, 32, 232, 3579 }, // U+00DF
    { 20, 34, 408, 3, 34, 170, 3811 }, // U+00E0
    { 20, 34, 408, 3, 34, 170, 3981 }, // U+00E1
    { 20, 34, 408, 3, 34, 170, 4151 }, // U+00E2
    { 20, 31, 408, 3, 31, 155, 4321 }, // U+00E3
    { 20, 31, 408, 3, 31, 155, 4476 }, // U+00E4
    { 20, 35, 408, 3, 35, 175, 4631 }, // U+00E5
    { 37, 23, 666, 3, 23, 213, 4806 }, // U+00E6
    { 20, 33, 393, 3, 23, 165, 5019 }, // U+00E7
    { 21, 34, 405, 3, 34, 179, 5184 }, // U+00E8
    { 21, 34, 405, 3, 34, 179, 5363 }, // U+00E9
    { 21, 34, 405, 3, 34, 179, 5542 }, // U+00EA
    { 21, 31, 405, 3, 31, 163, 5721 }, // U+00EB
    { 8, 35, 173, 0, 35, 70, 5884 }, // U+00EC
    { 9, 35, 173, 3, 35, 79, 5954 }, // U+00ED
    { 15, 34, 173, -2, 34, 128, 6033 }, // U+00EE
    { 13, 31, 173, -1, 31, 101, 6161 }, // U+00EF
    { 23, 37, 430, 2, 37, 213, 6262 }, // U+00F0
    { 20, 31, 419, 3, 31, 155, 6475 }, // U+00F1
    { 21, 34, 418, 3, 34, 179, 6630 }, // U+00F2
    { 21, 34, 418, 3, 34, 179, 6809 }, // U+00F3
    { 21, 34, 418, 3, 34, 179, 6988 }, // U+00F4
    { 21, 31, 418, 3, 31, 163, 7167 }, // U+00F5
    { 21, 31, 418, 3, 31, 163, 7330 }, // U+00F6
    { 20, 18, 407, 3, 24, 90, 7493 }, // U+00F7
    { 23, 26, 418, 2, 25, 150, 0 }, // U+00F8
    { 20, 34, 418, 3, 34, 170, 150 }, // U+00F9
    { 20, 34, 418, 3, 34, 170, 320 }, // U+00FA
    { 20, 34, 418, 3, 34, 170, 490 }, // U+00FB
    { 20, 31, 418, 3, 31, 155, 660 }, // U+00FC
    { 20, 43, 419, 3, 34, 215, 815 }, // U+00FD
    { 21, 41, 424, 3, 32, 216, 1030 }, // U+00FE
    { 20, 40, 419, 3, 31, 200, 1246 }, // U+00FF
    { 29, 39, 474, 0, 39, 283, 0 }, // U+0100
    { 20, 30, 408, 3, 30, 150, 283 }, // U+0101
    { 29, 42, 474, 0, 42, 305, 433 }, // U+0102
    { 20, 33, 408, 3, 33, 165, 738 }, // U+0103
    { 30, 41, 474, 1, 32, 308, 903 }, // U+0104
    { 22, 32, 408, 3, 23, 176, 1211 }, // U+0105
    { 26, 43, 484, 3, 43, 280, 1387 }, // U+0106
    { 20, 34, 393, 3, 34, 170, 1667 }, // U+0107
    { 26, 43, 484, 3, 43, 280, 1837 }, // U+0108
    { 20, 34, 393, 3, 34, 170, 2117 }, // U+0109
    { 26, 41, 484, 3, 41, 267, 2287 }, // U+010A
    { 20, 31, 393, 3, 31, 155, 2554 }, // U+010B
    { 26, 43, 484, 3, 43, 280, 2709 }, // U+010C
    { 20, 34, 393, 3, 34, 170, 2989 }, // U+010D
    { 25, 43, 494, 4, 43, 269, 3159 }, // U+010E
    { 31, 32, 540, 3, 32, 248, 3428 }, // U+010F
    { 30, 32, 532, 1, 32, 240, 3676 }, // U+0110
    { 24, 32, 436, 3, 32, 192, 3916 }, // U+0111
    { 22, 39, 440, 4, 39, 215, 4108 }, // U+0112
    { 21, 30, 405, 3, 30, 158, 4323 }, // U+0113
    { 22, 42, 440, 4, 42, 231, 4481 }, // U+0114
    { 21, 33, 405, 3, 33, 174, 4712 }, // U+0115
    { 22, 40, 440, 4, 40, 220, 4886 }, // U+0116
    { 21, 31, 405, 3, 31, 163, 5106 }, // U+0117
    { 24, 41, 440, 4, 32, 246, 5269 }, // U+0118
    { 21, 32, 405, 3, 23, 168, 5515 }, // U+0119
    { 22, 43, 440, 4, 43, 237, 5683 }, // U+011A
    { 21, 34, 405, 3, 34, 179, 5920 }, // U+011B
    { 26, 43, 502, 3, 43, 280, 6099 }, // U+011C
    { 21, 43, 424, 3, 34, 226, 6379 }, // U+011D
    { 26, 43, 502, 3, 43, 280, 6605 }, // U+011E
    { 21, 42, 424, 3, 33, 221, 6885 }, // U+011F
    { 26, 41, 502, 3, 41, 267, 7106 }, // U+0120
    { 21, 40, 424, 3, 31, 210, 7373 }, // U+0121
    { 26, 45, 502, 3, 32, 293, 0 }, // U+0122
    { 21, 45, 424, 3, 36, 237, 293 }, // U+0123
    { 25, 43, 509, 4, 43, 269, 530 }, // U+0124
    { 20, 43, 421, 3, 43, 215, 799 }, // U+0125
    { 32, 32, 547, 1, 32, 256, 1014 }, // U+0126
    { 24, 32, 450, 1, 32, 192, 1270 }, // U+0127
    { 15, 41, 186, -1, 41, 154, 1462 }, // U+0128
    { 15, 31, 173, -2, 31, 117, 1616 }, // U+0129
    { 12, 39, 186, 0, 39, 117, 1733 }, // U+012A
    { 12, 29, 173, 0, 29, 87, 1850 }, // U+012B
    { 13, 42, 186, -1, 42, 137, 1937 }, // U+012C
    { 13, 33, 173, -1, 33, 108, 2074 }, // U+012D
    { 8, 41, 186, 2, 32, 82, 2182 }, // U+012E
    { 8, 40, 191, 2, 31, 80, 2264 }, // U+012F
    { 5, 40, 186, 3, 40, 50, 2344 }, // U+0130
    { 4, 23, 173, 4, 23, 23, 2394 }, // U+0131
    { 30, 32, 588, 4, 32, 240, 2417 }, // U+0132
    { 16, 40, 368, 3, 31, 160, 2657 }, // U+0133
    { 27, 43, 424, 2, 43, 291, 2817 }, // U+0134
    { 15, 43, 186, -1, 34, 162, 3108 }, // U+0135
    { 25, 45, 462, 4, 32, 282, 3270 }, // U+0136
    { 20, 45, 375, 3, 32, 225, 3552 }, // U+0137
    { 20, 23, 383, 3, 23, 115, 3777 }, // U+0138
    { 21, 43, 411, 4, 43, 226, 3892 }, // U+0139
    { 8, 43, 197, 3, 43, 86, 4118 }, // U+013A
    { 21, 45, 411, 4, 32, 237, 4204 }, // U+013B
    { 10, 45, 197, 1, 32, 113, 4441 }, // U+013C
    { 21, 32, 411, 4, 32, 168, 4554 }, // U+013D
    { 14, 32, 292, 3, 32, 112, 4722 }, // U+013E
    { 21, 32, 411, 4, 32, 168, 4834 }, // U+013F
    { 14, 32, 282, 3, 32, 112, 5002 }, // U+0140
    { 25, 32, 433, 1, 32, 200, 5114 }, // U+0141
    { 12, 32, 221, 1, 32, 96, 5314 }, // U+0142
    { 25, 43, 506, 4, 43, 269, 5410 }, // U+0143
    { 20, 33, 419, 3, 33, 165, 5679 }, // U+0144
    { 25, 45, 506, 4, 32, 282, 5844 }, // U+0145
    { 20, 36, 419, 3, 23, 180, 6126 }, // U+0146
    { 25, 43, 506, 4, 43, 269, 6306 }, // U+0147
    { 20, 34, 419, 3, 34, 170, 6575 }, // U+0148
    { 29, 32, 507, 0, 32, 232, 6745 }, // U+0149
    { 25, 41, 506, 4, 32, 257, 6977 }, // U+014A
    { 20, 32, 419, 3, 23, 160, 7234 }, // U+014B
    { 27, 39, 510, 3, 39, 264, 0 }, // U+014C
    { 21, 30, 418, 3, 30, 158, 264 }, // U+014D
    { 27, 43, 510, 3, 43, 291, 422 }, // U+014E
    { 21, 33, 418, 3, 33, 174, 713 }, // U+014F
    { 27, 43, 510, 3, 43, 291, 887 }, // U+0150
    { 21, 34, 418, 3, 34, 179, 1178 }, // U+0151
    { 45, 32, 789, 3, 32, 360, 1357 }, // U+0152
    { 38, 23, 682, 3, 23, 219, 1717 }, // U+0153
    { 25, 43, 477, 4, 43, 269, 1936 }, // U+0154
    { 12, 33, 260, 3, 33, 99, 2205 }, // U+0155
    { 25, 45, 477, 4, 32, 282, 2304 }, // U+0156
    { 16, 36, 260, -1, 23, 144, 2586 }, // U+0157
    { 25, 43, 477, 4, 43, 269, 2730 }, // U+0158
    { 15, 34, 260, 1, 34, 128, 2999 }, // U+0159
    { 24, 43, 460, 3, 43, 258, 3127 }, // U+015A
    { 20, 34, 381, 2, 34, 170, 3385 }, // U+015B
    { 24, 43, 460, 3, 43, 258, 3555 }, // U+015C
    { 20, 34, 381, 2, 34, 170, 3813 }, // U+015D
    { 24, 42, 460, 3, 32, 252, 3983 }, // U+015E
    { 20, 33, 381, 2, 23, 165, 4235 }, // U+015F
    { 24, 43, 460, 3, 43, 258, 4400 }, // U+0160
    { 20, 34, 381, 2, 34, 170, 4658 }, // U+0161
    { 24, 43, 424, 1, 32, 258, 4828 }, // U+0162
    { 14, 41, 280, 2, 30, 144, 5086 }, // U+0163
    { 24, 43, 424, 1, 43, 258, 5230 }, // U+0164
    { 22, 32, 390, 2, 32, 176, 5488 }, // U+0165
    { 24, 32, 424, 1, 32, 192, 5664 }, // U+0166
    { 13, 30, 273, 2, 30, 98, 5856 }, // U+0167
    { 25, 41, 507, 3, 41, 257, 5954 }, // U+0168
    { 20, 31, 418, 3, 31, 155, 6211 }, // U+0169
    { 25, 39, 507, 3, 39, 244, 6366 }, // U+016A
    { 20, 30, 418, 3, 30, 150, 6610 }, // U+016B
    { 25, 43, 507, 3, 43, 269, 6760 }, // U+016C
    { 20, 33, 418, 3, 33, 165, 7029 }, // U+016D
    { 25, 44, 507, 3, 44, 275, 7194 }, // U+016E
    { 20, 35, 418, 3, 35, 175, 7469 }, // U+016F
    { 25, 43, 507, 3, 43, 269, 0 }, // U+0170
    { 20, 34, 418, 3, 34, 170, 269 }, // U+0171
    { 25, 41, 507, 3, 32, 257, 439 }, // U+0172
    { 22, 32, 418, 3, 23, 176, 696 }, // U+0173
    { 37, 43, 619, 1, 43, 398, 872 }, // U+0174
    { 31, 34, 530, 1, 34, 264, 1270 }, // U+0175
    { 28, 43, 456, 1, 43, 301, 1534 }, // U+0176
    { 20, 43, 419, 3, 34, 215, 1835 }, // U+0177
    { 27, 40, 456, 0, 40, 270, 2050 }, // U+0178
    { 23, 43, 424, 2, 43, 248, 2320 }, // U+0179
    { 18, 33, 346, 2, 33, 149, 2568 }, // U+017A
    { 23, 40, 424, 2, 40, 230, 2717 }, // U+017B
    { 18, 31, 346, 2, 31, 140, 2947 }, // U+017C
    { 23, 43, 424, 2, 43, 248, 3087 }, // U+017D
    { 18, 34, 346, 2, 34, 153, 3335 }, // U+017E
    { 33, 32, 562, 3, 32, 264, 0 }, // U+01A0
    { 27, 23, 465, 3, 23, 156, 264 }, // U+01A1
    { 32, 32, 562, 3, 32, 256, 420 }, // U+01AF
    { 26, 23, 471, 3, 23, 150, 676 }, // U+01B0
    { 28, 43, 474, 1, 43, 301, 826 }, // U+01CD
    { 20, 34, 408, 3, 34, 170, 1127 }, // U+01CE
    { 15, 43, 186, -2, 43, 162, 1297 }, // U+01CF
    { 15, 34, 173, -2, 34, 128, 1459 }, // U+01D0
    { 27, 43, 510, 3, 43, 291, 1587 }, // U+01D1
    { 21, 34, 418, 3, 34, 179, 1878 }, // U+01D2
    { 25, 43, 507, 3, 43, 269, 2057 }, // U+01D3
    { 20, 34, 418, 3, 34, 170, 2326 }, // U+01D4
    { 25, 45, 507, 3, 45, 282, 2496 }, // U+01D5
    { 20, 36, 418, 3, 36, 180, 2778 }, // U+01D6
    { 25, 48, 507, 3, 48, 300, 2958 }, // U+01D7
    { 20, 39, 418, 3, 39, 195, 3258 }, // U+01D8
    { 25, 49, 507, 3, 49, 307, 3453 }, // U+01D9
    { 20, 40, 418, 3, 40, 200, 3760 }, // U+01DA
    { 25, 48, 507, 3, 48, 300, 3960 }, // U+01DB
    { 20, 39, 418, 3, 39, 195, 4260 }, // U+01DC
    { 26, 43, 502, 3, 43, 280, 4455 }, // U+01E6
    { 21, 43, 424, 3, 34, 226, 4735 }, // U+01E7
    { 28, 52, 474, 1, 52, 364, 4961 }, // U+01FA
    { 20, 43, 408, 3, 43, 215, 5325 }, // U+01FB
    { 40, 43, 679, 0, 43, 430, 5540 }, // U+01FC
    { 37, 34, 666, 3, 34, 315, 5970 }, // U+01FD
    { 28, 45, 510, 2, 43, 315, 6285 }, // U+01FE
    { 23, 35, 418, 2, 34, 202, 6600 }, // U+01FF
    { 24, 45, 460, 3, 32, 270, 6802 }, // U+0218
    { 20, 36, 381, 2, 23, 180, 7072 }, // U+0219
    { 24, 45, 424, 1, 32, 270, 7252 }, // U+021A
    { 13, 43, 280, 2, 30, 140, 7522 }, // U+021B
    { 8, 7, 0, -6, 33, 14, 0 }, // U+0300
    { 9, 7, 0, -2, 33, 16, 14 }, // U+0301
    { 14, 8, 0, -7, 34, 28, 30 }, // U+0302
    { 15, 6, 0, -7, 32, 23, 58 }, // U+0303
    { 12, 3, 0, -6, 30, 9, 81 }, // U+0304
    { 13, 7, 0, -7, 33, 23, 90 }, // U+0306
    { 5, 5, 0, -2, 31, 7, 113 }, // U+0307
    { 13, 4, 0, -7, 30, 13, 120 }, // U+0308
    { 11, 11, 0, -5, 36, 31, 133 }, // U+0309
    { 10, 10, 0, -5, 35, 25, 164 }, // U+030A
    { 14, 7, 0, -5, 33, 25, 189 }, // U+030B
    { 14, 8, 0, -7, 34, 28, 214 }, // U+030C
    { 9, 9, 0, -6, 29, 21, 242 }, // U+031B
    { 5, 5, 0, -2, -3, 7, 263 }, // U+0323
    { 13, 4, 0, -7, -4, 13, 270 }, // U+0324
    { 8, 10, 0, -6, -3, 20, 283 }, // U+0326
    { 8, 11, 0, -3, 1, 22, 303 }, // U+0327
    { 8, 10, 0, -4, 1, 20, 325 }, // U+0328
    { 13, 7, 0, -7, -2, 23, 345 }, // U+032E
    { 12, 3, 0, -6, -3, 9, 368 }, // U+0331
    { 23, 26, 441, 1, 26, 150, 0 }, // U+0E01
    { 21, 26, 407, 1, 26, 137, 150 }, // U+0E02
    { 21, 26, 416, 1, 26, 137, 287 }, // U+0E03
    { 22, 26, 460, 4, 26, 143, 424 }, // U+0E04
    { 22, 26, 463, 4, 26, 143, 567 }, // U+0E05
    { 24, 26, 474, 2, 26, 156, 710 }, // U+0E06
    { 19, 26, 370, 1, 26, 124, 866 }, // U+0E07
    { 21, 26, 425, 2, 26, 137, 990 }, // U+0E08
    { 24, 26, 455, 2, 26, 156, 1127 }, // U+0E09
    { 23, 28, 408, 1, 28, 161, 1283 }, // U+0E0A
    { 23, 28, 417, 1, 28, 161, 1444 }, // U+0E0B
    { 36, 26, 659, 1, 26, 234, 1605 }, // U+0E0C
    { 37, 38, 665, 1, 26, 352, 1839 }, // U+0E0D
    { 23, 38, 455, 2, 26, 219, 2191 }, // U+0E0E
    { 23, 38, 455, 2, 26, 219, 2410 }, // U+0E0F
    { 21, 39, 400, 2, 26, 205, 2629 }, // U+0E10
    { 25, 26, 480, 1, 26, 163, 2834 }, // U+0E11
    { 35, 26, 674, 4, 26, 228, 2997 }, // U+0E12
    { 38, 26, 655, 1, 26, 247, 3225 }, // U+0E13
    { 22, 26, 462, 4, 26, 143, 3472 }, // U+0E14
    { 22, 26, 465, 4, 26, 143, 3615 }, // U+0E15
    { 23, 26, 441, 1, 26, 150, 3758 }, // U+0E16
    { 25, 26, 476, 1, 26, 163, 3908 }, // U+0E17
    { 21, 26, 414, 2, 26, 137, 4071 }, // U+0E18
    { 26, 26, 466, 1, 26, 169, 4208 }, // U+0E19
    { 25, 26, 474, 1, 26, 163, 4377 }, // U+0E1A
    { 25, 35, 476, 1, 35, 219, 4540 }, // U+0E1B
    { 21, 26, 455, 4, 26, 137, 4759 }, // U+0E1C
    { 22, 35, 457, 4, 35, 193, 4896 }, // U+0E1D
    { 27, 26, 513, 1, 26, 176, 5089 }, // U+0E1E
    { 27, 35, 514, 1, 35, 237, 5265 }, // U+0E1F
    { 23, 26, 455, 2, 26, 150, 5502 }, // U+0E20
    { 23, 26, 458, 2, 26, 150, 5652 }, // U+0E21
    { 21, 26, 436, 3, 26, 137, 5802 }, // U+0E22
    { 20, 26, 368, 2, 26, 130, 5939 }, // U+0E23
    { 23, 35, 443, 1, 26, 202, 6069 }, // U+0E24
    { 21, 26, 429, 3, 26, 137, 6271 }, // U+0E25
    { 23, 35, 455, 2, 26, 202, 6408 }, // U+0E26
    { 19, 26, 391, 2, 26, 124, 6610 }, // U+0E27
    { 22, 29, 461, 4, 29, 160, 6734 }, // U+0E28
    { 30, 26, 512, 1, 26, 195, 6894 }, // U+0E29
    { 22, 29, 429, 3, 29, 160, 7089 }, // U+0E2A
    { 26, 26, 471, 1, 26, 169, 7249 }, // U+0E2B
    { 32, 35, 515, 1, 35, 280, 0 }, // U+0E2C
    { 22, 26, 436, 2, 26, 143, 280 }, // U+0E2D
    { 21, 29, 438, 3, 29, 153, 423 }, // U+0E2E
    { 20, 26, 400, 1, 26, 130, 576 }, // U+0E2F
    { 19, 25, 370, 2, 25, 119, 706 }, // U+0E30
    { 20, 10, 0, -16, 40, 50, 825 }, // U+0E31
    { 19, 26, 379, 2, 26, 124, 875 }, // U+0E32
    { 31, 40, 379, -11, 40, 310, 999 }, // U+0E33
    { 21, 11, 0, -25, 40, 58, 1309 }, // U+0E34
    { 21, 13, 0, -24, 42, 69, 1367 }, // U+0E35
    { 23, 15, 0, -24, 44, 87, 1436 }, // U+0E36
    { 21, 13, 0, -24, 42, 69, 1523 }, // U+0E37
    { 9, 14, 0, -12, -3, 32, 1592 }, // U+0E38
    { 17, 14, 0, -20, -3, 60, 1624 }, // U+0E39
    { 5, 5, 0, -8, -4, 7, 1684 }, // U+0E3A
    { 25, 43, 485, 4, 38, 269, 1691 }, // U+0E3F
    { 10, 26, 229, 4, 26, 65, 1960 }, // U+0E40
    { 22, 26, 430, 4, 26, 143, 2025 }, // U+0E41
    { 18, 44, 292, -1, 44, 198, 2168 }, // U+0E42
    { 18, 44, 303, 0, 44, 198, 2366 }, // U+0E43
    { 23, 44, 317, -4, 44, 253, 2564 }, // U+0E44
    { 19, 35, 379, 2, 26, 167, 2817 }, // U+0E45
    { 20, 38, 405, 2, 26, 190, 2984 }, // U+0E46
    { 19, 15, 0, -22, 45, 72, 3174 }, // U+0E47
    { 4, 9, 0, -7, 39, 9, 3246 }, // U+0E48
    { 18, 12, 0, -17, 42, 54, 3255 }, // U+0E49
    { 21, 11, 0, -21, 41, 58, 3309 }, // U+0E4A
    { 13, 12, 0, -12, 42, 39, 3367 }, // U+0E4B
    { 17, 12, 0, -17, 42, 51, 3406 }, // U+0E4C
    { 10, 10, 0, -11, 40, 25, 3457 }, // U+0E4D
    { 14, 16, 0, -17, 46, 56, 3482 }, // U+0E4E
    { 27, 26, 499, 3, 26, 176, 3538 }, // U+0E4F
    { 24, 24, 462, 3, 24, 144, 3714 }, // U+0E50
    { 24, 25, 459, 3, 23, 150, 3858 }, // U+0E51
    { 31, 33, 535, 0, 33, 256, 4008 }, // U+0E52
    { 24, 24, 480, 3, 24, 144, 4264 }, // U+0E53
    { 25, 33, 454, 3, 33, 207, 4408 }, // U+0E54
    { 25, 33, 454, 3, 33, 207, 4615 }, // U+0E55
    { 28, 34, 460, -2, 34, 238, 4822 }, // U+0E56
    { 32, 33, 606, 3, 33, 264, 5060 }, // U+0E57
    { 26, 33, 500, 3, 33, 215, 5324 }, // U+0E58
    { 30, 33, 524, 3, 33, 248, 5539 }, // U+0E59
    { 30, 26, 557, 1, 26, 195, 5787 }, // U+0E5A
    { 51, 26, 871, 2, 26, 332, 5982 }, // U+0E5B
    { 29, 40, 474, 0, 32, 290, 0 }, // U+1EA0
    { 20, 31, 408, 3, 23, 155, 290 }, // U+1EA1
    { 29, 45, 474, 1, 45, 327, 445 }, // U+1EA2
    { 20, 36, 408, 3, 36, 180, 772 }, // U+1EA3
    { 28, 48, 474, 1, 48, 336, 952 }, // U+1EA4
    { 22, 39, 408, 3, 39, 215, 1288 }, // U+1EA5
    { 28, 48, 474, 1, 48, 336, 1503 }, // U+1EA6
    { 20, 39, 408, 3, 39, 195, 1839 }, // U+1EA7
    { 29, 50, 474, 0, 50, 363, 2034 }, // U+1EA8
    { 21, 41, 408, 3, 41, 216, 2397 }, // U+1EA9
    { 29, 49, 474, 1, 49, 356, 2613 }, // U+1EAA
    { 20, 40, 408, 3, 40, 200, 2969 }, // U+1EAB
    { 29, 51, 474, 0, 43, 370, 3169 }, // U+1EAC
    { 20, 42, 408, 3, 34, 210, 3539 }, // U+1EAD
    { 29, 49, 474, 0, 49, 356, 3749 }, // U+1EAE
    { 20, 40, 408, 3, 40, 200, 4105 }, // U+1EAF
    { 29, 49, 474, 0, 49, 356, 4305 }, // U+1EB0
    { 20, 40, 408, 3, 40, 200, 4661 }, // U+1EB1
    { 29, 51, 474, 0, 51, 370, 4861 }, // U+1EB2
    { 20, 42, 408, 3, 42, 210, 5231 }, // U+1EB3
    { 29, 48, 474, 0, 48, 348, 5441 }, // U+1EB4
    { 20, 39, 408, 3, 39, 195, 5789 }, // U+1EB5
    { 29, 50, 474, 0, 42, 363, 5984 }, // U+1EB6
    { 20, 41, 408, 3, 33, 205, 6347 }, // U+1EB7
    { 22, 40, 440, 4, 32, 220, 6552 }, // U+1EB8
    { 21, 31, 405, 3, 23, 163, 6772 }, // U+1EB9
    { 22, 45, 440, 4, 45, 248, 6935 }, // U+1EBA
    { 21, 36, 405, 3, 36, 189, 7183 }, // U+1EBB
    { 22, 41, 440, 4, 41, 226, 7372 }, // U+1EBC
    { 21, 31, 405, 3, 31, 163, 0 }, // U+1EBD
    { 22, 48, 440, 4, 48, 264, 163 }, // U+1EBE
    { 22, 39, 405, 3, 39, 215, 427 }, // U+1EBF
    { 22, 48, 440, 4, 48, 264, 642 }, // U+1EC0
    { 21, 39, 405, 3, 39, 205, 906 }, // U+1EC1
    { 22, 50, 440, 4, 50, 275, 1111 }, // U+1EC2
    { 21, 41, 405, 3, 41, 216, 1386 }, // U+1EC3
    { 22, 49, 440, 4, 49, 270, 1602 }, // U+1EC4
    { 21, 40, 405, 3, 40, 210, 1872 }, // U+1EC5
    { 22, 51, 440, 4, 43, 281, 2082 }, // U+1EC6
    { 21, 42, 405, 3, 34, 221, 2363 }, // U+1EC7
    { 11, 45, 186, 1, 45, 124, 2584 }, // U+1EC8
    { 11, 36, 173, 1, 36, 99, 2708 }, // U+1EC9
    { 5, 40, 186, 3, 32, 50, 2807 }, // U+1ECA
    { 5, 39, 191, 3, 31, 49, 2857 }, // U+1ECB
    { 27, 40, 510, 3, 32, 270, 2906 }, // U+1ECC
    { 21, 31, 418, 3, 23, 163, 3176 }, // U+1ECD
    { 27, 45, 510, 3, 45, 304, 3339 }, // U+1ECE
    { 21, 36, 418, 3, 36, 189, 3643 }, // U+1ECF
    { 27, 48, 510, 3, 48, 324, 3832 }, // U+1ED0
    { 22, 39, 418, 3, 39, 215, 4156 }, // U+1ED1
    { 27, 48, 510, 3, 48, 324, 4371 }, // U+1ED2
    { 21, 39, 418, 3, 39, 205, 4695 }, // U+1ED3
    { 27, 50, 510, 3, 50, 338, 4900 }, // U+1ED4
    { 21, 41, 418, 3, 41, 216, 5238 }, // U+1ED5
    { 27, 49, 510, 3, 49, 331, 5454 }, // U+1ED6
    { 21, 40, 418, 3, 40, 210, 5785 }, // U+1ED7
    { 27, 51, 510, 3, 43, 345, 5995 }, // U+1ED8
    { 21, 42, 418, 3, 34, 221, 6340 }, // U+1ED9
    { 33, 43, 562, 3, 43, 355, 6561 }, // U+1EDA
    { 27, 34, 465, 3, 34, 230, 6916 }, // U+1EDB
    { 33, 43, 562, 3, 43, 355, 0 }, // U+1EDC
    { 27, 34, 465, 3, 34, 230, 355 }, // U+1EDD
    { 33, 45, 562, 3, 45, 372, 585 }, // U+1EDE
    { 27, 36, 465, 3, 36, 243, 957 }, // U+1EDF
    { 33, 41, 562, 3, 41, 339, 1200 }, // U+1EE0
    { 27, 31, 465, 3, 31, 210, 1539 }, // U+1EE1
    { 33, 40, 562, 3, 32, 330, 1749 }, // U+1EE2
    { 27, 31, 465, 3, 23, 210, 2079 }, // U+1EE3
    { 25, 40, 507, 3, 32, 250, 2289 }, // U+1EE4
    { 20, 31, 418, 3, 23, 155, 2539 }, // U+1EE5
    { 25, 45, 507, 3, 45, 282, 2694 }, // U+1EE6
    { 20, 36, 418, 3, 36, 180, 2976 }, // U+1EE7
    { 32, 43, 562, 3, 43, 344, 3156 }, // U+1EE8
    { 26, 34, 471, 3, 34, 221, 3500 }, // U+1EE9
    { 32, 43, 562, 3, 43, 344, 3721 }, // U+1EEA
    { 26, 34, 471, 3, 34, 221, 4065 }, // U+1EEB
    { 32, 45, 562, 3, 45, 360, 4286 }, // U+1EEC
    { 26, 36, 471, 3, 36, 234, 4646 }, // U+1EED
    { 32, 41, 562, 3, 41, 328, 4880 }, // U+1EEE
    { 26, 31, 471, 3, 31, 202, 5208 }, // U+1EEF
    { 32, 40, 562, 3, 32, 320, 5410 }, // U+1EF0
    { 26, 31, 471, 3, 23, 202, 5730 }, // U+1EF1
    { 28, 43, 456, 1, 43, 301, 5932 }, // U+1EF2
    { 20, 43, 419, 3, 34, 215, 6233 }, // U+1EF3
    { 29, 40, 456, 0, 32, 290, 6448 }, // U+1EF4
    { 20, 40, 419, 3, 23, 200, 6738 }, // U+1EF5
    { 28, 45, 456, 0, 45, 315, 6938 }, // U+1EF6
    { 20, 45, 419, 3, 36, 225, 7253 }, // U+1EF7
    { 28, 41, 456, 0, 41, 287, 7478 }, // U+1EF8
    { 20, 40, 419, 3, 31, 200, 0 }, // U+1EF9
    { 0, 0, 474, 0, 0, 0, 0 }, // U+2007
    { 24, 3, 471, 3, 13, 18, 0 }, // U+2010
    { 24, 3, 459, 3, 13, 18, 18 }, // U+2012
    { 24, 3, 471, 3, 13, 18, 36 }, // U+2013
    { 29, 3, 548, 3, 13, 22, 54 }, // U+2014
    { 29, 3, 548, 3, 13, 22, 76 }, // U+2015
    { 7, 11, 173, 2, 33, 20, 98 }, // U+2018
    { 8, 11, 173, 1, 32, 22, 118 }, // U+2019
    { 8, 11, 158, 0, 4, 22, 140 }, // U+201A
    { 14, 11, 290, 2, 33, 39, 162 }, // U+201C
    { 15, 11, 290, 1, 32, 42, 201 }, // U+201D
    { 15, 11, 276, 0, 4, 42, 243 }, // U+201E
    { 19, 34, 381, 3, 32, 162, 285 }, // U+2020
    { 19, 34, 381, 3, 32, 162, 447 }, // U+2021
    { 8, 8, 213, 3, 17, 16, 609 }, // U+2022
    { 25, 5, 481, 3, 5, 32, 625 }, // U+2026
    { 58, 34, 997, 3, 33, 493, 657 }, // U+2030
    { 4, 10, 135, 3, 32, 10, 1150 }, // U+2032
    { 11, 10, 256, 3, 32, 28, 1160 }, // U+2033
    { 13, 24, 261, 1, 24, 78, 1188 }, // U+2039
    { 13, 24, 261, 3, 24, 78, 1266 }, // U+203A
    { 22, 34, 120, -7, 33, 187, 1344 }, // U+2044
    { 14, 19, 295, 2, 32, 67, 0 }, // U+2070
    { 14, 19, 274, 1, 32, 67, 67 }, // U+2074
    { 13, 19, 278, 2, 32, 62, 134 }, // U+2075
    { 13, 19, 281, 2, 32, 62, 196 }, // U+2076
    { 12, 19, 242, 1, 32, 57, 258 }, // U+2077
    { 14, 19, 295, 2, 32, 67, 315 }, // U+2078
    { 13, 19, 282, 2, 32, 62, 382 }, // U+2079
    { 7, 21, 161, 3, 32, 37, 444 }, // U+207D
    { 7, 21, 161, 1, 32, 37, 481 }, // U+207E
    { 14, 16, 318, 3, 32, 56, 518 }, // U+207F
    { 14, 19, 295, 2, 12, 67, 574 }, // U+2080
    { 8, 19, 184, 1, 12, 38, 641 }, // U+2081
    { 13, 19, 274, 2, 12, 62, 679 }, // U+2082
    { 13, 19, 284, 2, 12, 62, 741 }, // U+2083
    { 14, 19, 274, 1, 12, 67, 803 }, // U+2084
    { 13, 19, 278, 2, 12, 62, 870 }, // U+2085
    { 13, 19, 281, 2, 12, 62, 932 }, // U+2086
    { 12, 19, 242, 1, 12, 57, 994 }, // U+2087
    { 14, 19, 295, 2, 12, 67, 1051 }, // U+2088
    { 13, 19, 282, 2, 12, 62, 1118 }, // U+2089
    { 7, 21, 161, 3, 13, 37, 1180 }, // U+208D
    { 7, 21, 161, 1, 13, 37, 1217 }, // U+208E
    { 20, 31, 393, 3, 27, 155, 0 }, // U+20A1
    { 25, 32, 474, 3, 32, 200, 155 }, // U+20A4
    { 33, 32, 609, 3, 32, 264, 355 }, // U+20A6
    { 32, 32, 575, 3, 32, 256, 619 }, // U+20A7
    { 24, 38, 436, 3, 32, 228, 875 }, // U+20AB
    { 30, 32, 525, 1, 32, 240, 1103 }, // U+20AC
    { 31, 32, 560, 3, 32, 248, 1343 }, // U+20B1
    { 26, 42, 502, 3, 37, 273, 1591 }, // U+20B2
    { 26, 42, 484, 3, 37, 273, 1864 }, // U+20B5
    { 26, 33, 488, 2, 33, 215, 2137 }, // U+20B9
    { 24, 32, 446, 2, 32, 192, 2352 }, // U+20BA
    { 27, 32, 502, 3, 32, 216, 2544 }, // U+20BD
    { 29, 15, 536, 2, 20, 109, 0 }, // U+2190
    { 15, 29, 301, 2, 27, 109, 109 }, // U+2191
    { 29, 15, 536, 2, 20, 109, 218 }, // U+2192
    { 15, 29, 301, 2, 27, 109, 327 }, // U+2193
    { 24, 35, 439, 2, 35, 210, 0 }, // U+2202
    { 32, 38, 590, 2, 33, 304, 210 }, // U+220F
    { 27, 40, 511, 2, 36, 270, 514 }, // U+2211
    { 21, 3, 416, 3, 16, 16, 784 }, // U+2212
    { 23, 36, 371, 0, 34, 207, 800 }, // U+2215
    { 9, 9, 213, 2, 17, 21, 1007 }, // U+2219
    { 24, 33, 457, 2, 33, 198, 1028 }, // U+221A
    { 37, 19, 659, 2, 25, 176, 1226 }, // U+221E
    { 23, 40, 429, 2, 32, 230, 1402 }, // U+222B
    { 24, 19, 436, 2, 24, 114, 1632 }, // U+2248
    { 19, 24, 385, 3, 26, 114, 1746 }, // U+2260
    { 23, 32, 419, 1, 31, 184, 1860 }, // U+2264
    { 23, 32, 419, 2, 31, 184, 2044 }, // U+2265
    { 21, 32, 415, 2, 32, 168, 0 }, // U+FB01
    { 26, 32, 447, 2, 32, 208, 168 }, // U+FB02
};

static const EpdUnicodeInterval baijamjuree_22_regularIntervals[] = {
    { 0x0, 0x0, 0x0 },
    { 0xD, 0xD, 0x1 },
    { 0x20, 0x7E, 0x2 },
    { 0xA0, 0xB4, 0x61 },
    { 0xB6, 0xFF, 0x76 },
    { 0x100, 0x17E, 0xC0 },
    { 0x1A0, 0x1A1, 0x13F },
    { 0x1AF, 0x1B0, 0x141 },
    { 0x1CD, 0x1DC, 0x143 },
    { 0x1E6, 0x1E7, 0x153 },
    { 0x1FA, 0x1FF, 0x155 },
    { 0x218, 0x21B, 0x15B },
    { 0x300, 0x304, 0x15F },
    { 0x306, 0x30C, 0x164 },
    { 0x31B, 0x31B, 0x16B },
    { 0x323, 0x324, 0x16C },
    { 0x326, 0x328, 0x16E },
    { 0x32E, 0x32E, 0x171 },
    { 0x331, 0x331, 0x172 },
    { 0xE01, 0xE3A, 0x173 },
    { 0xE3F, 0xE5B, 0x1AD },
    { 0x1EA0, 0x1EF9, 0x1CA },
    { 0x2007, 0x2007, 0x224 },
    { 0x2010, 0x2010, 0x225 },
    { 0x2012, 0x2015, 0x226 },
    { 0x2018, 0x201A, 0x22A },
    { 0x201C, 0x201E, 0x22D },
    { 0x2020, 0x2022, 0x230 },
    { 0x2026, 0x2026, 0x233 },
    { 0x2030, 0x2030, 0x234 },
    { 0x2032, 0x2033, 0x235 },
    { 0x2039, 0x203A, 0x237 },
    { 0x2044, 0x2044, 0x239 },
    { 0x2070, 0x2070, 0x23A },
    { 0x2074, 0x2079, 0x23B },
    { 0x207D, 0x2089, 0x241 },
    { 0x208D, 0x208E, 0x24E },
    { 0x20A1, 0x20A1, 0x250 },
    { 0x20A4, 0x20A4, 0x251 },
    { 0x20A6, 0x20A7, 0x252 },
    { 0x20AB, 0x20AC, 0x254 },
    { 0x20B1, 0x20B2, 0x256 },
    { 0x20B5, 0x20B5, 0x258 },
    { 0x20B9, 0x20BA, 0x259 },
    { 0x20BD, 0x20BD, 0x25B },
    { 0x2190, 0x2193, 0x25C },
    { 0x2202, 0x2202, 0x260 },
    { 0x220F, 0x220F, 0x261 },
    { 0x2211, 0x2212, 0x262 },
    { 0x2215, 0x2215, 0x264 },
    { 0x2219, 0x221A, 0x265 },
    { 0x221E, 0x221E, 0x267 },
    { 0x222B, 0x222B, 0x268 },
    { 0x2248, 0x2248, 0x269 },
    { 0x2260, 0x2260, 0x26A },
    { 0x2264, 0x2265, 0x26B },
    { 0xFB01, 0xFB02, 0x26D },
};

static const EpdFontGroup baijamjuree_22_regularGroups[] = {
    { 0, 2375, 8129, 52, 0 },
    { 2375, 2013, 6658, 45, 52 },
    { 4388, 2381, 8050, 48, 97 },
    { 6769, 1656, 8115, 39, 145 },
    { 8425, 343, 1482, 8, 184 },
    { 8768, 1526, 8172, 34, 192 },
    { 10294, 1610, 7994, 42, 226 },
    { 11904, 1418, 8066, 36, 268 },
    { 13322, 1008, 3694, 15, 304 },
    { 14330, 2019, 8046, 32, 319 },
    { 16349, 262, 429, 20, 351 },
    { 16611, 2803, 7944, 43, 371 },
    { 19414, 2584, 6704, 44, 414 },
    { 21998, 1677, 8116, 29, 458 },
    { 23675, 1211, 7819, 31, 487 },
    { 24886, 1204, 8096, 29, 518 },
    { 26090, 101, 200, 1, 547 },
    { 26191, 469, 1637, 22, 548 },
    { 26660, 430, 1448, 22, 570 },
    { 27090, 867, 2898, 12, 592 },
    { 27957, 161, 472, 4, 604 },
    { 28118, 720, 2301, 13, 608 },
    { 28838, 95, 416, 2, 621 },
};

static const EpdKernClassEntry baijamjuree_22_regularKernLeftClasses[] = {
    { 0x002C, 1 }, // ,
    { 0x002D, 2 }, // -
    { 0x002E, 3 }, // .
    { 0x002F, 4 }, // /
    { 0x0030, 5 }, // 0
    { 0x0032, 6 }, // 2
    { 0x0033, 7 }, // 3
    { 0x0034, 8 }, // 4
    { 0x0035, 9 }, // 5
    { 0x0036, 10 }, // 6
    { 0x0037, 11 }, // 7
    { 0x0038, 12 }, // 8
    { 0x0039, 13 }, // 9
    { 0x0041, 14 }, // A
    { 0x0042, 15 }, // B
    { 0x0043, 16 }, // C
    { 0x0044, 17 }, // D
    { 0x0045, 18 }, // E
    { 0x0046, 19 }, // F
    { 0x0047, 20 }, // G
    { 0x004A, 21 }, // J
    { 0x004B, 22 }, // K
    { 0x004C, 23 }, // L
    { 0x004F, 24 }, // O
    { 0x0050, 25 }, // P
    { 0x0051, 26 }, // Q
    { 0x0052, 27 }, // R
    { 0x0053, 28 }, // S
    { 0x0054, 29 }, // T
    { 0x0055, 30 }, // U
    { 0x0056, 31 }, // V
    { 0x0057, 32 }, // W
    { 0x0058, 33 }, // X
    { 0x0059, 34 }, // Y
    { 0x005A, 35 }, // Z
    { 0x0061, 36 }, // a
    { 0x0062, 37 }, // b
    { 0x0063, 38 }, // c
    { 0x0064, 39 }, // d
    { 0x0065, 40 }, // e
    { 0x0066, 41 }, // f
    { 0x0067, 42 }, // g
    { 0x0068, 36 }, // h
    { 0x0069, 43 }, // i
    { 0x006A, 43 }, // j
    { 0x006B, 44 }, // k
    { 0x006C, 45 }, // l
    { 0x006D, 36 }, // m
    { 0x006E, 36 }, // n
    { 0x006F, 37 }, // o
    { 0x0070, 37 }, // p
    { 0x0071, 42 }, // q
    { 0x0072, 46 }, // r
    { 0x0073, 47 }, // s
    { 0x0074, 48 }, // t
    { 0x0075, 42 }, // u
    { 0x0076, 49 }, // v
    { 0x0077, 50 }, // w
    { 0x0078, 51 }, // x
    { 0x0079, 42 }, // y
    { 0x007A, 52 }, // z
    { 0x00AD, 2 }, // U+00AD
    { 0x00BF, 53 }, // U+00BF
    { 0x00C0, 14 }, // U+00C0
    { 0x00C1, 14 }, // U+00C1
    { 0x00C2, 14 }, // U+00C2
    { 0x00C3, 14 }, // U+00C3
    { 0x00C4, 14 }, // U+00C4
    { 0x00C5, 14 }, // U+00C5
    { 0x00C6, 14 }, // U+00C6
    { 0x00C7, 16 }, // U+00C7
    { 0x00C8, 18 }, // U+00C8
    { 0x00C9, 18 }, // U+00C9
    { 0x00CA, 18 }, // U+00CA
    { 0x00CB, 18 }, // U+00CB
    { 0x00D2, 24 }, // U+00D2
    { 0x00D3, 24 }, // U+00D3
    { 0x00D4, 24 }, // U+00D4
    { 0x00D5, 24 }, // U+00D5
    { 0x00D6, 24 }, // U+00D6
    { 0x00D8, 24 }, // U+00D8
    { 0x00D9, 30 }, // U+00D9
    { 0x00DA, 30 }, // U+00DA
    { 0x00DB, 30 }, // U+00DB
    { 0x00DC, 30 }, // U+00DC
    { 0x00DD, 34 }, // U+00DD
    { 0x00E0, 36 }, // U+00E0
    { 0x00E1, 36 }, // U+00E1
    { 0x00E2, 36 }, // U+00E2
    { 0x00E3, 36 }, // U+00E3
    { 0x00E4, 36 }, // U+00E4
    { 0x00E5, 36 }, // U+00E5
    { 0x00E6, 40 }, // U+00E6
    { 0x00E7, 38 }, // U+00E7
    { 0x00E8, 40 }, // U+00E8
    { 0x00E9, 40 }, // U+00E9
    { 0x00EA, 40 }, // U+00EA
    { 0x00EB, 40 }, // U+00EB
    { 0x00F1, 36 }, // U+00F1
    { 0x00F2, 37 }, // U+00F2
    { 0x00F3, 37 }, // U+00F3
    { 0x00F4, 37 }, // U+00F4
    { 0x00F5, 37 }, // U+00F5
    { 0x00F6, 37 }, // U+00F6
    { 0x00F8, 37 }, // U+00F8
    { 0x00F9, 42 }, // U+00F9
    { 0x00FA, 42 }, // U+00FA
    { 0x00FB, 42 }, // U+00FB
    { 0x00FC, 42 }, // U+00FC
    { 0x00FD, 42 }, // U+00FD
    { 0x00FE, 37 }, // U+00FE
    { 0x00FF, 42 }, // U+00FF
    { 0x0100, 14 }, // U+0100
    { 0x0101, 36 }, // U+0101
    { 0x0102, 14 }, // U+0102
    { 0x0103, 36 }, // U+0103
    { 0x0104, 14 }, // U+0104
    { 0x0105, 36 }, // U+0105
    { 0x0106, 16 }, // U+0106
    { 0x0107, 38 }, // U+0107
    { 0x0108, 16 }, // U+0108
    { 0x0109, 38 }, // U+0109
    { 0x010A, 16 }, // U+010A
    { 0x010B, 38 }, // U+010B
    { 0x010C, 16 }, // U+010C
    { 0x010D, 38 }, // U+010D
    { 0x010E, 17 }, // U+010E
    { 0x010F, 54 }, // U+010F
    { 0x0110, 17 }, // U+0110
    { 0x0112, 18 }, // U+0112
    { 0x0113, 40 }, // U+0113
    { 0x0114, 18 }, // U+0114
    { 0x0115, 40 }, // U+0115
    { 0x0116, 18 }, // U+0116
    { 0x0117, 40 }, // U+0117
    { 0x0118, 18 }, // U+0118
    { 0x0119, 40 }, // U+0119
    { 0x011A, 18 }, // U+011A
    { 0x011B, 40 }, // U+011B
    { 0x011C, 20 }, // U+011C
    { 0x011D, 42 }, // U+011D
    { 0x011E, 20 }, // U+011E
    { 0x011F, 42 }, // U+011F
    { 0x0120, 20 }, // U+0120
    { 0x0121, 42 }, // U+0121
    { 0x0122, 20 }, // U+0122
    { 0x0123, 42 }, // U+0123
    { 0x0125, 36 }, // U+0125
    { 0x0127, 36 }, // U+0127
    { 0x0132, 21 }, // U+0132
    { 0x0134, 21 }, // U+0134
    { 0x0136, 22 }, // U+0136
    { 0x0137, 44 }, // U+0137
    { 0x0138, 44 }, // U+0138
    { 0x0139, 23 }, // U+0139
    { 0x013A, 45 }, // U+013A
    { 0x013B, 23 }, // U+013B
    { 0x013C, 45 }, // U+013C
    { 0x013D, 23 }, // U+013D
    { 0x013E, 54 }, // U+013E
    { 0x013F, 23 }, // U+013F
    { 0x0140, 45 }, // U+0140
    { 0x0141, 23 }, // U+0141
    { 0x0144, 36 }, // U+0144
    { 0x0146, 36 }, // U+0146
    { 0x0148, 36 }, // U+0148
    { 0x0149, 36 }, // U+0149
    { 0x014B, 36 }, // U+014B
    { 0x014C, 24 }, // U+014C
    { 0x014D, 37 }, // U+014D
    { 0x014E, 24 }, // U+014E
    { 0x014F, 37 }, // U+014F
    { 0x0150, 24 }, // U+0150
    { 0x0151, 37 }, // U+0151
    { 0x0152, 18 }, // U+0152
    { 0x0153, 40 }, // U+0153
    { 0x0154, 27 }, // U+0154
    { 0x0155, 46 }, // U+0155
    { 0x0156, 27 }, // U+0156
    { 0x0157, 46 }, // U+0157
    { 0x0158, 27 }, // U+0158
    { 0x0159, 46 }, // U+0159
    { 0x015A, 28 }, // U+015A
    { 0x015B, 47 }, // U+015B
    { 0x015C, 28 }, // U+015C
    { 0x015D, 47 }, // U+015D
    { 0x015E, 28 }, // U+015E
    { 0x015F, 47 }, // U+015F
    { 0x0160, 28 }, // U+0160
    { 0x0161, 47 }, // U+0161
    { 0x0162, 29 }, // U+0162
    { 0x0163, 48 }, // U+0163
    { 0x0164, 29 }, // U+0164
    { 0x0165, 54 }, // U+0165
    { 0x0166, 29 }, // U+0166
    { 0x0167, 48 }, // U+0167
    { 0x0168, 30 }, // U+0168
    { 0x0169, 42 }, // U+0169
    { 0x016A, 30 }, // U+016A
    { 0x016B, 42 }, // U+016B
    { 0x016C, 30 }, // U+016C
    { 0x016D, 42 }, // U+016D
    { 0x016E, 30 }, // U+016E
    { 0x016F, 42 }, // U+016F
    { 0x0170, 30 }, // U+0170
    { 0x0171, 42 }, // U+0171
    { 0x0172, 30 }, // U+0172
    { 0x0173, 42 }, // U+0173
    { 0x0174, 32 }, // U+0174
    { 0x0175, 50 }, // U+0175
    { 0x0176, 34 }, // U+0176
    { 0x0177, 42 }, // U+0177
    { 0x0178, 34 }, // U+0178
    { 0x0179, 35 }, // U+0179
    { 0x017A, 52 }, // U+017A
    { 0x017B, 35 }, // U+017B
    { 0x017C, 52 }, // U+017C
    { 0x017D, 35 }, // U+017D
    { 0x017E, 52 }, // U+017E
    { 0x01AF, 30 }, // U+01AF
    { 0x01CD, 14 }, // U+01CD
    { 0x01CE, 36 }, // U+01CE
    { 0x01D1, 24 }, // U+01D1
    { 0x01D2, 37 }, // U+01D2
    { 0x01D3, 30 }, // U+01D3
    { 0x01D4, 42 }, // U+01D4
    { 0x01D5, 30 }, // U+01D5
    { 0x01D6, 42 }, // U+01D6
    { 0x01D7, 30 }, // U+01D7
    { 0x01D8, 42 }, // U+01D8
    { 0x01D9, 30 }, // U+01D9
    { 0x01DA, 42 }, // U+01DA
    { 0x01DB, 30 }, // U+01DB
    { 0x01DC, 42 }, // U+01DC
    { 0x01E6, 20 }, // U+01E6
    { 0x01E7, 42 }, // U+01E7
    { 0x01FA, 14 }, // U+01FA
    { 0x01FB, 36 }, // U+01FB
    { 0x01FD, 40 }, // U+01FD
    { 0x01FE, 24 }, // U+01FE
    { 0x01FF, 37 }, // U+01FF
    { 0x0218, 28 }, // U+0218
    { 0x0219, 47 }, // U+0219
    { 0x021A, 29 }, // U+021A
    { 0x021B, 48 }, // U+021B
    { 0x0E40, 55 }, // U+0E40
    { 0x0E41, 55 }, // U+0E41
    { 0x0E42, 56 }, // U+0E42
    { 0x0E43, 57 }, // U+0E43
    { 0x0E44, 56 }, // U+0E44
    { 0x1EA0, 14 }, // U+1EA0
    { 0x1EA1, 36 }, // U+1EA1
    { 0x1EA2, 14 }, // U+1EA2
    { 0x1EA3, 36 }, // U+1EA3
    { 0x1EA4, 14 }, // U+1EA4
    { 0x1EA5, 36 }, // U+1EA5
    { 0x1EA6, 14 }, // U+1EA6
    { 0x1EA7, 36 }, // U+1EA7
    { 0x1EA8, 14 }, // U+1EA8
    { 0x1EA9, 36 }, // U+1EA9
    { 0x1EAA, 14 }, // U+1EAA
    { 0x1EAB, 36 }, // U+1EAB
    { 0x1EAC, 14 }, // U+1EAC
    { 0x1EAD, 36 }, // U+1EAD
    { 0x1EAE, 14 }, // U+1EAE
    { 0x1EAF, 36 }, // U+1EAF
    { 0x1EB0, 14 }, // U+1EB0
    { 0x1EB1, 36 }, // U+1EB1
    { 0x1EB2, 14 }, // U+1EB2
    { 0x1EB3, 36 }, // U+1EB3
    { 0x1EB4, 14 }, // U+1EB4
    { 0x1EB5, 36 }, // U+1EB5
    { 0x1EB6, 14 }, // U+1EB6
    { 0x1EB7, 36 }, // U+1EB7
    { 0x1EB8, 18 }, // U+1EB8
    { 0x1EB9, 40 }, // U+1EB9
    { 0x1EBA, 18 }, // U+1EBA
    { 0x1EBB, 40 }, // U+1EBB
    { 0x1EBC, 18 }, // U+1EBC
    { 0x1EBD, 40 }, // U+1EBD
    { 0x1EBE, 18 }, // U+1EBE
    { 0x1EBF, 40 }, // U+1EBF
    { 0x1EC0, 18 }, // U+1EC0
    { 0x1EC1, 40 }, // U+1EC1
    { 0x1EC2, 18 }, // U+1EC2
    { 0x1EC3, 40 }, // U+1EC3
    { 0x1EC4, 18 }, // U+1EC4
    { 0x1EC5, 40 }, // U+1EC5
    { 0x1EC6, 18 }, // U+1EC6
    { 0x1EC7, 40 }, // U+1EC7
    { 0x1ECC, 24 }, // U+1ECC
    { 0x1ECD, 37 }, // U+1ECD
    { 0x1ECE, 24 }, // U+1ECE
    { 0x1ECF, 37 }, // U+1ECF
    { 0x1ED0, 24 }, // U+1ED0
    { 0x1ED1, 37 }, // U+1ED1
    { 0x1ED2, 24 }, // U+1ED2
    { 0x1ED3, 37 }, // U+1ED3
    { 0x1ED4, 24 }, // U+1ED4
    { 0x1ED5, 37 }, // U+1ED5
    { 0x1ED6, 24 }, // U+1ED6
    { 0x1ED7, 37 }, // U+1ED7
    { 0x1ED8, 24 }, // U+1ED8
    { 0x1ED9, 37 }, // U+1ED9
    { 0x1EDA, 24 }, // U+1EDA
    { 0x1EDB, 37 }, // U+1EDB
    { 0x1EDC, 24 }, // U+1EDC
    { 0x1EDD, 37 }, // U+1EDD
    { 0x1EDE, 24 }, // U+1EDE
    { 0x1EDF, 37 }, // U+1EDF
    { 0x1EE0, 24 }, // U+1EE0
    { 0x1EE1, 37 }, // U+1EE1
    { 0x1EE2, 24 }, // U+1EE2
    { 0x1EE3, 37 }, // U+1EE3
    { 0x1EE4, 30 }, // U+1EE4
    { 0x1EE5, 42 }, // U+1EE5
    { 0x1EE6, 30 }, // U+1EE6
    { 0x1EE7, 42 }, // U+1EE7
    { 0x1EE8, 30 }, // U+1EE8
    { 0x1EEA, 30 }, // U+1EEA
    { 0x1EEC, 30 }, // U+1EEC
    { 0x1EEE, 30 }, // U+1EEE
    { 0x1EF0, 30 }, // U+1EF0
    { 0x1EF2, 34 }, // U+1EF2
    { 0x1EF3, 42 }, // U+1EF3
    { 0x1EF4, 34 }, // U+1EF4
    { 0x1EF5, 42 }, // U+1EF5
    { 0x1EF6, 34 }, // U+1EF6
    { 0x1EF7, 42 }, // U+1EF7
    { 0x1EF8, 34 }, // U+1EF8
    { 0x1EF9, 42 }, // U+1EF9
    { 0x2010, 2 }, // U+2010
    { 0x2012, 2 }, // U+2012
    { 0x2013, 2 }, // U+2013
    { 0x2014, 2 }, // U+2014
    { 0x2015, 2 }, // U+2015
    { 0x2018, 58 }, // U+2018
    { 0x2019, 54 }, // U+2019
    { 0x201A, 1 }, // U+201A
    { 0x201C, 58 }, // U+201C
    { 0x201D, 54 }, // U+201D
    { 0x201E, 1 }, // U+201E
    { 0x2026, 3 }, // U+2026
};

static const EpdKernClassEntry baijamjuree_22_regularKernRightClasses[] = {
    { 0x002C, 1 }, // ,
    { 0x002D, 2 }, // -
    { 0x002E, 3 }, // .
    { 0x002F, 4 }, // /
    { 0x0030, 5 }, // 0
    { 0x0031, 6 }, // 1
    { 0x0032, 7 }, // 2
    { 0x0033, 8 }, // 3
    { 0x0034, 9 }, // 4
    { 0x0035, 10 }, // 5
    { 0x0036, 11 }, // 6
    { 0x0037, 12 }, // 7
    { 0x0038, 13 }, // 8
    { 0x0039, 14 }, // 9
    { 0x0041, 15 }, // A
    { 0x0042, 16 }, // B
    { 0x0043, 17 }, // C
    { 0x0044, 18 }, // D
    { 0x0045, 18 }, // E
    { 0x0047, 17 }, // G
    { 0x004A, 19 }, // J
    { 0x004C, 16 }, // L
    { 0x004F, 17 }, // O
    { 0x0051, 17 }, // Q
    { 0x0053, 20 }, // S
    { 0x0054, 21 }, // T
    { 0x0055, 22 }, // U
    { 0x0056, 23 }, // V
    { 0x0057, 24 }, // W
    { 0x0058, 25 }, // X
    { 0x0059, 26 }, // Y
    { 0x005A, 27 }, // Z
    { 0x0061, 28 }, // a
    { 0x0062, 29 }, // b
    { 0x0063, 30 }, // c
    { 0x0064, 30 }, // d
    { 0x0065, 30 }, // e
    { 0x0066, 31 }, // f
    { 0x0067, 30 }, // g
    { 0x0068, 32 }, // h
    { 0x0069, 33 }, // i
    { 0x006A, 33 }, // j
    { 0x006B, 32 }, // k
    { 0x006C, 34 }, // l
    { 0x006D, 35 }, // m
    { 0x006E, 35 }, // n
    { 0x006F, 30 }, // o
    { 0x0070, 35 }, // p
    { 0x0071, 30 }, // q
    { 0x0072, 35 }, // r
    { 0x0073, 36 }, // s
    { 0x0074, 37 }, // t
    { 0x0075, 38 }, // u
    { 0x0076, 39 }, // v
    { 0x0077, 40 }, // w
    { 0x0078, 41 }, // x
    { 0x0079, 38 }, // y
    { 0x007A, 42 }, // z
    { 0x00AD, 2 }, // U+00AD
    { 0x00C0, 15 }, // U+00C0
    { 0x00C1, 15 }, // U+00C1
    { 0x00C2, 15 }, // U+00C2
    { 0x00C3, 15 }, // U+00C3
    { 0x00C4, 15 }, // U+00C4
    { 0x00C5, 15 }, // U+00C5
    { 0x00C6, 15 }, // U+00C6
    { 0x00C7, 17 }, // U+00C7
    { 0x00C8, 18 }, // U+00C8
    { 0x00C9, 18 }, // U+00C9
    { 0x00CA, 18 }, // U+00CA
    { 0x00CB, 18 }, // U+00CB
    { 0x00D2, 17 }, // U+00D2
    { 0x00D3, 17 }, // U+00D3
    { 0x00D4, 17 }, // U+00D4
    { 0x00D5, 17 }, // U+00D5
    { 0x00D6, 17 }, // U+00D6
    { 0x00D8, 17 }, // U+00D8
    { 0x00D9, 22 }, // U+00D9
    { 0x00DA, 22 }, // U+00DA
    { 0x00DB, 22 }, // U+00DB
    { 0x00DC, 22 }, // U+00DC
    { 0x00DD, 26 }, // U+00DD
    { 0x00E0, 28 }, // U+00E0
    { 0x00E1, 28 }, // U+00E1
    { 0x00E2, 28 }, // U+00E2
    { 0x00E3, 28 }, // U+00E3
    { 0x00E4, 28 }, // U+00E4
    { 0x00E5, 28 }, // U+00E5
    { 0x00E6, 28 }, // U+00E6
    { 0x00E7, 30 }, // U+00E7
    { 0x00E8, 30 }, // U+00E8
    { 0x00E9, 30 }, // U+00E9
    { 0x00EA, 30 }, // U+00EA
    { 0x00EB, 30 }, // U+00EB
    { 0x00F1, 35 }, // U+00F1
    { 0x00F2, 30 }, // U+00F2
    { 0x00F3, 30 }, // U+00F3
    { 0x00F4, 30 }, // U+00F4
    { 0x00F5, 30 }, // U+00F5
    { 0x00F6, 30 }, // U+00F6
    { 0x00F8, 30 }, // U+00F8
    { 0x00F9, 38 }, // U+00F9
    { 0x00FA, 38 }, // U+00FA
    { 0x00FB, 38 }, // U+00FB
    { 0x00FC, 38 }, // U+00FC
    { 0x00FD, 38 }, // U+00FD
    { 0x00FF, 38 }, // U+00FF
    { 0x0100, 15 }, // U+0100
    { 0x0101, 28 }, // U+0101
    { 0x0102, 15 }, // U+0102
    { 0x0103, 28 }, // U+0103
    { 0x0104, 15 }, // U+0104
    { 0x0105, 28 }, // U+0105
    { 0x0106, 17 }, // U+0106
    { 0x0107, 30 }, // U+0107
    { 0x0108, 17 }, // U+0108
    { 0x0109, 30 }, // U+0109
    { 0x010A, 17 }, // U+010A
    { 0x010B, 30 }, // U+010B
    { 0x010C, 17 }, // U+010C
    { 0x010D, 30 }, // U+010D
    { 0x010F, 30 }, // U+010F
    { 0x0111, 30 }, // U+0111
    { 0x0112, 18 }, // U+0112
    { 0x0113, 30 }, // U+0113
    { 0x0114, 18 }, // U+0114
    { 0x0115, 30 }, // U+0115
    { 0x0116, 18 }, // U+0116
    { 0x0117, 30 }, // U+0117
    { 0x0118, 18 }, // U+0118
    { 0x0119, 30 }, // U+0119
    { 0x011A, 18 }, // U+011A
    { 0x011B, 30 }, // U+011B
    { 0x011C, 17 }, // U+011C
    { 0x011D, 30 }, // U+011D
    { 0x011E, 17 }, // U+011E
    { 0x011F, 30 }, // U+011F
    { 0x0120, 17 }, // U+0120
    { 0x0121, 30 }, // U+0121
    { 0x0122, 17 }, // U+0122
    { 0x0123, 30 }, // U+0123
    { 0x0139, 18 }, // U+0139
    { 0x013A, 34 }, // U+013A
    { 0x013B, 18 }, // U+013B
    { 0x013C, 34 }, // U+013C
    { 0x013D, 18 }, // U+013D
    { 0x013E, 34 }, // U+013E
    { 0x013F, 18 }, // U+013F
    { 0x0140, 34 }, // U+0140
    { 0x0144, 35 }, // U+0144
    { 0x0146, 35 }, // U+0146
    { 0x0148, 35 }, // U+0148
    { 0x0149, 35 }, // U+0149
    { 0x014B, 35 }, // U+014B
    { 0x014C, 17 }, // U+014C
    { 0x014D, 30 }, // U+014D
    { 0x014E, 17 }, // U+014E
    { 0x014F, 30 }, // U+014F
    { 0x0150, 17 }, // U+0150
    { 0x0151, 30 }, // U+0151
    { 0x0152, 17 }, // U+0152
    { 0x0153, 30 }, // U+0153
    { 0x0155, 35 }, // U+0155
    { 0x0157, 35 }, // U+0157
    { 0x0159, 35 }, // U+0159
    { 0x015A, 20 }, // U+015A
    { 0x015B, 36 }, // U+015B
    { 0x015C, 20 }, // U+015C
    { 0x015D, 36 }, // U+015D
    { 0x015E, 20 }, // U+015E
    { 0x015F, 36 }, // U+015F
    { 0x0160, 20 }, // U+0160
    { 0x0161, 36 }, // U+0161
    { 0x0162, 21 }, // U+0162
    { 0x0163, 37 }, // U+0163
    { 0x0164, 21 }, // U+0164
    { 0x0165, 37 }, // U+0165
    { 0x0166, 21 }, // U+0166
    { 0x0167, 37 }, // U+0167
    { 0x0168, 22 }, // U+0168
    { 0x0169, 38 }, // U+0169
    { 0x016A, 22 }, // U+016A
    { 0x016B, 38 }, // U+016B
    { 0x016C, 22 }, // U+016C
    { 0x016D, 38 }, // U+016D
    { 0x016E, 22 }, // U+016E
    { 0x016F, 38 }, // U+016F
    { 0x0170, 22 }, // U+0170
    { 0x0171, 38 }, // U+0171
    { 0x0172, 22 }, // U+0172
    { 0x0173, 38 }, // U+0173
    { 0x0174, 24 }, // U+0174
    { 0x0175, 40 }, // U+0175
    { 0x0176, 26 }, // U+0176
    { 0x0177, 38 }, // U+0177
    { 0x0178, 26 }, // U+0178
    { 0x0179, 27 }, // U+0179
    { 0x017A, 42 }, // U+017A
    { 0x017B, 27 }, // U+017B
    { 0x017C, 42 }, // U+017C
    { 0x017D, 27 }, // U+017D
    { 0x017E, 42 }, // U+017E
    { 0x01A0, 17 }, // U+01A0
    { 0x01A1, 30 }, // U+01A1
    { 0x01AF, 22 }, // U+01AF
    { 0x01B0, 38 }, // U+01B0
    { 0x01CD, 15 }, // U+01CD
    { 0x01CE, 28 }, // U+01CE
    { 0x01D1, 17 }, // U+01D1
    { 0x01D2, 30 }, // U+01D2
    { 0x01D3, 22 }, // U+01D3
    { 0x01D4, 38 }, // U+01D4
    { 0x01D5, 22 }, // U+01D5
    { 0x01D6, 38 }, // U+01D6
    { 0x01D7, 22 }, // U+01D7
    { 0x01D8, 38 }, // U+01D8
    { 0x01D9, 22 }, // U+01D9
    { 0x01DA, 38 }, // U+01DA
    { 0x01DB, 22 }, // U+01DB
    { 0x01DC, 38 }, // U+01DC
    { 0x01E6, 17 }, // U+01E6
    { 0x01E7, 30 }, // U+01E7
    { 0x01FA, 15 }, // U+01FA
    { 0x01FB, 28 }, // U+01FB
    { 0x01FC, 15 }, // U+01FC
    { 0x01FD, 28 }, // U+01FD
    { 0x01FE, 17 }, // U+01FE
    { 0x01FF, 30 }, // U+01FF
    { 0x0218, 20 }, // U+0218
    { 0x0219, 36 }, // U+0219
    { 0x021A, 21 }, // U+021A
    { 0x021B, 37 }, // U+021B
    { 0x0E01, 43 }, // U+0E01
    { 0x0E02, 44 }, // U+0E02
    { 0x0E03, 45 }, // U+0E03
    { 0x0E06, 46 }, // U+0E06
    { 0x0E07, 47 }, // U+0E07
    { 0x0E08, 48 }, // U+0E08
    { 0x0E09, 49 }, // U+0E09
    { 0x0E0A, 44 }, // U+0E0A
    { 0x0E0B, 45 }, // U+0E0B
    { 0x0E0C, 43 }, // U+0E0C
    { 0x0E0D, 43 }, // U+0E0D
    { 0x0E10, 50 }, // U+0E10
    { 0x0E11, 51 }, // U+0E11
    { 0x0E13, 43 }, // U+0E13
    { 0x0E16, 43 }, // U+0E16
    { 0x0E17, 52 }, // U+0E17
    { 0x0E18, 53 }, // U+0E18
    { 0x0E19, 52 }, // U+0E19
    { 0x0E1A, 52 }, // U+0E1A
    { 0x0E1B, 52 }, // U+0E1B
    { 0x0E1E, 52 }, // U+0E1E
    { 0x0E1F, 52 }, // U+0E1F
    { 0x0E23, 54 }, // U+0E23
    { 0x0E24, 43 }, // U+0E24
    { 0x0E27, 55 }, // U+0E27
    { 0x0E29, 52 }, // U+0E29
    { 0x0E2B, 52 }, // U+0E2B
    { 0x0E2C, 52 }, // U+0E2C
    { 0x0E2D, 56 }, // U+0E2D
    { 0x0E2E, 57 }, // U+0E2E
    { 0x1EA0, 15 }, // U+1EA0
    { 0x1EA1, 28 }, // U+1EA1
    { 0x1EA2, 15 }, // U+1EA2
    { 0x1EA3, 28 }, // U+1EA3
    { 0x1EA4, 15 }, // U+1EA4
    { 0x1EA5, 28 }, // U+1EA5
    { 0x1EA6, 15 }, // U+1EA6
    { 0x1EA7, 28 }, // U+1EA7
    { 0x1EA8, 15 }, // U+1EA8
    { 0x1EA9, 28 }, // U+1EA9
    { 0x1EAA, 15 }, // U+1EAA
    { 0x1EAB, 28 }, // U+1EAB
    { 0x1EAC, 15 }, // U+1EAC
    { 0x1EAD, 28 }, // U+1EAD
    { 0x1EAE, 15 }, // U+1EAE
    { 0x1EAF, 28 }, // U+1EAF
    { 0x1EB0, 15 }, // U+1EB0
    { 0x1EB1, 28 }, // U+1EB1
    { 0x1EB2, 15 }, // U+1EB2
    { 0x1EB3, 28 }, // U+1EB3
    { 0x1EB4, 15 }, // U+1EB4
    { 0x1EB5, 28 }, // U+1EB5
    { 0x1EB6, 15 }, // U+1EB6
    { 0x1EB7, 28 }, // U+1EB7
    { 0x1EB8, 18 }, // U+1EB8
    { 0x1EB9, 30 }, // U+1EB9
    { 0x1EBA, 18 }, // U+1EBA
    { 0x1EBB, 30 }, // U+1EBB
    { 0x1EBC, 18 }, // U+1EBC
    { 0x1EBD, 30 }, // U+1EBD
    { 0x1EBE, 18 }, // U+1EBE
    { 0x1EBF, 30 }, // U+1EBF
    { 0x1EC0, 18 }, // U+1EC0
    { 0x1EC1, 30 }, // U+1EC1
    { 0x1EC2, 18 }, // U+1EC2
    { 0x1EC3, 30 }, // U+1EC3
    { 0x1EC4, 18 }, // U+1EC4
    { 0x1EC5, 30 }, // U+1EC5
    { 0x1EC6, 18 }, // U+1EC6
    { 0x1EC7, 30 }, // U+1EC7
    { 0x1ECC, 17 }, // U+1ECC
    { 0x1ECD, 30 }, // U+1ECD
    { 0x1ECE, 17 }, // U+1ECE
    { 0x1ECF, 30 }, // U+1ECF
    { 0x1ED0, 17 }, // U+1ED0
    { 0x1ED1, 30 }, // U+1ED1
    { 0x1ED2, 17 }, // U+1ED2
    { 0x1ED3, 30 }, // U+1ED3
    { 0x1ED4, 17 }, // U+1ED4
    { 0x1ED5, 30 }, // U+1ED5
    { 0x1ED6, 17 }, // U+1ED6
    { 0x1ED7, 30 }, // U+1ED7
    { 0x1ED8, 17 }, // U+1ED8
    { 0x1ED9, 30 }, // U+1ED9
    { 0x1EDA, 17 }, // U+1EDA
    { 0x1EDB, 30 }, // U+1EDB
    { 0x1EDC, 17 }, // U+1EDC
    { 0x1EDD, 30 }, // U+1EDD
    { 0x1EDE, 17 }, // U+1EDE
    { 0x1EDF, 30 }, // U+1EDF
    { 0x1EE0, 17 }, // U+1EE0
    { 0x1EE1, 30 }, // U+1EE1
    { 0x1EE2, 17 }, // U+1EE2
    { 0x1EE3, 30 }, // U+1EE3
    { 0x1EE4, 22 }, // U+1EE4
    { 0x1EE5, 38 }, // U+1EE5
    { 0x1EE6, 22 }, // U+1EE6
    { 0x1EE7, 38 }, // U+1EE7
    { 0x1EE8, 22 }, // U+1EE8
    { 0x1EE9, 38 }, // U+1EE9
    { 0x1EEA, 22 }, // U+1EEA
    { 0x1EEB, 38 }, // U+1EEB
    { 0x1EEC, 22 }, // U+1EEC
    { 0x1EED, 38 }, // U+1EED
    { 0x1EEE, 22 }, // U+1EEE
    { 0x1EEF, 38 }, // U+1EEF
    { 0x1EF0, 22 }, // U+1EF0
    { 0x1EF1, 38 }, // U+1EF1
    { 0x1EF2, 26 }, // U+1EF2
    { 0x1EF3, 38 }, // U+1EF3
    { 0x1EF4, 26 }, // U+1EF4
    { 0x1EF5, 38 }, // U+1EF5
    { 0x1EF6, 26 }, // U+1EF6
    { 0x1EF7, 38 }, // U+1EF7
    { 0x1EF8, 26 }, // U+1EF8
    { 0x1EF9, 38 }, // U+1EF9
    { 0x2010, 2 }, // U+2010
    { 0x2012, 2 }, // U+2012
    { 0x2013, 2 }, // U+2013
    { 0x2014, 2 }, // U+2014
    { 0x2015, 2 }, // U+2015
    { 0x2018, 58 }, // U+2018
    { 0x2019, 59 }, // U+2019
    { 0x201A, 1 }, // U+201A
    { 0x201C, 58 }, // U+201C
    { 0x201D, 59 }, // U+201D
    { 0x201E, 1 }, // U+201E
    { 0x2026, 3 }, // U+2026
};

static const int8_t baijamjuree_22_regularKernMatrix[] = {
       0,    0,    0,    0,  -12,  -41,    0,    0,  -12,    0,  -12,  -34,   -4,   -4,    0,    0,  -12,    0,    0,  -12,  -63,    0,  -63,  -12,    0,  -78,    0,    0,    0,    0,  -19,    0,    0,   -4,    0,    0,  -34,  -16,  -41,  -19,    0,    0,    0,    0,    0,    0,    0,    0,    0,    0,    0,    0,    0,    0,    0,    0,    0,    0,    0,
       0,    0,    0,    0,    0,    0,    0,    0,    0,    0,    0,  -41,    0,    0,    0,    0,    0,    0,    0,    0,  -45,    0,  -34,    0,  -26,  -45,  -19,    0,    0,    0,   -4,    0,    0,    0,    0,    0,    0,    0,    0,    0,  -12,  -12,    0,    0,    0,    0,    0,    0,    0,    0,    0,    0,    0,    0,    0,    0,    0,    0,    0,
       0,    0,    0,    0,  -19,  -41,    0,  -12,  -12,  -12,  -19,  -26,  -12,  -19,    0,   -4,  -19,   -4,    0,    0,  -78,    0,  -70,  -19,    0,  -85,    0,   -9,    0,  -12,  -31,    0,    0,  -12,    0,    0,  -38,  -26,  -48,  -23,    0,    0,    0,    0,    0,    0,    0,    0,    0,    0,    0,    0,    0,    0,    0,    0,    0,    0,    0,
       0,    0,    0,    0,    0,    0,    0,    0,    0,    0,    0,    0,    0,    0,  -92,    0,  -34,    0,  -56,    0,    0,    0,    0,    0,    0,    0,    0,  -53,    0,  -53,  -12,    0,    0,    0,  -19,  -45,  -19,  -38,    0,    0,    0,  -23,    0,    0,    0,    0,    0,    0,    0,    0,    0,    0,    0,    0,    0,    0,    0,    0,    0,
     -12,    0,  -19,    0,    0,    0,    0,    0,    0,    0,    0,  -16,    0,    0,    0,    0,    0,    0,    0,    0,    0,    0,    0,    0,    0,    0,    0,    0,    0,    0,    0,    0,    0,    0,    0,    0,    0,    0,    0,    0,    0,    0,    0,    0,    0,    0,    0,    0,    0,    0,    0,    0,    0,    0,    0,    0,    0,    0,    0,
       0,    0,    0,    0,    0,    0,    0,    0,  -26,    0,    0,    0,    0,    0,    0,    0,    0,    0,    0,    0,    0,    0,    0,    0,    0,    0,    0,    0,    0,    0,    0,    0,    0,    0,    0,    0,    0,    0,    0,    0,    0,    0,    0,    0,    0,    0,    0,    0,    0,    0,    0,    0,    0,    0,    0,    0,    0,    0,    0,
     -19,    0,  -12,    0,    0,    0,    0,    0,    0,    0,    0,    0,    0,    0,    0,    0,    0,    0,    0,    0,    0,    0,    0,    0,    0,    0,    0,    0,    0,    0,    0,    0,    0,    0,    0,    0,    0,    0,    0,    0,    0,    0,    0,    0,    0,    0,    0,    0,    0,    0,    0,    0,    0,    0,    0,    0,    0,    0,    0,
       0,    0,  -12,    0,    0,    0,    0,    0,    0,    0,    0,    0,    0,    0,    0,    0,    0,    0,    0,    0,    0,    0,    0,    0,    0,    0,    0,    0,    0,    0,    0,    0,    0,    0,    0,    0,    0,    0,    0,    0,    0,    0,    0,    0,    0,    0,    0,    0,    0,    0,    0,    0,    0,    0,    0,    0,    0,    0,    0,
     -19,    0,  -12,    0,    0,  -12,    0,    0,    0,    0,    0,    0,    0,    0,    0,    0,    0,    0,    0,    0,    0,    0,    0,    0,    0,    0,    0,    0,    0,    0,    0,    0,    0,    0,    0,    0,    0,    0,    0,    0,    0,    0,    0,    0,    0,    0,    0,    0,    0,    0,    0,    0,    0,    0,    0,    0,    0,    0,    0,
     -19,    0,  -19,    0,    0,    0,    0,    0,    0,    0,    0,  -13,    0,    0,    0,    0,    0,    0,    0,    0,    0,    0,    0,    0,    0,    0,    0,    0,    0,    0,    0,    0,    0,    0,    0,    0,    0,    0,    0,    0,    0,    0,    0,    0,    0,    0,    0,    0,    0,    0,    0,    0,    0,    0,    0,    0,    0,    0,    0,
     -63,  -26,  -41,    0,  -12,    0,    0,    0,  -48,    0,  -12,    0,  -10,    0,    0,    0,    0,    0,    0,    0,    0,    0,    0,    0,    0,    0,    0,    0,    0,    0,    0,    0,    0,    0,    0,    0,    0,    0,    0,    0,    0,    0,    0,    0,    0,    0,    0,    0,    0,    0,    0,    0,    0,    0,    0,    0,    0,    0,    0,
     -19,    0,  -12,    0,    0,   -9,    0,    0,    0,    0,    0,  -15,    0,    0,    0,    0,    0,    0,    0,    0,    0,    0,    0,    0,    0,    0,    0,    0,    0,    0,    0,    0,    0,    0,    0,    0,    0,    0,    0,    0,    0,    0,    0,    0,    0,    0,    0,    0,    0,    0,    0,    0,    0,    0,    0,    0,    0,    0,    0,
     -19,    0,  -19,    0,    0,   -9,    0,    0,    0,    0,    0,  -19,    0,    0,    0,    0,    0,    0,    0,    0,    0,    0,    0,    0,    0,    0,    0,    0,    0,    0,    0,    0,    0,    0,    0,    0,    0,    0,    0,    0,    0,    0,    0,    0,    0,    0,    0,    0,    0,    0,    0,    0,    0,    0,    0,    0,    0,    0,    0,
       0,    0,    0,    0,    0,  -23,    0,    0,    0,    0,    0,    0,    0,    0,    0,   -9,  -16,   -4,    0,  -13,  -73,  -19,  -67,  -37,    0,  -75,    0,    0,    0,  -12,  -23,    0,    0,  -19,    0,    0,  -31,   -7,  -34,  -26,    0,    0,    0,    0,    0,    0,    0,    0,    0,    0,    0,    0,    0,    0,    0,    0,    0,  -56,  -56,
       0,    0,    0,    0,    0,    0,    0,    0,    0,    0,    0,    0,    0,    0,   -9,    0,    0,    0,    0,    0,  -16,    0,  -15,   -7,   -9,  -23,   -9,    0,    0,    0,    0,    0,    0,    0,    0,    0,    0,    0,    0,    0,    0,    0,    0,    0,    0,    0,    0,    0,    0,    0,    0,    0,    0,    0,    0,    0,    0,    0,    0,
     -12,    0,  -12,    0,    0,    0,    0,    0,    0,    0,    0,    0,    0,    0,  -15,    0,    0,    0,    0,    0,   -9,    0,    0,    0,   -9,  -12,   -9,    0,    0,    0,    0,    0,    0,    0,    0,    0,    0,    0,    0,    0,    0,    0,    0,    0,    0,    0,    0,    0,    0,    0,    0,    0,    0,    0,    0,    0,    0,    0,   16,
     -12,    0,  -16,  -19,    0,    0,    0,    0,    0,    0,    0,    0,    0,    0,  -12,    0,    0,    0,    0,    0,  -23,    0,  -15,   -9,  -22,  -22,  -12,    0,    0,    0,    0,    0,    0,    0,    0,    0,    0,    0,    0,    0,    0,    0,    0,    0,    0,    0,    0,    0,    0,    0,    0,    0,    0,    0,    0,    0,    0,    0,    0,
       0,    0,    0,    0,    0,    0,    0,    0,    0,    0,    0,    0,    0,    0,    0,    0,   -4,    0,    0,    0,    0,    0,    0,    0,    0,    0,    0,   -7,    0,    0,    0,    0,    0,    0,    0,    0,    0,    0,    0,    0,    0,    0,    0,    0,    0,    0,    0,    0,    0,    0,    0,    0,    0,    0,    0,    0,    0,    0,   15,
     -78,    0,  -70,  -63,    0,    0,    0,    0,    0,    0,    0,    0,    0,    0,  -54,    0,  -15,    0,  -63,  -12,    0,    0,    0,    0,    0,    0,    0,  -29,    0,  -29,    0,    0,    0,    0,  -29,    0,  -15,  -26,  -13,  -16,  -23,  -23,    0,    0,    0,    0,    0,    0,    0,    0,    0,    0,    0,    0,    0,    0,    0,    0,    0,
     -12,    0,  -19,  -19,    0,    0,    0,    0,    0,    0,    0,    0,    0,    0,  -19,    0,    0,    0,    0,    0,  -19,    0,  -12,    0,  -19,  -22,  -16,    0,    0,    0,   -4,    0,    0,    0,    0,    0,    0,    0,    0,    0,   -9,    0,    0,    0,    0,    0,    0,    0,    0,    0,    0,    0,    0,    0,    0,    0,    0,    0,    0,
       0,    0,  -19,    0,    0,    0,    0,    0,    0,    0,    0,    0,    0,    0,  -22,    0,    0,    0,    0,    0,    0,    0,    0,    0,    0,    0,    0,    0,    0,    0,    0,    0,    0,    0,    0,    0,    0,    0,    0,    0,    0,    0,    0,    0,    0,    0,    0,    0,    0,    0,    0,    0,    0,    0,    0,    0,    0,    0,    0,
       0,  -41,    0,    0,    0,    0,    0,    0,    0,    0,    0,    0,    0,    0,    0,   -9,  -31,   -9,  -19,  -26,   -9,    0,    0,    0,    0,   -9,    0,  -26,    0,  -26,  -34,    0,    0,  -19,  -12,  -19,  -31,  -19,  -45,  -34,    0,    0,    0,    0,    0,    0,    0,    0,    0,    0,    0,    0,    0,    0,    0,    0,    0,    0,    0,
       0,  -19,    0,    0,    0,    0,    0,    0,    0,    0,    0,    0,    0,    0,    0,    0,  -19,    0,    0,  -12,  -70,  -16,  -63,  -31,    0,  -70,    0,    0,    0,   -9,  -26,    0,    0,    0,    0,   -4,  -26,    0,  -38,  -26,    0,    0,    0,    0,    0,    0,    0,    0,    0,    0,    0,    0,    0,    0,    0,    0,    0,    0,  -19,
     -12,    0,  -19,  -19,    0,    0,    0,    0,    0,    0,    0,    0,    0,    0,  -16,    0,    0,    0,    0,    0,  -23,    0,  -15,   -4,  -19,  -22,  -19,    0,    0,    0,    0,    0,    0,    0,    0,    0,    0,    0,    0,    0,    0,    0,    0,    0,    0,    0,    0,    0,    0,    0,    0,    0,    0,    0,    0,    0,    0,    0,    0,
     -56,    0,  -70,    0,    0,    0,    0,    0,    0,    0,    0,    0,    0,    0,  -48,    0,    0,    0,  -56,    0,   -9,    0,    0,    0,  -16,    0,  -16,   -9,    0,   -4,    0,    0,    0,    0,    0,    0,    0,    0,    0,    0,    0,    0,    0,    0,    0,    0,    0,    0,    0,    0,    0,    0,    0,    0,    0,    0,    0,    0,   19,
       0,    0,    0,    0,    0,    0,    0,    0,    0,    0,    0,    0,    0,    0,   -9,    0,    0,    0,    0,    0,  -23,    0,  -15,   -4,   -9,  -22,  -12,    0,    0,    0,   -4,    0,    0,    0,    0,    0,    0,    0,    0,    0,    0,    0,    0,    0,    0,    0,    0,    0,    0,    0,    0,    0,    0,    0,    0,    0,    0,    0,   -4,
       0,    0,    0,    0,    0,    0,    0,    0,    0,    0,    0,    0,    0,    0,    0,    0,   -3,    0,    0,    0,   -9,    0,    0,    0,    0,   -7,    0,    0,    0,    0,    0,    0,    0,    0,    0,    0,    0,    0,    0,    0,    0,    0,    0,    0,    0,    0,    0,    0,    0,    0,    0,    0,    0,    0,    0,    0,    0,    0,    0,
     -12,    0,    0,    0,    0,    0,    0,    0,    0,    0,    0,    0,    0,    0,  -13,    0,    0,    0,    0,    0,  -12,    0,   -4,    0,   -9,  -15,  -12,    0,    0,    0,    0,    0,    0,    0,    0,    0,    0,    0,   -4,    0,   -4,   -4,    0,    0,    0,    0,    0,    0,    0,    0,    0,    0,    0,    0,    0,    0,    0,    0,    0,
     -63,  -45,  -78,  -56,    0,    0,    0,   -4,  -26,    0,   -4,    0,   -4,   -4,  -73,    0,  -23,    0,  -67,  -12,    0,    0,    0,    0,    0,    0,    0,  -85,    0,  -85,  -56,    0,  -19,    0,  -78,  -78,  -48,  -78,  -67,  -67,  -63,  -78,    0,    0,    0,    0,    0,    0,    0,    0,    0,    0,    0,    0,    0,    0,    0,    0,    0,
       0,    0,    0,  -12,    0,    0,    0,    0,    0,    0,    0,    0,    0,    0,  -19,    0,    0,    0,    0,    0,    0,    0,    0,    0,    0,    0,   -9,    0,    0,    0,    0,    0,    0,    0,    0,    0,    0,    0,    0,    0,    0,    0,    0,    0,    0,    0,    0,    0,    0,    0,    0,    0,    0,    0,    0,    0,    0,    0,    0,
     -70,  -34,  -70,  -45,    0,    0,    0,    0,    0,    0,    0,    0,    0,    0,  -67,    0,  -15,    0,  -63,   -9,    0,    0,    0,    0,    0,    0,   -9,  -56,    0,  -56,  -26,    0,    0,    0,  -41,  -53,  -26,  -41,  -19,  -19,  -19,  -31,    0,    0,    0,    0,    0,    0,    0,    0,    0,    0,    0,    0,    0,    0,    0,    0,    0,
     -19,    0,  -19,  -41,    0,    0,    0,    0,    0,    0,    0,    0,    0,    0,  -37,    0,   -4,    0,  -26,    0,    0,    0,    0,    0,    0,    0,   -4,  -23,    0,  -26,  -12,    0,    0,    0,  -19,  -26,  -12,  -16,  -12,   -9,  -12,  -19,    0,    0,    0,    0,    0,    0,    0,    0,    0,    0,    0,    0,    0,    0,    0,    0,    0,
       0,  -26,    0,    0,    0,    0,    0,    0,    0,    0,    0,    0,    0,    0,    0,   -4,  -19,   -4,  -19,   -9,    0,    0,    0,    0,    0,    0,    0,  -26,    0,  -31,  -34,    0,    0,  -19,  -15,    0,  -34,  -26,  -34,  -26,    0,    0,    0,    0,    0,    0,    0,    0,    0,    0,    0,    0,    0,    0,    0,    0,    0,    0,    0,
     -85,  -45,  -85,  -78,    0,    0,    0,    0,    0,    0,    0,    0,    0,    0,  -75,    0,  -22,    0,  -70,  -15,    0,    0,    0,    0,    0,    0,   -9,  -78,  -12,  -78,  -56,   -4,  -19,    0,  -63,  -73,  -48,  -63,  -53,  -48,  -56,  -56,    0,    0,    0,    0,    0,    0,    0,    0,    0,    0,    0,    0,    0,    0,    0,    0,    0,
       0,  -19,    0,    0,    0,    0,    0,    0,    0,    0,    0,    0,    0,    0,    0,    0,  -19,    0,    0,  -12,    0,   -9,    0,   -4,    0,   -9,    0,  -31,   -4,  -31,  -34,   -4,    0,  -12,  -12,  -26,  -26,  -26,  -34,  -26,    0,    0,    0,    0,    0,    0,    0,    0,    0,    0,    0,    0,    0,    0,    0,    0,    0,    0,    0,
       0,    0,    0,    0,    0,    0,    0,    0,    0,    0,    0,    0,    0,    0,    0,    0,    0,    0,    0,    0,  -85,    0,  -51,  -23,  -19,  -78,  -19,    0,    0,    0,   -4,    0,    0,    0,    0,    0,    0,    0,   -3,    0,    0,   -4,    0,    0,    0,    0,    0,    0,    0,    0,    0,    0,    0,    0,    0,    0,    0,  -12,   -4,
     -12,    0,  -12,    0,    0,    0,    0,    0,    0,    0,    0,    0,    0,    0,  -12,    0,    0,    0,    0,    0,  -85,    0,  -56,  -26,  -34,  -78,  -31,    0,    0,    0,   -4,    0,    0,    0,    0,    0,   -4,    0,   -9,   -9,  -18,  -13,    0,    0,    0,    0,    0,    0,    0,    0,    0,    0,    0,    0,    0,    0,    0,    0,  -12,
       0,    0,  -12,    0,    0,    0,    0,    0,    0,    0,    0,    0,    0,    0,    0,    0,    0,    0,    0,    0,  -75,    0,  -48,  -22,  -26,  -75,  -26,    0,    0,    0,    0,    0,    0,    0,    0,    0,   -3,    0,    0,   -3,   -9,   -4,    0,    0,    0,    0,    0,    0,    0,    0,    0,    0,    0,    0,    0,    0,    0,    0,    0,
       0,    0,    0,    0,    0,    0,    0,    0,    0,    0,    0,    0,    0,    0,    0,    0,    0,    0,    0,    0,    0,    0,    0,    0,    0,  -12,   -4,    0,    0,    0,    0,    0,    0,    0,    0,    0,    0,    0,    0,    0,    0,    0,    0,    0,    0,    0,    0,    0,    0,    0,    0,    0,    0,    0,    0,    0,    0,    0,    0,
       0,    0,  -12,    0,    0,    0,    0,    0,    0,    0,    0,    0,    0,    0,    0,    0,    0,    0,    0,    0,  -78,    0,  -54,  -22,  -31,  -75,  -26,    0,    0,    0,   -4,    0,    0,    0,    0,    0,   -4,    0,    0,    0,  -12,  -10,    0,    0,    0,    0,    0,    0,    0,    0,    0,    0,    0,    0,    0,    0,    0,    0,    0,
     -41,  -19,  -41,    0,    0,    0,    0,    0,    0,    0,    0,    0,    0,    0,  -37,    0,   -4,    0,  -26,    0,    0,    0,    0,   -4,    0,    0,    0,  -19,    0,  -19,    0,    0,    0,    0,    0,   -9,    0,    0,    0,    0,    0,   -4,    0,    0,    0,    0,    0,    0,    0,    0,    0,    0,    0,    0,    0,    0,    0,    0,    0,
       0,    0,    0,    0,    0,    0,    0,    0,    0,    0,    0,    0,    0,    0,    0,    0,    0,    0,    0,    0,  -78,    0,  -41,  -23,  -19,  -67,  -19,    0,    0,    0,    0,    0,    0,    0,    0,    0,    0,    0,    0,    0,    0,    0,    0,    0,    0,    0,    0,    0,    0,    0,    0,    0,    0,    0,    0,    0,    0,    0,    0,
       0,    0,    0,    0,    0,    0,    0,    0,    0,    0,    0,    0,    0,    0,    0,    0,    0,    0,    0,    0,  -19,    0,    0,    0,    0,  -19,    0,    0,    0,    0,    0,    0,    0,    0,    0,    0,    0,    0,    0,    0,    0,    0,    0,    0,    0,    0,    0,    0,    0,    0,    0,    0,    0,    0,    0,    0,    0,    0,    0,
       0,  -34,    0,    0,    0,    0,    0,    0,    0,    0,    0,    0,    0,    0,    0,   -4,  -15,   -4,  -12,   -7,  -67,  -15,  -41,  -19,    0,  -41,    0,  -16,    0,  -19,    0,    0,    0,   -7,    0,  -12,    0,   -7,    0,    0,    0,    0,    0,    0,    0,    0,    0,    0,    0,    0,    0,    0,    0,    0,    0,    0,    0,    0,    0,
       0,    0,    0,    0,    0,    0,    0,    0,    0,    0,    0,    0,    0,    0,    0,    0,    0,    0,    0,    0,  -12,    0,  -16,    0,    0,  -19,    0,    0,    0,    0,    0,    0,    0,   -4,    0,    0,    0,    0,    0,    0,    0,    0,    0,    0,    0,    0,    0,    0,    0,    0,    0,    0,    0,    0,    0,    0,    0,    0,    0,
     -26,    0,  -26,  -19,    0,    0,    0,    0,    0,    0,    0,    0,    0,    0,  -34,    0,    0,    0,  -26,    0,  -56,    0,  -12,   -4,  -23,  -41,  -19,  -12,    0,  -12,    0,    0,    0,    0,    0,    0,    0,    0,   15,    9,    0,    0,    0,    0,    0,    0,    0,    0,    0,    0,    0,    0,    0,    0,    0,    0,    0,    0,    0,
       0,    0,    0,    0,    0,    0,    0,    0,    0,    0,    0,    0,    0,    0,    0,    0,    0,    0,    0,    0,  -78,    0,  -53,  -26,    0,  -73,  -23,    0,    0,    0,   -4,    0,    0,    0,    0,    0,   -4,    0,    0,    0,   -4,    0,    0,    0,    0,    0,    0,    0,    0,    0,    0,    0,    0,    0,    0,    0,    0,    0,    0,
       0,    0,    0,    0,    0,    0,    0,    0,    0,    0,    0,    0,    0,    0,    0,    0,  -12,    0,    0,    0,  -63,   -9,  -41,  -26,    0,  -48,  -12,   -9,    0,  -12,    0,    0,    0,    0,    0,   -4,    0,   -4,    0,    0,    0,    0,    0,    0,    0,    0,    0,    0,    0,    0,    0,    0,    0,    0,    0,    0,    0,    0,    0,
     -53,    0,  -48,  -23,    0,    0,    0,    0,    0,    0,    0,    0,    0,    0,  -34,    0,    0,    0,  -26,    0,  -67,    0,  -19,  -12,  -34,  -53,  -34,  -13,    0,   -9,    0,    0,    0,    0,    0,    0,    0,    0,    0,    0,    0,    0,    0,    0,    0,    0,    0,    0,    0,    0,    0,    0,    0,    0,    0,    0,    0,    0,    0,
     -31,    0,  -23,    0,    0,    0,    0,    0,    0,    0,    0,    0,    0,    0,  -26,    0,    0,    0,  -19,    0,  -67,    0,  -19,   -9,  -26,  -48,  -26,   -9,    0,   -9,    0,    0,    0,    0,    0,    0,    0,    0,    0,    0,    0,    0,    0,    0,    0,    0,    0,    0,    0,    0,    0,    0,    0,    0,    0,    0,    0,    0,    0,
       0,  -12,    0,    0,    0,    0,    0,    0,    0,    0,    0,    0,    0,    0,    0,    0,  -12,    0,    0,   -4,  -63,    0,  -19,  -12,    0,  -56,    0,  -12,    0,  -18,    0,    0,    0,    0,    0,   -7,   -9,   -4,    0,    0,    0,    0,    0,    0,    0,    0,    0,    0,    0,    0,    0,    0,    0,    0,    0,    0,    0,    0,    0,
       0,  -12,    0,    0,    0,    0,    0,    0,    0,    0,    0,    0,    0,    0,    0,    0,    0,    0,    0,    0,  -78,    0,  -31,  -19,    0,  -56,    0,   -9,    0,  -13,    0,    0,    0,    0,    0,    0,    0,   -4,    0,    0,    0,    0,    0,    0,    0,    0,    0,    0,    0,    0,    0,    0,    0,    0,    0,    0,    0,    0,    0,
       0,    0,    0,    0,    0,    0,    0,    0,    0,    0,    0,    0,    0,    0,    0,   -4,  -41,   -4,  -41,  -19,  -63,    0,  -70,  -41,    0,  -78,    0,  -19,    0,  -16,  -19,    0,    0,    0,    0,  -12,  -26,  -12,  -41,  -26,    0,    0,    0,    0,    0,    0,    0,    0,    0,    0,    0,    0,    0,    0,    0,    0,    0,    0,    0,
       0,    0,    0,    0,  -23,    0,  -15,  -15,  -45,  -12,  -23,    0,  -23,  -15,  -56,    0,  -19,    0,  -70,    0,    0,    0,    0,    0,    0,    0,    0,  -41,    0,  -34,    0,    0,    0,    0,  -12,  -12,    0,  -12,    0,    0,    0,   -4,    0,    0,    0,    0,    0,    0,    0,    0,    0,    0,    0,    0,    0,    0,    0,    0,    0,
       0,    0,    0,    0,    0,    0,    0,    0,    0,    0,    0,    0,    0,    0,    0,    0,    0,    0,    0,    0,    0,    0,    0,    0,    0,    0,    0,    0,    0,    0,    0,    0,    0,    0,    0,    0,    0,    0,    0,    0,    0,    0,  -15,  -29,  -34,  -15,  -19,  -26,  -12,  -19,  -23,  -29,  -18,  -31,  -31,   -9,   -7,    0,    0,
       0,    0,    0,    0,    0,    0,    0,    0,    0,    0,    0,    0,    0,    0,    0,    0,    0,    0,    0,    0,    0,    0,    0,    0,    0,    0,    0,    0,    0,    0,    0,    0,    0,    0,    0,    0,    0,    0,    0,    0,    0,    0,   -9,  -28,  -29,  -10,  -13,  -22,   -6,  -12,  -19,  -25,  -10,  -26,  -28,   -3,    0,    0,    0,
       0,    0,    0,    0,    0,    0,    0,    0,    0,    0,    0,    0,    0,    0,    0,    0,    0,    0,    0,    0,    0,    0,    0,    0,    0,    0,    0,    0,    0,    0,    0,    0,    0,    0,    0,    0,    0,    0,    0,    0,    0,    0,   -9,  -25,  -29,  -10,  -13,  -22,   -7,  -12,  -19,  -22,   -6,  -22,  -22,    0,    0,    0,    0,
       0,    0,    0,    0,    0,    0,    0,    0,  -34,    0,    0,    0,    0,    0,  -56,    0,  -19,    0,  -70,    0,    0,    0,    0,    0,    0,    0,    0,  -26,    0,  -34,  -19,    0,    0,    0,   -4,  -19,    0,    0,    0,    0,    0,    0,    0,    0,    0,    0,    0,    0,    0,    0,    0,    0,    0,    0,    0,    0,    0,    0,    0,
};

static const EpdLigaturePair baijamjuree_22_regularLigaturePairs[] = {
    { 0x00660069, 0xFB01 }, // f i -> U+FB01
    { 0x0066006C, 0xFB02 }, // f l -> U+FB02
};

static const EpdFontData baijamjuree_22_regular = {
    baijamjuree_22_regularBitmaps,
    baijamjuree_22_regularGlyphs,
    baijamjuree_22_regularIntervals,
    57,
    57,
    46,
    -12,
    true,
    baijamjuree_22_regularGroups,
    23,
    nullptr,
    baijamjuree_22_regularKernLeftClasses,
    baijamjuree_22_regularKernRightClasses,
    baijamjuree_22_regularKernMatrix,
    343,
    360,
    58,
    59,
    baijamjuree_22_regularLigaturePairs,
    2,
};
