/**
 * generated by fontconvert.py
 * name: baijamjuree_22_bold
 * size: 22
 * mode: 2-bit  compressed: true
 * Command used: ../scripts/fontconvert.py baijamjuree_22_bold 22 /Users/nakarinkochapond/Downloads/Books/Books/Bai_Jamjuree,Itim,Mali/Bai_Jamjuree/BaiJamjuree-Bold.ttf --additional-intervals 0x0E00,0x0E7F --2bit --compress
 */
#pragma once
#include "EpdFontData.h"

static const uint8_t baijamjuree_22_boldBitmaps[33375] = {
    0xCD, 0x59, 0xBD, 0x8E, 0xDB, 0xCA, 0x15, 0x1E, 0x51, 0xF0, 0x0A, 0x81, 0x0A, 0x55, 0xB7, 0xDA,
    0x42, 0x7D, 0x8A, 0xF0, 0x11, 0xC8, 0x8B, 0x94, 0x29, 0xE2, 0xC2, 0xB4, 0x0B, 0x17, 0xCE, 0x1B,
    0xEC, 0x23, 0x90, 0x40, 0x5E, 0xC0, 0x8D, 0xFB, 0x5B, 0x06, 0x6E, 0x6E, 0x9B, 0x2A, 0x14, 0x90,
    0x17, 0x10, 0x10, 0xDC, 0x2A, 0x8D, 0x12, 0xAC, 0x81, 0xA4, 0x63, 0x02, 0x2D, 0xC2, 0xC5, 0x25,
    0x79, 0x72, 0xCE, 0xF7, 0x9D, 0xA1, 0x28, 0xED, 0x6A, 0xAD, 0xB5, 0x61, 0x24, 0xDA, 0x15, 0xCF,
    0x90, 0x9C, 0x39, 0xFF, 0x7F, 0x33, 0xCA, 0xBA, 0xEC, 0xE2, 0xBF, 0x80, 0xCF, 0xF5, 0x6D, 0xD9,
    0x0B, 0x3E, 0x65, 0xBF, 0xBE, 0x95, 0x26, 0xEB, 0x2E, 0xFD, 0x06, 0xFD, 0x5F, 0x89, 0xA2, 0x78,
    0x26, 0x24, 0x35, 0xD9, 0x7C, 0x0E, 0x16, 0x65, 0x5F, 0xBC, 0x93, 0x22, 0x7F, 0x2E, 0xFE, 0xB8,
    0xEE, 0x52, 0x3A, 0x5F, 0x2A, 0x47, 0x08, 0xC9, 0xC7, 0xCA, 0xC0, 0x5C, 0x71, 0x9C, 0x01, 0x57,
    0x22, 0x43, 0x1E, 0x42, 0xAD, 0x74, 0xF6, 0x61, 0x61, 0xE4, 0x86, 0xB0, 0x06, 0xD9, 0x3C, 0x23,
    0xF5, 0x5A, 0x3E, 0x14, 0x37, 0xB2, 0x93, 0xCE, 0x96, 0x34, 0x3A, 0x2B, 0xCC, 0x14, 0x34, 0xBA,
    0x96, 0x77, 0xE1, 0xE3, 0x0F, 0x00, 0x7A, 0xDF, 0x03, 0xD4, 0xF2, 0x4F, 0x03, 0xA5, 0xA2, 0x7A,
    0x1F, 0x42, 0x6A, 0x48, 0xDE, 0x87, 0xA5, 0x81, 0x5E, 0x97, 0x52, 0xA2, 0x2B, 0x03, 0x8A, 0xE3,
    0xC5, 0x8F, 0xC2, 0xC5, 0xD7, 0x42, 0x73, 0x4B, 0x57, 0xBC, 0xB4, 0xC5, 0x1D, 0x1E, 0x67, 0x11,
    0xD4, 0x1D, 0x1E, 0x96, 0x03, 0xA6, 0x64, 0xF2, 0x53, 0xF1, 0x56, 0x5A, 0xF2, 0xD9, 0x00, 0xB5,
    0x6C, 0x13, 0x80, 0xCA, 0xE8, 0x1A, 0x23, 0x57, 0x20, 0xFB, 0xA4, 0xEC, 0x51, 0x3D, 0xE4, 0x1A,
    0xF4, 0x6F, 0x64, 0x6B, 0xF2, 0xED, 0x31, 0xC7, 0xD0, 0xCC, 0x65, 0xA7, 0x63, 0xA3, 0x94, 0xAB,
    0x7A, 0x6C, 0x55, 0x06, 0x01, 0x56, 0x52, 0x51, 0x46, 0x7D, 0xBF, 0x16, 0x4A, 0xFF, 0x46, 0x25,
    0xCA, 0x06, 0x8C, 0x5B, 0xD5, 0x91, 0xA3, 0x54, 0x64, 0x3A, 0xA6, 0x94, 0x36, 0x68, 0x12, 0x28,
    0x8F, 0xE3, 0xB9, 0xD1, 0xF3, 0xF1, 0x92, 0x4C, 0x61, 0xBC, 0x96, 0xFC, 0xC5, 0x4B, 0x5F, 0x9B,
    0xC9, 0x95, 0x89, 0x02, 0x9C, 0x65, 0xA7, 0xFA, 0x6C, 0x49, 0x4B, 0xDA, 0xD2, 0x58, 0x34, 0x1E,
    0xFE, 0xA6, 0x77, 0xFA, 0x01, 0x6F, 0x7F, 0x96, 0xBF, 0x43, 0x11, 0xC6, 0xF3, 0x6F, 0xF4, 0xAE,
    0x59, 0xC9, 0x46, 0x0D, 0xDB, 0xAF, 0xE4, 0xF7, 0xB2, 0x35, 0x11, 0xD4, 0x98, 0xA9, 0xCC, 0x39,
    0x36, 0x79, 0x7A, 0xD5, 0x86, 0x2B, 0xA4, 0xEE, 0xC6, 0xB1, 0x2A, 0x61, 0x1C, 0xCF, 0x8D, 0x51,
    0x1F, 0x2F, 0x64, 0x3B, 0xAE, 0x55, 0x25, 0xA8, 0x7E, 0xC8, 0xB7, 0x2A, 0x61, 0x2E, 0x77, 0xEF,
    0xA8, 0xA2, 0x81, 0x86, 0xCE, 0x5D, 0xAF, 0xE0, 0x0D, 0x6A, 0x81, 0xCA, 0xCC, 0x4D, 0xA0, 0x84,
    0xB5, 0xB8, 0xA6, 0x4D, 0xE9, 0xB5, 0xF9, 0x61, 0x70, 0x25, 0xE0, 0x93, 0xCA, 0x2D, 0x8D, 0xC5,
    0xD5, 0x2B, 0x28, 0x9E, 0x06, 0x68, 0x42, 0xF4, 0x59, 0xC5, 0x3A, 0xBC, 0x86, 0xF3, 0xE8, 0x0D,
    0x34, 0xAE, 0x2F, 0xCB, 0x13, 0xC8, 0xE7, 0x6D, 0x82, 0xF9, 0x65, 0xBF, 0x84, 0x51, 0x33, 0x29,
    0x61, 0xC4, 0x95, 0xF9, 0x3C, 0x24, 0xA3, 0x61, 0x52, 0x32, 0x3E, 0x23, 0xA3, 0xF0, 0xDC, 0x3C,
    0xDD, 0x2B, 0xB3, 0xFF, 0x91, 0x6D, 0xB6, 0xD7, 0x65, 0xDF, 0xCB, 0x3E, 0x03, 0xAD, 0xB2, 0x2F,
    0x61, 0xD9, 0xB5, 0xD0, 0xC2, 0x8A, 0x61, 0x6B, 0xE4, 0x66, 0xC6, 0xA8, 0xD1, 0x2A, 0x15, 0x93,
    0xF1, 0x56, 0x2B, 0x21, 0x8D, 0xA3, 0xB7, 0xF6, 0xBE, 0x84, 0x9F, 0xEE, 0x19, 0x18, 0xFA, 0x12,
    0xEE, 0x9B, 0x0A, 0x34, 0xB6, 0x37, 0xF1, 0xAF, 0x35, 0x22, 0x55, 0xAD, 0x16, 0x64, 0x0F, 0xFF,
    0x74, 0x7A, 0x05, 0x87, 0xCB, 0x7A, 0xE8, 0xD6, 0xFC, 0xCC, 0x7C, 0xD4, 0x8C, 0x63, 0xAF, 0x56,
    0x4A, 0xD1, 0x5E, 0xA7, 0x03, 0xA7, 0x58, 0x16, 0x35, 0x2D, 0xD4, 0x2D, 0xBF, 0xC6, 0xD5, 0xD1,
    0xB7, 0x79, 0xF8, 0x2C, 0xCE, 0xB5, 0x75, 0xB6, 0xDE, 0xF0, 0x28, 0x83, 0xC0, 0x6B, 0xF8, 0x8D,
    0x49, 0xB3, 0x59, 0x12, 0x17, 0xD7, 0x3E, 0xC9, 0x26, 0xE8, 0x4B, 0xDC, 0x0E, 0xC7, 0x73, 0x67,
    0x71, 0x6E, 0x19, 0x11, 0x0E, 0x11, 0x61, 0x9C, 0x58, 0x21, 0xC0, 0x16, 0x58, 0xF0, 0xF9, 0xEF,
    0x02, 0x02, 0x1F, 0x84, 0x36, 0x3C, 0xC6, 0xA4, 0x11, 0x86, 0xC0, 0x1D, 0xE8, 0x25, 0xD0, 0xCF,
    0x16, 0x53, 0x35, 0xA8, 0xF0, 0x1A, 0xDE, 0x30, 0x17, 0xBF, 0x2C, 0xE7, 0x32, 0xAF, 0x56, 0x7F,
    0x91, 0xF5, 0xC6, 0x2C, 0xB2, 0x83, 0x77, 0x2D, 0xE0, 0xBC, 0x25, 0x4D, 0xC8, 0xBC, 0x88, 0x74,
    0xD8, 0x60, 0x0A, 0x26, 0x63, 0xD9, 0x01, 0x0B, 0x35, 0x79, 0xF9, 0xB5, 0x28, 0xE4, 0xAE, 0x78,
    0x45, 0x17, 0x38, 0x77, 0x7D, 0x2E, 0x4E, 0xA6, 0x8E, 0xF1, 0x7F, 0x66, 0x51, 0xAB, 0x59, 0x65,
    0x9B, 0x5A, 0x12, 0xAF, 0x54, 0x39, 0xAB, 0x2E, 0xCC, 0x75, 0x5E, 0xA5, 0xD4, 0x41, 0xBB, 0x3B,
    0xFD, 0x1E, 0xD5, 0xDA, 0x3D, 0x83, 0x8E, 0xA1, 0x88, 0x08, 0x09, 0x5E, 0x93, 0xCD, 0x39, 0x46,
    0xCA, 0x09, 0x82, 0x29, 0xA6, 0xD4, 0x25, 0x42, 0x2A, 0x2E, 0x63, 0x36, 0x64, 0x18, 0x32, 0xFC,
    0x03, 0x3D, 0x21, 0x26, 0x56, 0xCF, 0xA9, 0x9E, 0x4E, 0x3D, 0x93, 0x9E, 0x2E, 0xDB, 0x1F, 0x2D,
    0xDB, 0x1E, 0x2D, 0xCB, 0xA7, 0xCB, 0xFA, 0xAF, 0x59, 0x66, 0x15, 0xE3, 0xDE, 0xD3, 0xCB, 0x96,
    0xF9, 0xAB, 0x8D, 0x15, 0x71, 0x15, 0x2B, 0xE2, 0xA7, 0xA2, 0x94, 0x4D, 0x06, 0x37, 0xDF, 0xD6,
    0x5E, 0x11, 0x5B, 0x56, 0xC4, 0xFD, 0xA1, 0x22, 0x1E, 0xEA, 0xE3, 0x57, 0x82, 0x63, 0x9C, 0x24,
    0xE4, 0x64, 0x9D, 0x09, 0x67, 0xC9, 0x19, 0x74, 0x76, 0x9D, 0x79, 0x17, 0x45, 0x2D, 0x04, 0xC1,
    0x82, 0x26, 0xAB, 0x85, 0x25, 0x45, 0xF8, 0xB7, 0x22, 0x50, 0x5C, 0xF1, 0xDB, 0xEA, 0xB7, 0x92,
    0xE6, 0x8F, 0xCC, 0x07, 0xDF, 0xE6, 0xAB, 0x44, 0x6F, 0x99, 0xB5, 0x91, 0xD2, 0x65, 0x0B, 0xA6,
    0xF7, 0xC8, 0x83, 0x5A, 0xD2, 0x3F, 0x14, 0xD2, 0x97, 0x96, 0xB1, 0xC4, 0x24, 0x64, 0x69, 0x58,
    0xF9, 0xD5, 0x7A, 0x02, 0x5A, 0x2B, 0x63, 0xAC, 0x0D, 0x70, 0x35, 0x34, 0x05, 0x26, 0xE8, 0xC2,
    0xCA, 0x30, 0x13, 0x77, 0x02, 0xC9, 0xD7, 0x10, 0xBC, 0xB6, 0x0C, 0xCE, 0x77, 0x2B, 0x2C, 0xC9,
    0xA0, 0xD8, 0x72, 0x2C, 0x4C, 0xD1, 0x4B, 0xE4, 0x5E, 0x23, 0xA2, 0x90, 0x27, 0x3F, 0xE6, 0x1F,
    0xAD, 0x97, 0x9D, 0x2D, 0x25, 0x68, 0xE9, 0x18, 0xBD, 0xE7, 0xF2, 0x60, 0x42, 0x68, 0xA4, 0x99,
    0x14, 0x5A, 0x74, 0x6B, 0x30, 0xB6, 0x31, 0x0A, 0xF3, 0x11, 0x9C, 0xFA, 0xFC, 0x77, 0xBA, 0x20,
    0x8C, 0x55, 0xB1, 0x64, 0x45, 0x2B, 0xC5, 0xF9, 0x74, 0x09, 0x59, 0xFF, 0x02, 0xCB, 0x55, 0x2C,
    0x91, 0x8A, 0xCC, 0xD4, 0x32, 0x3F, 0xA5, 0x60, 0x72, 0x29, 0x05, 0x67, 0xC2, 0x59, 0x72, 0x06,
    0x9D, 0xDD, 0x39, 0x2B, 0x10, 0x44, 0xA9, 0xE0, 0xF8, 0xFF, 0x08, 0x47, 0xA1, 0xD3, 0x91, 0x40,
    0x47, 0x36, 0x3B, 0x56, 0xC5, 0x8E, 0x3C, 0x50, 0x6D, 0xC2, 0x1C, 0x0A, 0xB0, 0x84, 0xC5, 0x74,
    0x46, 0xC6, 0x2E, 0x2D, 0x63, 0x35, 0xCE, 0xE0, 0xA8, 0x3B, 0x03, 0x9A, 0x15, 0x32, 0x18, 0x35,
    0xD6, 0xA3, 0x8C, 0xD9, 0x59, 0x81, 0xE5, 0x81, 0xAC, 0x83, 0x50, 0x0A, 0x50, 0xD9, 0xF4, 0xF5,
    0x50, 0x68, 0x93, 0xCC, 0xF4, 0x28, 0xC3, 0x31, 0xA8, 0x09, 0xD8, 0xFC, 0x0D, 0x93, 0xAC, 0xF4,
    0x19, 0x90, 0xC9, 0xD8, 0x22, 0x9D, 0x05, 0xBD, 0xB9, 0xC1, 0x45, 0xF8, 0x04, 0xCE, 0x9C, 0xB1,
    0xE5, 0xCC, 0xA8, 0xCF, 0x8C, 0x59, 0xDB, 0x91, 0x7D, 0xA7, 0xA8, 0x6A, 0x26, 0x9A, 0xD5, 0x91,
    0xDD, 0x1F, 0xB4, 0xA2, 0xC7, 0xF6, 0xA3, 0x3F, 0x6F, 0x6A, 0xD4, 0x53, 0xB7, 0x5F, 0x3E, 0xB5,
    0x5F, 0x47, 0xFB, 0x35, 0xA3, 0xFD, 0x96, 0xE0, 0x25, 0x24, 0x35, 0xFC, 0x33, 0xC3, 0xC3, 0x19,
    0x59, 0x5A, 0x72, 0xC1, 0x3A, 0x8A, 0xF9, 0xC9, 0x90, 0x95, 0xA8, 0xCD, 0x95, 0x3B, 0xCA, 0x84,
    0xFA, 0x98, 0xD3, 0x15, 0x5C, 0x5B, 0xCE, 0x90, 0x7F, 0xA1, 0xC1, 0xF5, 0x72, 0xE4, 0x71, 0x40,
    0x50, 0x69, 0x52, 0xD1, 0x7D, 0xC1, 0x46, 0x50, 0xB7, 0x77, 0xE6, 0xBE, 0x5A, 0x6B, 0xCD, 0x1F,
    0x66, 0x0F, 0xB2, 0xE0, 0x7E, 0x7C, 0x38, 0xE6, 0xAF, 0x9D, 0x31, 0xE1, 0xF9, 0xAB, 0x3E, 0x97,
    0xBF, 0x52, 0xE6, 0xAF, 0x59, 0x6D, 0xFE, 0xF9, 0x64, 0x70, 0xC2, 0x70, 0x70, 0xC6, 0xD8, 0xBC,
    0x37, 0x70, 0xCC, 0xED, 0xA8, 0xFD, 0x14, 0xA6, 0x60, 0xFA, 0xA8, 0xFB, 0xD1, 0xCB, 0xD9, 0x8C,
    0xB3, 0x18, 0x2D, 0x63, 0x53, 0x1B, 0xD8, 0x4A, 0xC4, 0x42, 0xE4, 0x99, 0xA2, 0x3D, 0x99, 0xCE,
    0x9A, 0xC2, 0x45, 0x4B, 0xEF, 0x24, 0xF3, 0x07, 0xD7, 0x43, 0x35, 0x54, 0x31, 0xEE, 0xC7, 0xF6,
    0x35, 0x61, 0x24, 0x2E, 0x28, 0x37, 0xC5, 0xD7, 0x06, 0xE4, 0x93, 0x6D, 0xB5, 0x8C, 0x49, 0xCB,
    0xF0, 0x3D, 0xF4, 0xC5, 0x68, 0x1A, 0x01, 0x1F, 0xA6, 0x98, 0xB2, 0x5B, 0x61, 0xC1, 0xC6, 0xB1,
    0xCC, 0x88, 0x13, 0x6E, 0xD1, 0x46, 0xD4, 0x34, 0xBD, 0xEA, 0xB9, 0xD2, 0xC6, 0xB2, 0xF1, 0x46,
    0x98, 0x59, 0xA6, 0x8B, 0xA0, 0x39, 0x6C, 0xB5, 0xF4, 0x0E, 0x49, 0xAE, 0xAB, 0x41, 0x48, 0xB7,
    0x18, 0x46, 0x61, 0x4F, 0x9F, 0x6E, 0x9C, 0xCF, 0x39, 0x1D, 0xC1, 0x09, 0xC5, 0x3D, 0xE4, 0x44,
    0xBE, 0x2D, 0xE5, 0x6B, 0xE9, 0x7F, 0x71, 0x47, 0x59, 0xB9, 0xB1, 0xDD, 0xF4, 0xA6, 0xFF, 0xE4,
    0xC8, 0x3B, 0x8E, 0x0B, 0xA0, 0x3F, 0x4C, 0x58, 0xF9, 0xB4, 0x72, 0x31, 0x24, 0xB4, 0x70, 0x7D,
    0x78, 0xED, 0xAD, 0xD8, 0xC8, 0x52, 0x43, 0x96, 0xAC, 0xB8, 0xC9, 0xBD, 0x02, 0x65, 0x29, 0x1F,
    0x5D, 0xD9, 0xFB, 0x80, 0x94, 0xBE, 0x99, 0xC1, 0x53, 0x77, 0x29, 0xEB, 0xE7, 0x7A, 0x5A, 0x3F,
    0x2B, 0x17, 0xEC, 0xC4, 0xFF, 0x12, 0x08, 0xF6, 0xB0, 0x37, 0x3A, 0xFE, 0x9C, 0xBC, 0xBF, 0x79,
    0x8F, 0x1D, 0x54, 0xC7, 0x7F, 0xF3, 0xCA, 0x72, 0x1B, 0x9E, 0xFE, 0x4C, 0x1A, 0xB7, 0x19, 0xB6,
    0x89, 0xB0, 0xB0, 0x9A, 0x4E, 0xDB, 0xB7, 0x5C, 0x5D, 0xD1, 0xDA, 0xB7, 0x5D, 0x98, 0xE5, 0xD3,
    0x35, 0xBF, 0xC0, 0xF5, 0x4F, 0xA8, 0x0B, 0x74, 0x56, 0x96, 0xC6, 0x21, 0x78, 0xF9, 0x5B, 0xC6,
    0x4C, 0x9F, 0x9F, 0x0C, 0x77, 0x36, 0xC4, 0x7E, 0x1A, 0xDE, 0xEC, 0x3B, 0x34, 0xF8, 0x34, 0x8B,
    0x11, 0x6B, 0xE8, 0xEC, 0xF1, 0x9B, 0xDD, 0xE4, 0x66, 0x80, 0x7E, 0x87, 0x43, 0x9F, 0x98, 0xB0,
    0x7F, 0xFB, 0x15, 0x59, 0xB4, 0xD0, 0xF4, 0xC3, 0x8E, 0xCD, 0xB9, 0xEB, 0x54, 0xA4, 0xCB, 0xE7,
    0x53, 0xA1, 0x6C, 0xDF, 0x7C, 0x23, 0xDD, 0x9F, 0x4A, 0x91, 0xC6, 0x16, 0xE8, 0xC1, 0xCD, 0x28,
    0x52, 0x77, 0x22, 0xC5, 0xB1, 0xF6, 0xA2, 0x9E, 0x26, 0xC3, 0x6B, 0x0C, 0x65, 0xAA, 0xBD, 0x61,
    0xD2, 0x8A, 0xC3, 0x40, 0xF4, 0x90, 0x7C, 0x6C, 0x2D, 0x6F, 0xBD, 0x75, 0xC8, 0x99, 0xBD, 0x77,
    0xCC, 0xE5, 0x2D, 0x5B, 0x87, 0x0E, 0xAD, 0x83, 0x22, 0xA9, 0xB9, 0xD5, 0x32, 0xE7, 0xD3, 0xA4,
    0xC1, 0xE6, 0x27, 0x7C, 0xFC, 0x61, 0x6C, 0xA8, 0x1D, 0xC4, 0xCE, 0x95, 0x79, 0x85, 0x42, 0x7B,
    0x9D, 0xAE, 0xC1, 0x44, 0x82, 0xC2, 0xA0, 0x3C, 0xB7, 0x9C, 0xBE, 0x0D, 0x63, 0x4E, 0x8B, 0xDD,
    0xB5, 0xB7, 0xBD, 0xBF, 0xFC, 0x43, 0x78, 0xCC, 0x97, 0xD9, 0x0E, 0xB8, 0x6A, 0xE5, 0x11, 0xE0,
    0xEF, 0x3C, 0x12, 0xAE, 0xC4, 0x8F, 0x5B, 0x92, 0xB1, 0x2C, 0x33, 0xE6, 0xA9, 0x33, 0x2F, 0x20,
    0x89, 0x67, 0xEB, 0xC1, 0x94, 0xF9, 0xA1, 0x28, 0xDE, 0x22, 0xF5, 0xED, 0x29, 0xCA, 0xC6, 0x52,
    0xD4, 0x2B, 0x93, 0x43, 0x3D, 0x5E, 0x79, 0xFD, 0xAB, 0x58, 0x95, 0xE8, 0x10, 0x8B, 0x89, 0xB5,
    0xA8, 0x48, 0x68, 0x48, 0x0A, 0xAB, 0x71, 0xB4, 0x66, 0x45, 0x6A, 0xAC, 0x8D, 0xCC, 0x4B, 0x8C,
    0x2C, 0xC0, 0xD7, 0x3E, 0xC2, 0x39, 0xD8, 0x85, 0xA3, 0x99, 0xAF, 0x4D, 0x7D, 0x24, 0x9A, 0x4B,
    0x7E, 0x6D, 0xDB, 0x70, 0x26, 0x1A, 0xCD, 0x57, 0xA4, 0x6B, 0x3E, 0xB8, 0xB7, 0xBC, 0x66, 0x81,
    0x54, 0xB7, 0xE6, 0x4C, 0x6B, 0x3B, 0x86, 0xE9, 0xAC, 0xB1, 0xB6, 0xCD, 0x90, 0x59, 0xA5, 0x70,
    0xFB, 0x40, 0xEF, 0xBF, 0x83, 0x7B, 0xA9, 0x53, 0xDF, 0xB4, 0x3C, 0x4E, 0xE0, 0xE6, 0x2E, 0x6A,
    0xC3, 0x5B, 0x3C, 0x3A, 0xE5, 0x32, 0x2A, 0xCD, 0xCE, 0xA2, 0xE8, 0x35, 0xF6, 0x7E, 0x17, 0x26,
    0x8D, 0xD9, 0x78, 0xD2, 0x96, 0xB8, 0x2D, 0xE6, 0x3C, 0xB1, 0xB0, 0x94, 0xEF, 0xBB, 0xAF, 0xD8,
    0x61, 0xBA, 0xE1, 0x7B, 0x7A, 0x66, 0xD6, 0xD5, 0x80, 0x65, 0x5B, 0xB6, 0xE1, 0x50, 0x55, 0x14,
    0xA6, 0x3C, 0x93, 0xD9, 0xAE, 0xB8, 0x9F, 0xDD, 0x00, 0x2E, 0xA4, 0x5A, 0xB0, 0xBF, 0xC8, 0xD1,
    0xAC, 0xE8, 0xC3, 0xC4, 0x10, 0xA6, 0x03, 0xB7, 0x55, 0x99, 0xB7, 0x21, 0xA5, 0xA7, 0xCB, 0x3A,
    0xEE, 0x5A, 0xA7, 0x67, 0x7D, 0x83, 0xA2, 0xFB, 0x54, 0x14, 0xEF, 0x84, 0xED, 0x8F, 0x96, 0x45,
    0x54, 0xCC, 0xA5, 0xD1, 0xC8, 0x51, 0x44, 0xD7, 0xA4, 0xB9, 0xCB, 0x18, 0x81, 0x0D, 0x1D, 0x53,
    0xF6, 0x5E, 0x76, 0xB1, 0x19, 0xBE, 0x77, 0xAC, 0xE7, 0x7A, 0x91, 0xBB, 0xC2, 0xB2, 0xB8, 0x31,
    0xB3, 0x24, 0x98, 0x3F, 0x01, 0x7C, 0x8A, 0x7A, 0xCC, 0x14, 0x4B, 0x1B, 0x9C, 0xDF, 0xA3, 0xD3,
    0xD7, 0xC6, 0x50, 0xBF, 0xD1, 0x8A, 0x89, 0x13, 0xA7, 0xB1, 0x54, 0x7E, 0x0E, 0xE8, 0xCC, 0x3B,
    0xF3, 0x6F, 0xEE, 0xE4, 0x65, 0xEF, 0xB1, 0x50, 0xC7, 0x3A, 0x08, 0x05, 0x2D, 0x3D, 0x68, 0xB4,
    0x70, 0xE2, 0xEC, 0x6B, 0x2D, 0x87, 0x1D, 0x46, 0xCC, 0x13, 0xAA, 0x6F, 0xAF, 0x70, 0xFA, 0xFA,
    0xDE, 0x30, 0x06, 0x8B, 0x13, 0xF3, 0x00, 0x1C, 0x86, 0xAA, 0xD2, 0xBC, 0xF9, 0x66, 0x83, 0xE2,
    0x59, 0x63, 0x84, 0x2F, 0x8A, 0xD8, 0xD2, 0x7D, 0x39, 0xDC, 0x9F, 0xE0, 0x6D, 0x99, 0x81, 0x22,
    0x5D, 0xF0, 0xA1, 0x97, 0x4C, 0x79, 0x9E, 0xA1, 0xD9, 0xBC, 0xB3, 0xD3, 0xD9, 0x91, 0xEF, 0x79,
    0x4C, 0xD9, 0xD1, 0xDB, 0xA3, 0x9C, 0x2E, 0xF7, 0x23, 0xF6, 0xED, 0xDD, 0x08, 0x79, 0xB4, 0x05,
    0xEC, 0x8B, 0xAE, 0x60, 0xA1, 0xCA, 0x6C, 0xD8, 0xC4, 0x3C, 0xCF, 0x24, 0x5F, 0x0A, 0xCA, 0x6E,
    0x4A, 0x88, 0x64, 0xE7, 0xCA, 0x84, 0xB2, 0x74, 0xC3, 0x63, 0x57, 0xCB, 0x0D, 0x34, 0x6C, 0x4D,
    0x0F, 0xCA, 0x0E, 0xCD, 0x77, 0x14, 0xCC, 0xFA, 0xE5, 0x27, 0xC0, 0x1D, 0x36, 0x1E, 0x47, 0x1D,
    0xCB, 0x45, 0x60, 0x12, 0x0C, 0xE7, 0x80, 0xA1, 0x7E, 0xF5, 0x05, 0xA8, 0x9D, 0xA5, 0x23, 0x3E,
    0xA7, 0xFE, 0x2B, 0xD5, 0x72, 0xFA, 0xEE, 0xEC, 0x07, 0x78, 0x9E, 0x79, 0x90, 0xE5, 0x11, 0x79,
    0xF6, 0x6A, 0x38, 0x5F, 0x3E, 0x1B, 0xE7, 0x99, 0xAB, 0xF9, 0x21, 0x6A, 0xD7, 0xDA, 0x2B, 0x57,
    0x2D, 0x87, 0x2D, 0x7E, 0xDC, 0x43, 0xC1, 0xAF, 0xEF, 0x8B, 0xD7, 0xD8, 0x45, 0x55, 0x96, 0xFB,
    0xB0, 0x8D, 0x8A, 0xFB, 0x28, 0xE4, 0x94, 0x36, 0x8C, 0x1B, 0xAA, 0x90, 0x7C, 0xCC, 0x7D, 0x47,
    0xF5, 0x58, 0x5C, 0xE1, 0x28, 0xFB, 0x02, 0xF8, 0x42, 0x53, 0x0F, 0xF1, 0x2D, 0x26, 0xB0, 0x0D,
    0xE3, 0x31, 0xAB, 0xD1, 0x07, 0x1F, 0xA9, 0x9D, 0x4E, 0xE5, 0x96, 0x8B, 0x11, 0x7F, 0x6F, 0x34,
    0x84, 0x56, 0x32, 0xD9, 0x2D, 0xE2, 0x0C, 0xC6, 0xE3, 0x70, 0xED, 0xB5, 0xC6, 0xE5, 0xFE, 0x96,
    0x01, 0x64, 0x86, 0x2A, 0x3D, 0x09, 0x3E, 0x0D, 0xBE, 0x65, 0x14, 0x7F, 0xDD, 0xDF, 0xA4, 0xEF,
    0xFA, 0x9F, 0x03, 0x3B, 0xF1, 0x39, 0x34, 0x86, 0x0E, 0xEA, 0x76, 0xCC, 0xC7, 0x5A, 0x0E, 0x70,
    0xC2, 0xDD, 0xAB, 0x83, 0xFE, 0xF4, 0x46, 0x3A, 0x3A, 0x81, 0xFF, 0xB2, 0xB7, 0x63, 0xCB, 0x51,
    0x8D, 0xC7, 0x4D, 0x57, 0xA3, 0xFD, 0x3D, 0xAB, 0x6A, 0xA3, 0xC8, 0x82, 0x9E, 0xE3, 0x57, 0x8C,
    0x3E, 0x20, 0x7D, 0xB7, 0x74, 0xD9, 0x9D, 0x01, 0x73, 0x7E, 0xDB, 0xA4, 0x0C, 0x01, 0xBF, 0x5E,
    0xD9, 0x2F, 0x0A, 0xBA, 0x05, 0xC3, 0x01, 0x5F, 0x8A, 0x1C, 0xDF, 0xE0, 0x3C, 0x4B, 0xFE, 0xCD,
    0x9F, 0x64, 0x7E, 0x66, 0xD2, 0x94, 0x08, 0x5A, 0x82, 0xDE, 0x43, 0xDC, 0xB3, 0x3F, 0x6A, 0xC3,
    0x6F, 0x81, 0xA5, 0x27, 0xCE, 0x16, 0x4D, 0xAD, 0xFD, 0x72, 0x23, 0x81, 0x64, 0x37, 0x13, 0x26,
    0x16, 0x64, 0xC9, 0x19, 0xB4, 0x39, 0x6C, 0x47, 0x50, 0xD6, 0x57, 0xD6, 0xB3, 0x8D, 0x12, 0x25,
    0xEE, 0x5A, 0xE1, 0xFF, 0xF4, 0x7A, 0xE7, 0x47, 0xF1, 0xF1, 0x7C, 0x8B, 0xC7, 0x5B, 0x03, 0x32,
    0xEC, 0xC0, 0xDD, 0xF3, 0x7F, 0x01, 0xD5, 0x59, 0x3D, 0x92, 0xDB, 0xD8, 0x11, 0x06, 0xC9, 0x5A,
    0x71, 0xCB, 0x0C, 0x10, 0x4D, 0xE2, 0x09, 0x90, 0x3B, 0xC1, 0x11, 0xC0, 0x1B, 0x58, 0xC1, 0x60,
    0x15, 0x4C, 0xB0, 0x47, 0x98, 0x23, 0x80, 0x37, 0xF0, 0x04, 0x56, 0xEC, 0x0D, 0xED, 0x4D, 0x74,
    0x04, 0xC0, 0xF6, 0x01, 0x8C, 0x2A, 0x97, 0x62, 0x33, 0x90, 0xCA, 0xE5, 0x72, 0x20, 0xD4, 0x0A,
    0x5B, 0xC2, 0x7A, 0x1F, 0xD0, 0xEE, 0xEF, 0xFB, 0x1E, 0xF8, 0x33, 0xD6, 0x6A, 0x35, 0xD2, 0x6C,
    0x49, 0x1E, 0x89, 0xF8, 0x40, 0x12, 0xDD, 0xAF, 0x5F, 0xFF, 0xBD, 0xEE, 0xA6, 0x75, 0x89, 0xFF,
    0xA5, 0x66, 0x03, 0x30, 0x33, 0x0B, 0xC0, 0xC2, 0x6C, 0x02, 0xD6, 0x66, 0x06, 0x74, 0xB0, 0x5D,
    0x92, 0x2C, 0x81, 0x4D, 0x92, 0xAC, 0x80, 0x4E, 0xB8, 0x01, 0xF6, 0x24, 0x27, 0x61, 0x01, 0x1C,
    0x93, 0xA4, 0x02, 0x9A, 0xC8, 0x7E, 0xB4, 0xDD, 0xC2, 0x5E, 0x99, 0xBD, 0xB6, 0x66, 0x65, 0x7F,
    0x73, 0x32, 0xDB, 0xAF, 0xED, 0xB7, 0x8E, 0x75, 0x97, 0x4E, 0x4E, 0xD8, 0x15, 0x43, 0x1E, 0x80,
    0xF9, 0x58, 0x0C, 0xC0, 0xD4, 0xFC, 0x1B, 0xC7, 0xB5, 0xD9, 0x1E, 0xE8, 0x8B, 0x35, 0xC0, 0x85,
    0xD9, 0x16, 0xE8, 0x42, 0x25, 0xC4, 0x62, 0x14, 0xE6, 0x83, 0x30, 0xDD, 0x0B, 0xB5, 0x9F, 0xFB,
    0x60, 0x11, 0xB8, 0x7D, 0x87, 0x51, 0x60, 0x11, 0x1A, 0xC1, 0x5E, 0xD0, 0x0B, 0x82, 0x60, 0x12,
    0xD8, 0x56, 0xD0, 0x00, 0xDE, 0x40, 0xAC, 0xE0, 0x7B, 0xEC, 0x09, 0x55, 0x20, 0x14, 0x46, 0x48,
    0x6D, 0x07, 0x58, 0x5B, 0x0B, 0x58, 0xFA, 0xE7, 0x0E, 0x89, 0x0D, 0x84, 0x6A, 0x24, 0xE4, 0x46,
    0x70, 0xB9, 0x00, 0x2B, 0xC1, 0x42, 0xE0, 0x1B, 0x27, 0x14, 0x82, 0x4C, 0xB0, 0x11, 0xAC, 0x04,
    0x49, 0x84, 0x3A, 0xC4, 0x8D, 0x25, 0xC9, 0x33, 0xB3, 0x5B, 0x99, 0x96, 0xBB, 0xAB, 0x65, 0x43,
    0x9A, 0xD0, 0x9F, 0xA1, 0x09, 0x7D, 0x4B, 0x99, 0xFD, 0x50, 0x5E, 0xFB, 0x9E, 0x0A, 0xD8, 0xB9,
    0xB2, 0xA4, 0x9A, 0x48, 0xB3, 0xAD, 0x03, 0xD5, 0xD4, 0x50, 0x41, 0x6B, 0x47, 0x57, 0x82, 0x13,
    0x1F, 0xB1, 0xFB, 0x48, 0xBC, 0xCB, 0x2F, 0xAE, 0x33, 0xAF, 0x3B, 0xCB, 0x31, 0xCB, 0x05, 0x39,
    0x9F, 0xB8, 0x9C, 0xB3, 0xDC, 0xF3, 0x3E, 0xE6, 0x7D, 0x1D, 0xF6, 0x89, 0x0F, 0x6E, 0xE5, 0x82,
    0xD3, 0x96, 0xE0, 0x4B, 0x10, 0x26, 0x81, 0xED, 0x04, 0x8D, 0x7D, 0x5F, 0x96, 0x5F, 0xDB, 0x5E,
    0x5A, 0xEC, 0x00, 0x0B, 0x41, 0xF2, 0xDE, 0x10, 0x09, 0x40, 0x1E, 0x99, 0x45, 0xD6, 0xFC, 0xDB,
    0x9A, 0xE2, 0x22, 0x8A, 0x3A, 0x8B, 0x44, 0x0F, 0xFC, 0x58, 0xF8, 0x1C, 0xED, 0xFB, 0x65, 0xC4,
    0x3C, 0xF2, 0xA9, 0xFF, 0x4A, 0x5C, 0x7A, 0x78, 0x60, 0x1D, 0x88, 0x46, 0xFB, 0xC2, 0x06, 0x90,
    0xC3, 0xD3, 0x06, 0xE5, 0x4A, 0x5D, 0x3E, 0xC9, 0x39, 0x46, 0xB9, 0x6D, 0xAB, 0x7D, 0x58, 0xAB,
    0x7D, 0x39, 0x17, 0xEC, 0xF3, 0x3F, 0xE0, 0xFE, 0xCC, 0x95, 0x58, 0x37, 0xD2, 0x41, 0x1E, 0x75,
    0xF1, 0xE5, 0x99, 0xBD, 0x87, 0x68, 0xE8, 0xE4, 0xCC, 0x1A, 0x2D, 0x4C, 0x74, 0x2D, 0x83, 0x2D,
    0xEF, 0x6B, 0xE8, 0x48, 0x70, 0xE9, 0x5C, 0x4E, 0x7C, 0x68, 0x3A, 0xF3, 0xAF, 0xFD, 0x61, 0xF5,
    0xEF, 0xCB, 0xAF, 0x60, 0x76, 0xC6, 0x6C, 0xA2, 0x98, 0xDD, 0x02, 0x3C, 0x13, 0x28, 0x74, 0xA9,
    0x26, 0x4F, 0x08, 0x72, 0x9E, 0xFD, 0xC9, 0x0A, 0x07, 0x17, 0xEC, 0x4F, 0xE3, 0xD9, 0x13, 0xCA,
    0x23, 0xA5, 0xE6, 0x9A, 0x0B, 0xAD, 0xE5, 0x58, 0x99, 0xB6, 0x59, 0x68, 0x9B, 0xB5, 0x3D, 0x2D,
    0x6F, 0x9C, 0x67, 0x90, 0x43, 0xF6, 0x67, 0xFE, 0x0C, 0xB3, 0x7E, 0xFB, 0x8D, 0xB2, 0x7D, 0xA2,
    0x40, 0x71, 0x5E, 0xFF, 0x02, 0x78, 0xD6, 0x9E, 0xDC, 0x93, 0x72, 0x30, 0xB9, 0x95, 0x01, 0x26,
    0xE4, 0x1E, 0xFA, 0xD3, 0xAF, 0x62, 0x98, 0x7D, 0x51, 0x33, 0x0F, 0x42, 0x05, 0x41, 0x3C, 0x42,
    0xF9, 0x98, 0x92, 0xF1, 0xE3, 0x62, 0x06, 0xFA, 0x55, 0x15, 0xE8, 0x66, 0x16, 0x0A, 0x7B, 0xEE,
    0x2A, 0x1F, 0x72, 0x39, 0x65, 0x2A, 0x3B, 0x2C, 0x65, 0x61, 0x9E, 0x16, 0x2E, 0xCF, 0xA3, 0xA3,
    0xE1, 0x2C, 0xBC, 0x0B, 0x10, 0x60, 0x65, 0x79, 0x05, 0x35, 0x26, 0x4A, 0xE2, 0xFF, 0x47, 0x40,
    0x3B, 0xC4, 0x63, 0xE7, 0x73, 0x81, 0x5E, 0xE9, 0x43, 0x40, 0xC3, 0x15, 0x53, 0x05, 0xD7, 0xF0,
    0x43, 0xC9, 0xED, 0xB3, 0xB0, 0x90, 0xDB, 0x4B, 0xD8, 0x4F, 0x86, 0xEB, 0x56, 0xD1, 0x27, 0xE2,
    0x29, 0x9F, 0xCB, 0x7E, 0x8B, 0x1A, 0xF6, 0x23, 0xB9, 0xFB, 0x5B, 0x31, 0x32, 0x1F, 0x74, 0xC5,
    0x44, 0x6C, 0x33, 0x53, 0x7E, 0x49, 0x9D, 0x21, 0xFC, 0x7F, 0x83, 0x3C, 0xE4, 0x1A, 0x59, 0x23,
    0x67, 0xE7, 0x86, 0x47, 0x12, 0x9C, 0xE8, 0x4B, 0x46, 0x4B, 0x90, 0xA2, 0xEA, 0x01, 0x01, 0xA0,
    0x97, 0xBB, 0xFE, 0x22, 0x7E, 0xB7, 0xC4, 0x81, 0x9C, 0x4F, 0x48, 0x37, 0x90, 0x58, 0x3C, 0x9C,
    0xD7, 0x06, 0xBC, 0x9D, 0x31, 0x15, 0xED, 0x5F, 0x66, 0x71, 0xED, 0x42, 0x32, 0xED, 0x89, 0xCE,
    0xB8, 0xA2, 0x03, 0xD7, 0x8A, 0xAC, 0xA4, 0x1A, 0xC0, 0x0E, 0x7B, 0x86, 0x08, 0xDC, 0x4E, 0x13,
    0x6B, 0x83, 0x1D, 0x70, 0xA3, 0x12, 0xC8, 0x57, 0x61, 0x49, 0xE4, 0x0C, 0x15, 0x35, 0xCB, 0x18,
    0x00, 0x49, 0x0C, 0xA6, 0x24, 0x9F, 0x4F, 0x5C, 0x72, 0x1B, 0xA1, 0x81, 0x2F, 0xB6, 0xF8, 0x04,
    0x3A, 0xC8, 0xB8, 0x85, 0x1C, 0xEA, 0x0A, 0xD8, 0x18, 0xF4, 0x81, 0x27, 0xEA, 0x01, 0xD2, 0x56,
    0x28, 0x96, 0x7A, 0xE8, 0xA6, 0xC6, 0x5D, 0x87, 0x3B, 0x0F, 0x0D, 0xDF, 0xF0, 0x06, 0xE5, 0x13,
    0x5E, 0x5E, 0x35, 0x35, 0x1E, 0x31, 0xFE, 0xDA, 0xAF, 0x50, 0x4A, 0xD5, 0xAD, 0xEF, 0xCC, 0xEF,
    0xD6, 0x53, 0xA5, 0x0F, 0xDA, 0xCD, 0x58, 0xB8, 0x69, 0xFC, 0x81, 0x36, 0x0D, 0xB9, 0x97, 0x19,
    0x20, 0x4A, 0x87, 0x6C, 0xF0, 0x3B, 0x67, 0x99, 0xF7, 0x69, 0x80, 0x82, 0xDC, 0x24, 0x5D, 0x1A,
    0x52, 0x2E, 0x53, 0x74, 0xEB, 0x11, 0x77, 0x75, 0x5F, 0xB5, 0xAB, 0x29, 0x9D, 0xA8, 0x0C, 0x67,
    0x05, 0xC5, 0x15, 0x03, 0x58, 0xDD, 0x8C, 0x10, 0x13, 0x64, 0xCF, 0x54, 0xDF, 0x21, 0x6B, 0x07,
    0x2A, 0x09, 0x79, 0x63, 0x80, 0xFE, 0x41, 0x86, 0xBB, 0x54, 0x25, 0x60, 0x1F, 0xEF, 0x72, 0x65,
    0x3A, 0x3E, 0xC2, 0x64, 0xC7, 0x2F, 0xF6, 0x50, 0x24, 0xDF, 0xB6, 0x4C, 0x79, 0x89, 0xAC, 0x97,
    0xD4, 0x78, 0x0B, 0x3D, 0xE1, 0xDD, 0xDA, 0xF6, 0x1B, 0x7C, 0x95, 0x42, 0x18, 0x54, 0x5D, 0x50,
    0x05, 0xD4, 0x36, 0xE9, 0xA5, 0x85, 0xB6, 0x2B, 0xB1, 0x6C, 0xF8, 0xAC, 0x5F, 0x32, 0xD5, 0xA6,
    0x7D, 0xA1, 0x9A, 0x35, 0xD4, 0x53, 0x4C, 0x6B, 0x73, 0x4D, 0x3B, 0xD7, 0x7C, 0xAD, 0xEC, 0x29,
    0x3B, 0x2F, 0xA3, 0x7D, 0xE7, 0x6C, 0xB8, 0x88, 0xEF, 0x57, 0xD1, 0xFE, 0x69, 0x7C, 0x2E, 0x8F,
    0xF4, 0x45, 0xAC, 0x95, 0x6D, 0x24, 0xC1, 0xD2, 0x0B, 0x38, 0xF9, 0x76, 0x97, 0xC9, 0xA7, 0xDD,
    0xC7, 0x5B, 0x3C, 0xBE, 0x5B, 0x81, 0xC0, 0x4D, 0xBB, 0x00, 0x01, 0x84, 0x30, 0xF8, 0x37, 0xF7,
    0x23, 0x25, 0x64, 0xF0, 0xD5, 0x86, 0xCA, 0xC8, 0xE1, 0xBB, 0x4E, 0x50, 0xCF, 0x71, 0x63, 0x74,
    0xBD, 0x26, 0xC3, 0xE7, 0x19, 0xE2, 0xA5, 0x21, 0x1D, 0x55, 0x56, 0xC5, 0x38, 0x21, 0xCF, 0xA0,
    0x7B, 0xFF, 0x8C, 0xDF, 0xE5, 0xA8, 0x8E, 0x19, 0x0F, 0xBB, 0x4C, 0xF1, 0xD0, 0xC4, 0x18, 0xEC,
    0x62, 0x6C, 0xF6, 0x92, 0xBF, 0x9E, 0x0E, 0xFB, 0x69, 0x63, 0xED, 0x3F, 0xEF, 0x37, 0xFA, 0xFB,
    0x5D, 0x3F, 0xEF, 0x93, 0xB3, 0xCA, 0xE3, 0x17, 0x41, 0x9D, 0x61, 0xDD, 0xDB, 0x60, 0x1F, 0xCF,
    0xB7, 0x8B, 0xB2, 0x2C, 0x6B, 0x3B, 0x31, 0xD9, 0x52, 0x1B, 0x5A, 0xCF, 0xF6, 0x6D, 0xB5, 0xAD,
    0x9D, 0xCE, 0x36, 0xD9, 0x34, 0xC8, 0xA4, 0xBD, 0x22, 0x7A, 0xAF, 0x0D, 0x37, 0x7A, 0xF0, 0x1D,
    0xAC, 0xA2, 0xE5, 0xB7, 0x74, 0xA4, 0x29, 0x1E, 0x78, 0x6F, 0x63, 0xF5, 0xDC, 0x85, 0xDA, 0x1E,
    0x0E, 0xE0, 0x93, 0x72, 0xE3, 0x0E, 0xF8, 0xB9, 0xE9, 0x0E, 0xE6, 0x39, 0xC5, 0xDD, 0xC9, 0x1F,
    0xAF, 0xAC, 0x74, 0x7E, 0xA8, 0x1C, 0x7A, 0xEC, 0xFF, 0xC1, 0xFE, 0x8B, 0x61, 0x70, 0xEF, 0x2B,
    0x0B, 0xAE, 0xE5, 0x2B, 0xC2, 0xB1, 0x2F, 0xAD, 0x90, 0x55, 0xB3, 0xF9, 0x4C, 0xDA, 0x6A, 0xBF,
    0x8D, 0x36, 0xD5, 0x4A, 0x5B, 0xDD, 0xA9, 0xC1, 0xAB, 0x10, 0x33, 0xDA, 0x87, 0x12, 0x4E, 0xE7,
    0x84, 0xBB, 0x33, 0xC2, 0xFD, 0x19, 0xE1, 0xF0, 0x16, 0xC2, 0x78, 0x7C, 0x6E, 0x44, 0xB8, 0x9A,
    0xA3, 0x76, 0x7F, 0xEA, 0x3C, 0xB5, 0x08, 0x63, 0xF6, 0xCD, 0x0F, 0x84, 0xF8, 0xBC, 0x76, 0xC2,
    0x9A, 0x7D, 0x63, 0xF0, 0xD7, 0x98, 0x5C, 0x20, 0x2F, 0x20, 0x13, 0xA7, 0x9F, 0xE0, 0xE5, 0xEB,
    0x62, 0x7D, 0xC8, 0x21, 0x79, 0x3A, 0xC9, 0x47, 0xF9, 0x1F, 0xFD, 0xE9, 0x54, 0x53, 0x85, 0x76,
    0x5A, 0x49, 0xB7, 0xCA, 0x3E, 0x4B, 0x25, 0x9F, 0x95, 0x72, 0xDA, 0xC6, 0x9E, 0xA9, 0x8C, 0xA7,
    0x35, 0x8A, 0x91, 0x49, 0xA2, 0x0A, 0xB4, 0x86, 0xF5, 0x50, 0xEA, 0x92, 0x1D, 0x26, 0x95, 0xE6,
    0x4A, 0x85, 0xEE, 0xF3, 0x89, 0xFC, 0x9D, 0x02, 0xEA, 0x75, 0x8A, 0x92, 0x7F, 0x57, 0xEF, 0x51,
    0x78, 0x39, 0x01, 0xB3, 0x8B, 0x27, 0xB6, 0x76, 0x21, 0x2F, 0x73, 0x85, 0xFB, 0x61, 0x71, 0x89,
    0xD4, 0xB1, 0x60, 0x9F, 0xC1, 0x8A, 0x54, 0x05, 0x69, 0x53, 0xC4, 0xA8, 0x45, 0xB5, 0x5D, 0x84,
    0xD9, 0xC8, 0x7E, 0xBD, 0xB1, 0x17, 0xEC, 0xEF, 0x0D, 0x39, 0xF3, 0x10, 0xE0, 0x1D, 0xE3, 0xA6,
    0x23, 0x13, 0x16, 0xAA, 0xAC, 0x5A, 0x17, 0xBC, 0xC7, 0x27, 0x53, 0x59, 0xCD, 0xCF, 0x14, 0x33,
    0xED, 0x54, 0x83, 0xCF, 0x50, 0x83, 0xE7, 0xAE, 0xEE, 0x0E, 0x2B, 0xDC, 0xF3, 0x7A, 0x83, 0xA2,
    0xFD, 0xCD, 0xA1, 0x90, 0x57, 0x55, 0xAF, 0x26, 0xAE, 0x33, 0x7B, 0xFE, 0xC4, 0x06, 0xE3, 0xB1,
    0x03, 0xAD, 0x57, 0x1C, 0x16, 0xA8, 0xD0, 0x2D, 0xD4, 0x90, 0xBF, 0xED, 0xAA, 0x6F, 0xF5, 0xBC,
    0x68, 0xC5, 0x27, 0xF2, 0x64, 0x23, 0xF2, 0x23, 0xD7, 0xFA, 0x8E, 0xBD, 0xA1, 0xCB, 0x70, 0xCB,
    0x62, 0xE3, 0x96, 0xC5, 0xFD, 0x28, 0x4D, 0x6E, 0x59, 0x72, 0xB5, 0xDA, 0x6F, 0x65, 0x4F, 0x9F,
    0x58, 0x8F, 0x13, 0xC2, 0x28, 0x83, 0x6A, 0xEE, 0xDF, 0xFC, 0xF1, 0x67, 0x76, 0xD7, 0xCF, 0x32,
    0xD7, 0x81, 0xB4, 0x83, 0xF8, 0x14, 0xC7, 0x5A, 0xBC, 0xD5, 0x5A, 0x89, 0xA6, 0x38, 0x92, 0xE1,
    0x10, 0x4D, 0xF7, 0xBA, 0x5E, 0x3A, 0xDF, 0x00, 0x3E, 0x55, 0x20, 0xCF, 0xA0, 0xD1, 0x10, 0xD7,
    0x0A, 0xBE, 0xEE, 0xB5, 0x41, 0x86, 0x85, 0x45, 0x79, 0x7E, 0x46, 0x87, 0x07, 0x4D, 0x4A, 0x7E,
    0x43, 0x57, 0xB1, 0x24, 0x9F, 0xAF, 0x67, 0x9E, 0xF4, 0x9F, 0x80, 0x66, 0xE5, 0x55, 0x70, 0x0F,
    0x9C, 0x72, 0xC8, 0xF0, 0xC2, 0xAF, 0x77, 0x35, 0xB9, 0xFB, 0x1F, 0x4D, 0x0E, 0xEC, 0x41, 0xCF,
    0xAD, 0x79, 0x74, 0xF7, 0xB7, 0x5D, 0x0F, 0xFA, 0xBC, 0xB8, 0x92, 0x65, 0x9D, 0xCF, 0x57, 0x51,
    0x92, 0x41, 0x9E, 0xBC, 0x3E, 0x94, 0xC6, 0x13, 0x7A, 0x24, 0x6A, 0xF2, 0x06, 0xC7, 0x36, 0x87,
    0x56, 0xAC, 0xA0, 0xBC, 0x20, 0xF1, 0xC3, 0xB7, 0x64, 0xB2, 0x93, 0x9B, 0xC7, 0xAE, 0xE7, 0xFC,
    0xAF, 0xF4, 0xF6, 0x91, 0x26, 0xFC, 0xD8, 0xD7, 0xA5, 0x37, 0x5E, 0xB4, 0xC9, 0xCD, 0xBB, 0x6C,
    0x92, 0xDC, 0xB1, 0x49, 0xFF, 0xB1, 0x36, 0xD1, 0x5A, 0x0B, 0xFA, 0x02, 0x64, 0x98, 0x7D, 0xE4,
    0xE2, 0x0A, 0xB4, 0x05, 0x57, 0xCC, 0x69, 0x07, 0xCA, 0xD3, 0xB1, 0xE1, 0x6C, 0x57, 0xF2, 0x44,
    0xDA, 0x4D, 0x36, 0xFC, 0xD0, 0x98, 0xCE, 0x41, 0xFB, 0x1D, 0x3C, 0xFA, 0x64, 0x08, 0xD0, 0xC4,
    0xC8, 0xB3, 0x97, 0x98, 0x00, 0x18, 0xBB, 0x6D, 0x36, 0x1B, 0xDC, 0xCB, 0x31, 0xEB, 0x3C, 0xE0,
    0x35, 0xEB, 0xAB, 0x51, 0x16, 0xAD, 0xC6, 0xAC, 0x97, 0x0E, 0xEE, 0xF3, 0x2F, 0x59, 0x8F, 0x1C,
    0x1C, 0xF0, 0x3C, 0x98, 0x5F, 0x78, 0xBF, 0x1E, 0x93, 0xC3, 0xDF, 0x2F, 0x79, 0x64, 0x65, 0x3A,
    0xB6, 0x70, 0x1C, 0x97, 0x9C, 0x62, 0x41, 0xA3, 0x43, 0xA2, 0x51, 0x96, 0xB7, 0x16, 0x2F, 0x92,
    0x0F, 0xB6, 0x11, 0xF3, 0x7A, 0x87, 0x4A, 0x0C, 0x83, 0x53, 0xCE, 0x48, 0xC0, 0xBD, 0x5B, 0xB1,
    0x8C, 0x41, 0xF9, 0xA5, 0x4A, 0x38, 0x5A, 0xE9, 0x0D, 0x35, 0xCA, 0x7A, 0x9C, 0x33, 0xA1, 0x44,
    0x33, 0x09, 0xA5, 0x2D, 0x85, 0x1C, 0xAA, 0x2A, 0x4F, 0x64, 0x81, 0xB4, 0xFD, 0x9A, 0x7C, 0x50,
    0x7F, 0xE3, 0x9C, 0xE5, 0x28, 0x46, 0xAB, 0xA4, 0x5C, 0x71, 0xCD, 0x91, 0xCB, 0x92, 0x33, 0x96,
    0x87, 0x2C, 0xBD, 0xC6, 0xAB, 0x1A, 0x11, 0xE1, 0xEE, 0xED, 0x99, 0x29, 0x70, 0x78, 0xE3, 0xE5,
    0x39, 0x1D, 0xF2, 0xB5, 0xD9, 0x9F, 0x67, 0x9F, 0x7C, 0x73, 0x9C, 0x4D, 0x1D, 0x0A, 0x44, 0x3A,
    0xE7, 0xD3, 0xDA, 0x7E, 0xB8, 0x76, 0xD9, 0x70, 0xDE, 0x36, 0x72, 0xD1, 0x8C, 0xDD, 0xA0, 0x0D,
    0x89, 0x3A, 0x37, 0x5F, 0x25, 0xDE, 0x74, 0x9F, 0xE4, 0xE6, 0xE6, 0x33, 0x09, 0x2E, 0xA4, 0x88,
    0x3D, 0xD3, 0xFC, 0xA4, 0x34, 0xDF, 0xA6, 0xC7, 0x02, 0x41, 0xE9, 0x79, 0x44, 0x72, 0xAB, 0x26,
    0xC8, 0x90, 0x73, 0xC8, 0x91, 0x99, 0x3A, 0xD3, 0x9F, 0xBC, 0xEA, 0x19, 0x3E, 0x2F, 0x5A, 0xF1,
    0x29, 0x8E, 0xC9, 0x53, 0x69, 0xBE, 0x8D, 0x3E, 0x47, 0x19, 0xA2, 0x4E, 0x5E, 0x1F, 0x06, 0xBD,
    0x77, 0x8B, 0x88, 0x6B, 0x1C, 0xFE, 0x27, 0x45, 0xC4, 0xFB, 0x94, 0x0F, 0xC3, 0x5C, 0x44, 0xD4,
    0xC7, 0x22, 0xE2, 0xFA, 0x4E, 0x11, 0xA1, 0xB5, 0xDE, 0x1C, 0x8B, 0x88, 0x0F, 0x0B, 0xC6, 0x0F,
    0x3C, 0x26, 0x1E, 0xE4, 0xE8, 0xD6, 0x31, 0x51, 0x9C, 0x1D, 0x13, 0xF7, 0xBD, 0x7A, 0xC2, 0x0F,
    0xEE, 0x91, 0x21, 0x1E, 0xD7, 0xF1, 0xF5, 0xF2, 0x8A, 0x75, 0x4D, 0x48, 0x4E, 0x4F, 0xDB, 0x7B,
    0xBF, 0x54, 0xE0, 0x2E, 0x39, 0xE7, 0xA2, 0x56, 0x34, 0x24, 0x55, 0x81, 0xDB, 0x9E, 0x16, 0xB8,
    0x90, 0xA6, 0x7C, 0x5C, 0xB0, 0x39, 0xF2, 0x67, 0x7E, 0xAF, 0xDF, 0xC6, 0x5E, 0x68, 0x1C, 0xAF,
    0x51, 0x99, 0x27, 0xAF, 0x5F, 0xCF, 0xC5, 0xFC, 0x1C, 0x13, 0x8C, 0x8F, 0xDA, 0xCA, 0x27, 0x28,
    0x4D, 0x60, 0xDB, 0xFC, 0xE8, 0xCB, 0xBB, 0xA5, 0x26, 0xFB, 0x2A, 0x26, 0xBE, 0xFD, 0xE6, 0x27,
    0xC5, 0xFC, 0xB8, 0x22, 0x22, 0x8E, 0xD9, 0x6C, 0x2C, 0x11, 0x4D, 0x2C, 0x54, 0x30, 0xE4, 0xD9,
    0x68, 0xD0, 0xF3, 0xB0, 0x51, 0x1B, 0xAF, 0x7D, 0xD4, 0xC0, 0x8A, 0x79, 0x22, 0xA5, 0x06, 0xAA,
    0xB9, 0xB8, 0xCF, 0x0F, 0xE5, 0x69, 0xDD, 0x2D, 0xE7, 0x12, 0xFF, 0xB6, 0xE6, 0x40, 0xD1, 0xB3,
    0xB7, 0xFA, 0xB7, 0x2D, 0x1A, 0x9F, 0xCC, 0xD8, 0x1B, 0x16, 0x13, 0x9B, 0xCA, 0x22, 0xB0, 0x1B,
    0xAD, 0x34, 0x26, 0x9C, 0xEB, 0x2B, 0x0C, 0x13, 0x7B, 0xF6, 0x8C, 0xD5, 0xB0, 0xD2, 0xCF, 0x7A,
    0x84, 0x7C, 0xE4, 0xD0, 0x10, 0xBF, 0x44, 0xF2, 0x14, 0xC5, 0x0C, 0xCC, 0xD9, 0xDC, 0x84, 0x63,
    0x93, 0xB5, 0x8C, 0x03, 0xEF, 0x38, 0xFE, 0x31, 0x35, 0x9E, 0xD5, 0x3C, 0x3C, 0x68, 0xD4, 0xB1,
    0xC5, 0x6E, 0x58, 0x0E, 0xB9, 0x78, 0x8C, 0xC6, 0xD6, 0x4B, 0x9C, 0xF5, 0xC4, 0xF9, 0x23, 0x7E,
    0xAE, 0x82, 0x70, 0xEC, 0x9E, 0xB6, 0x6B, 0x4C, 0x75, 0x70, 0xE6, 0x69, 0x54, 0x59, 0x70, 0x28,
    0x8A, 0x7E, 0x0C, 0xBF, 0x77, 0x62, 0x2B, 0x15, 0xF6, 0xED, 0xCF, 0xEF, 0xD0, 0xE3, 0x70, 0xCC,
    0x69, 0xFF, 0x18, 0x72, 0xCC, 0x77, 0xFE, 0x62, 0xBF, 0x0B, 0x1C, 0x80, 0xFE, 0xDD, 0x36, 0x23,
    0x3D, 0xEE, 0x9F, 0xB6, 0x9E, 0x38, 0x2E, 0xFD, 0xF7, 0xB8, 0xB2, 0x6A, 0xE0, 0x78, 0x4E, 0x12,
    0xD7, 0x36, 0x2C, 0x4C, 0x13, 0xA8, 0x5E, 0xC2, 0x17, 0x6C, 0x36, 0xF1, 0x63, 0xA6, 0x5F, 0x0A,
    0x0D, 0xA9, 0x5A, 0x6D, 0x01, 0xB3, 0x90, 0x3C, 0x8E, 0x8D, 0xD4, 0x70, 0x2F, 0xA1, 0xE0, 0xC0,
    0xD9, 0x93, 0x66, 0x6C, 0xAD, 0xC6, 0x4F, 0x3C, 0x47, 0x13, 0xF0, 0x46, 0x07, 0x32, 0x72, 0xC6,
    0x95, 0x5B, 0x1C, 0x39, 0xBD, 0x82, 0x1E, 0xD6, 0xFA, 0x85, 0x62, 0x19, 0xE7, 0x6E, 0x87, 0xB1,
    0x59, 0x9C, 0xAE, 0xC6, 0xA6, 0x76, 0xAF, 0xEF, 0xFA, 0xD3, 0x6E, 0x96, 0x93, 0xA7, 0xCC, 0xFE,
    0x80, 0x4E, 0xBF, 0x30, 0x8E, 0x08, 0xEB, 0xB0, 0xD2, 0x11, 0x9D, 0xB0, 0x2F, 0xDC, 0x63, 0x0A,
    0x93, 0x52, 0xD8, 0x2D, 0xC6, 0x32, 0x3A, 0xC7, 0x3F, 0x95, 0x6B, 0x4E, 0x46, 0xD7, 0x64, 0x47,
    0xBB, 0x9B, 0x93, 0xE9, 0xC5, 0x63, 0x24, 0x82, 0x1A, 0x6E, 0xE8, 0xC1, 0x8C, 0x1F, 0x03, 0x49,
    0xD5, 0x30, 0xDD, 0x6D, 0xD7, 0x0C, 0xE6, 0x85, 0x7E, 0x37, 0xBF, 0xC4, 0xC4, 0xFC, 0xBF, 0xB5,
    0x92, 0xBB, 0x8D, 0xC3, 0x30, 0x10, 0x44, 0x57, 0x56, 0xA0, 0x80, 0x81, 0x22, 0xD7, 0xE1, 0x12,
    0xCC, 0x12, 0x2E, 0x61, 0x7C, 0x25, 0xA8, 0x04, 0xB9, 0x33, 0xB2, 0x04, 0x27, 0x97, 0x5F, 0x09,
    0x0A, 0x14, 0xD8, 0x80, 0xCC, 0xBD, 0xB7, 0x2B, 0x7F, 0x00, 0xE3, 0x00, 0x3B, 0xB1, 0x84, 0x19,
    0x82, 0x5C, 0x6A, 0x66, 0x76, 0x21, 0x55, 0x9E, 0xA2, 0xCF, 0x7C, 0x70, 0x96, 0x94, 0x92, 0x2E,
    0x22, 0xD2, 0xEA, 0x04, 0x07, 0x3D, 0xC2, 0x3B, 0x8D, 0xF0, 0x58, 0x21, 0xD1, 0xD3, 0xBD, 0xD8,
    0x6B, 0xF1, 0xA2, 0x1D, 0xE7, 0x0B, 0xD4, 0xE8, 0xEC, 0xC5, 0x5F, 0x2F, 0xFE, 0xA4, 0x14, 0xF7,
    0xAE, 0x9F, 0xFF, 0x77, 0x2C, 0xFE, 0xF1, 0x06, 0xD3, 0x1E, 0xEC, 0x00, 0xD7, 0x25, 0x6B, 0x12,
    0x4B, 0x60, 0x5A, 0x8E, 0xE9, 0x25, 0x36, 0x20, 0xE0, 0x6A, 0x92, 0x4A, 0x56, 0x25, 0x0C, 0x4A,
    0xBE, 0x1F, 0x38, 0x6F, 0xDF, 0xD0, 0x78, 0xF8, 0xE1, 0x6D, 0x19, 0xC6, 0x6B, 0x1E, 0xCB, 0x66,
    0x19, 0x2D, 0xE0, 0xF4, 0xA9, 0x37, 0x9F, 0xCD, 0xB4, 0x80, 0x09, 0x2C, 0xE0, 0x22, 0xDB, 0xAC,
    0xEB, 0x74, 0xFB, 0xB7, 0x10, 0x1D, 0x01, 0x91, 0x8E, 0x36, 0xDA, 0xB5, 0x7F, 0xA1, 0x05, 0x5F,
    0xAD, 0x83, 0x4E, 0xCF, 0x5E, 0xBF, 0xDD, 0x7D, 0xA5, 0x89, 0xB7, 0x65, 0xC8, 0x5A, 0xAF, 0x99,
    0xE6, 0x35, 0x23, 0x59, 0x65, 0x38, 0x49, 0x93, 0x22, 0x2E, 0xA0, 0x30, 0xA2, 0x23, 0x0B, 0x03,
    0x9A, 0x83, 0x1E, 0x18, 0x5A, 0xFD, 0xD6, 0x38, 0xD6, 0xC1, 0xFE, 0xA7, 0xBC, 0x74, 0xEC, 0x99,
    0x6C, 0xA3, 0x68, 0x20, 0x31, 0xD2, 0x62, 0xFA, 0x92, 0x50, 0xA3, 0xFC, 0x01, 0xED, 0x59, 0xBD,
    0x92, 0xE3, 0xC6, 0x11, 0x1E, 0x12, 0xA5, 0x63, 0x95, 0x11, 0x20, 0xF1, 0x25, 0xDA, 0x00, 0x8E,
    0x2F, 0x81, 0x43, 0x27, 0x2E, 0xA0, 0x4A, 0x81, 0x53, 0x05, 0x47, 0x39, 0x50, 0xA0, 0xC4, 0xF9,
    0x3E, 0x02, 0xF0, 0x08, 0x97, 0x38, 0x57, 0xA0, 0x72, 0xC9, 0x1B, 0x3B, 0x36, 0x60, 0xFB, 0x05,
    0xA8, 0x37, 0x40, 0xB0, 0xCA, 0x51, 0x65, 0x5C, 0x19, 0x27, 0x01, 0x6C, 0x7F, 0x5F, 0x77, 0x0F,
    0x41, 0xEE, 0x2D, 0x57, 0xEB, 0x2D, 0x67, 0x12, 0x76, 0x89, 0x6E, 0xE2, 0xA7, 0xA7, 0xFB, 0xEB,
    0x9F, 0xE9, 0x19, 0xDE, 0xDC, 0xD7, 0x8B, 0xE8, 0x51, 0x2F, 0xF9, 0x7D, 0xD0, 0xA3, 0x9C, 0x9F,
    0xFF, 0xC7, 0xA7, 0xED, 0x9D, 0x87, 0xE7, 0x7A, 0xC1, 0xA9, 0x10, 0x19, 0xC3, 0x06, 0xD2, 0x8F,
    0x21, 0xE5, 0x20, 0x5D, 0xCE, 0x73, 0x5F, 0xF2, 0x3C, 0xD4, 0x52, 0x6D, 0x65, 0x6A, 0xF1, 0xB4,
    0xCC, 0x32, 0xE1, 0x8D, 0x19, 0x0F, 0x87, 0xD7, 0x6F, 0x65, 0xE0, 0xFB, 0x57, 0xCF, 0xA3, 0x3E,
    0xA9, 0xCF, 0xEB, 0xBB, 0x93, 0xCA, 0x19, 0x4D, 0xA6, 0xC9, 0xD7, 0xB1, 0x1A, 0x1B, 0x37, 0xE0,
    0x12, 0x0D, 0xAB, 0xAF, 0xE8, 0x69, 0xE7, 0x57, 0x78, 0x0B, 0xA4, 0xD5, 0x37, 0x12, 0x55, 0x35,
    0x64, 0x2A, 0x91, 0x36, 0x08, 0x86, 0x2B, 0xE5, 0xCF, 0x5F, 0xC8, 0x1C, 0x5A, 0x98, 0x55, 0x1F,
    0x03, 0xC7, 0x2F, 0x44, 0x95, 0xC9, 0x45, 0x35, 0xFB, 0xD5, 0x9D, 0x2B, 0xF8, 0x28, 0xD9, 0xCB,
    0xFB, 0xFD, 0x1E, 0x5F, 0x78, 0x3C, 0x4D, 0x9E, 0x92, 0xF2, 0x88, 0xCC, 0xFD, 0x5E, 0x7E, 0xFA,
    0xD8, 0xF2, 0xF1, 0x6D, 0x48, 0xBB, 0xF0, 0x6B, 0x9C, 0x8A, 0xE1, 0x56, 0xC6, 0x62, 0x68, 0xF5,
    0xD6, 0x5C, 0x2B, 0x99, 0x14, 0x38, 0xE9, 0x77, 0x4A, 0x9A, 0x9D, 0x7C, 0xD8, 0xB4, 0xD2, 0x64,
    0x72, 0x00, 0x0A, 0x70, 0x5A, 0x05, 0x4C, 0x7A, 0xD8, 0x1B, 0xB6, 0x32, 0x94, 0x40, 0x68, 0x03,
    0xB2, 0xA8, 0x22, 0x8F, 0x92, 0xC2, 0x1E, 0xE1, 0x0B, 0x78, 0x2F, 0x93, 0x26, 0xEC, 0xE4, 0x90,
    0x01, 0xE1, 0x5C, 0xBA, 0x9D, 0x1C, 0xBF, 0xC0, 0x08, 0xEA, 0x22, 0xE9, 0x14, 0x5C, 0x39, 0xE9,
    0xF2, 0x03, 0xCE, 0xED, 0x94, 0xF7, 0x37, 0xF2, 0x2E, 0xEF, 0x93, 0x06, 0xC2, 0x76, 0x4D, 0xF0,
    0xA8, 0x14, 0xB5, 0x7C, 0xA6, 0x34, 0x48, 0x1D, 0x52, 0xE8, 0x06, 0xB1, 0x7D, 0x42, 0x30, 0xA0,
    0xE4, 0x86, 0xBE, 0x28, 0xA0, 0x29, 0x83, 0x82, 0x3A, 0xF2, 0x03, 0x87, 0xD1, 0x4D, 0x7A, 0x0F,
    0xCF, 0xE8, 0xB3, 0x50, 0x25, 0x85, 0x77, 0x69, 0x8A, 0xCA, 0x82, 0x2F, 0x4D, 0x76, 0x3D, 0x6B,
    0xCC, 0x62, 0x24, 0xD1, 0x98, 0xC8, 0x45, 0x71, 0x7E, 0xFD, 0x95, 0xC8, 0xF7, 0x6F, 0xF5, 0xB2,
    0xDE, 0xF8, 0x29, 0x1A, 0x43, 0xEA, 0xF5, 0xBE, 0x5E, 0xF6, 0x2F, 0x78, 0xEF, 0x0A, 0x95, 0xE1,
    0x39, 0x7F, 0xE1, 0xE2, 0x78, 0xE6, 0x3B, 0x37, 0x22, 0xEF, 0x34, 0x4B, 0x67, 0xCB, 0xD2, 0x2A,
    0x5F, 0x7D, 0x83, 0x5C, 0xDD, 0xFF, 0x51, 0x1D, 0xEB, 0x3E, 0xBF, 0xFB, 0x9A, 0xC0, 0x12, 0x56,
    0xA4, 0x00, 0x73, 0xE4, 0xDE, 0x12, 0xE6, 0x3E, 0xE8, 0x5B, 0x95, 0x9A, 0xD3, 0xB7, 0x33, 0x24,
    0x4D, 0x80, 0xFD, 0x06, 0xB9, 0x0D, 0xAD, 0x5A, 0xCD, 0xED, 0x72, 0x96, 0x63, 0x85, 0x73, 0x8B,
    0x2C, 0xAB, 0x67, 0x3C, 0xF9, 0xA3, 0x4C, 0x3A, 0x62, 0xCF, 0xCC, 0x83, 0xEF, 0x36, 0x9A, 0x78,
    0x31, 0x1B, 0x77, 0x31, 0xEF, 0x39, 0x2E, 0xCE, 0x42, 0x9F, 0xA9, 0x56, 0x43, 0xB6, 0x46, 0x6B,
    0xB7, 0xB1, 0xC4, 0xD1, 0x5A, 0xC3, 0xFA, 0x01, 0xB6, 0xC1, 0x7F, 0x3B, 0x04, 0xE9, 0x21, 0x41,
    0x4D, 0x44, 0x88, 0xF1, 0xAB, 0xDE, 0xA0, 0xFC, 0x0F, 0x14, 0xCC, 0x17, 0xF9, 0x4A, 0x6A, 0x85,
    0x22, 0x68, 0x2A, 0x1C, 0x70, 0x79, 0xC1, 0xD0, 0x23, 0xAC, 0x3A, 0x68, 0xD9, 0x48, 0x79, 0x0F,
    0xA7, 0x7C, 0xDA, 0xC9, 0xB4, 0x85, 0x85, 0xD0, 0x04, 0x39, 0xDF, 0x95, 0x1D, 0x47, 0x2F, 0xBB,
    0xFA, 0x9F, 0x8A, 0xD3, 0xA1, 0xFD, 0x4C, 0x30, 0x68, 0xDE, 0x4B, 0x22, 0xA1, 0x1C, 0xB2, 0x81,
    0x14, 0x08, 0x3D, 0x4A, 0x5F, 0x7F, 0x6E, 0x94, 0xCF, 0xC5, 0xF7, 0x54, 0xCE, 0xA1, 0x3C, 0x44,
    0xB9, 0x71, 0x1C, 0x8E, 0x3B, 0x62, 0xDC, 0xA8, 0x47, 0x42, 0x88, 0x10, 0x13, 0x51, 0xCF, 0xA8,
    0xF7, 0xC9, 0x8E, 0x68, 0x97, 0xDB, 0x89, 0x4C, 0xAE, 0x70, 0x8B, 0xC8, 0x11, 0xF3, 0x63, 0x3D,
    0xDE, 0xC8, 0xEB, 0x2A, 0x91, 0xAD, 0xFC, 0x47, 0x88, 0x66, 0x1D, 0xCB, 0xC4, 0x01, 0x78, 0x22,
    0x3F, 0xA5, 0xBF, 0xB5, 0x19, 0x01, 0x9F, 0x42, 0x7E, 0x90, 0x57, 0xF2, 0xDD, 0xDD, 0x59, 0x50,
    0x25, 0xF8, 0x74, 0x4C, 0x0F, 0x38, 0x88, 0xB4, 0x06, 0xAB, 0xE9, 0x04, 0x2F, 0x77, 0x8C, 0x08,
    0x53, 0xB0, 0x16, 0x66, 0x3B, 0x2E, 0x1F, 0xE1, 0xDB, 0x06, 0x97, 0xC7, 0x44, 0x58, 0x3B, 0x59,
    0x4E, 0x06, 0xA8, 0x88, 0x08, 0xC0, 0xE5, 0x94, 0x96, 0x2D, 0x4C, 0x82, 0x2E, 0xA3, 0xB7, 0x0B,
    0x26, 0xE7, 0x48, 0xD7, 0x4F, 0x1B, 0xB5, 0x05, 0x08, 0x94, 0x14, 0x17, 0x6F, 0xA4, 0x74, 0x81,
    0x96, 0x17, 0xA1, 0x2C, 0xAD, 0x0B, 0x19, 0x69, 0xCA, 0xE8, 0xE8, 0x78, 0x03, 0x83, 0x50, 0xAF,
    0x12, 0xBA, 0x90, 0xA6, 0xD0, 0xAD, 0xD3, 0xFA, 0x17, 0x42, 0xB3, 0xD7, 0xE3, 0xAD, 0xD9, 0x3B,
    0x3F, 0x45, 0xCE, 0x33, 0xF0, 0xA5, 0xE4, 0xCD, 0xB7, 0x3E, 0xD8, 0xFC, 0xF0, 0xF3, 0xF2, 0x18,
    0xC4, 0x63, 0x1A, 0x83, 0x8C, 0x11, 0x8F, 0xC1, 0x1E, 0x31, 0x48, 0x3A, 0x20, 0x06, 0x2B, 0xE9,
    0x6A, 0xC6, 0x20, 0xE3, 0x93, 0x31, 0x18, 0xF8, 0x5D, 0x29, 0xC4, 0x3A, 0xAD, 0x8C, 0x2E, 0x61,
    0xFD, 0x8E, 0xF7, 0xFE, 0x01, 0xCF, 0xF4, 0x90, 0xD3, 0xB5, 0x16, 0x83, 0x5D, 0xDD, 0x33, 0x06,
    0x45, 0x3F, 0xF9, 0x74, 0xD7, 0xBC, 0xF9, 0xCB, 0xCB, 0x63, 0xF0, 0x2A, 0x0E, 0x6D, 0x8F, 0x57,
    0x8E, 0x4C, 0xDE, 0x06, 0x22, 0x0E, 0xED, 0xA1, 0xEE, 0x51, 0x7F, 0xA0, 0x17, 0x74, 0x03, 0xE5,
    0x77, 0x5E, 0x2F, 0x74, 0xCA, 0x38, 0x22, 0x96, 0xEF, 0x9F, 0xEA, 0x0D, 0x1E, 0x9C, 0xF7, 0x9C,
    0x22, 0xDF, 0x9E, 0xB9, 0xF5, 0x91, 0xF3, 0xF3, 0xA5, 0x9D, 0x1F, 0x67, 0x61, 0x74, 0x55, 0xF2,
    0x16, 0x96, 0xA3, 0x4E, 0x35, 0x25, 0xED, 0x82, 0x77, 0xA4, 0xAF, 0x15, 0x4D, 0x00, 0xC7, 0x8A,
    0xD8, 0x03, 0xB8, 0x0E, 0xE1, 0xCB, 0x26, 0x28, 0x70, 0xA6, 0x65, 0x95, 0xC3, 0xD5, 0x40, 0x18,
    0xE9, 0xCD, 0xF3, 0x0F, 0x93, 0x21, 0x63, 0x75, 0xB0, 0xC9, 0x72, 0x92, 0xFB, 0x62, 0x46, 0xCA,
    0x40, 0xFB, 0x7C, 0x06, 0x78, 0x23, 0xF3, 0xC3, 0x3F, 0x40, 0xFD, 0x16, 0xD7, 0x33, 0xBD, 0x2F,
    0xF7, 0xB7, 0x33, 0x9F, 0x2F, 0xAD, 0x66, 0x76, 0x9A, 0x3B, 0x98, 0xE6, 0x64, 0x46, 0x39, 0x4F,
    0x74, 0x26, 0x44, 0xC2, 0x16, 0x8B, 0xB6, 0x47, 0x37, 0x8A, 0x87, 0xEA, 0xAE, 0x95, 0x75, 0xD6,
    0x2A, 0x3B, 0x6B, 0xC5, 0x9D, 0xCB, 0xB5, 0x5B, 0xB8, 0x38, 0xB7, 0x57, 0xAE, 0x97, 0x67, 0xEF,
    0x66, 0x67, 0x32, 0x4D, 0xBE, 0x8F, 0x15, 0x62, 0x0F, 0xF9, 0xFF, 0x38, 0xDF, 0x9C, 0xF7, 0xB2,
    0x63, 0x82, 0x96, 0x73, 0x0E, 0xD9, 0x14, 0x8A, 0x63, 0x55, 0xB0, 0xF8, 0x4D, 0x84, 0x0A, 0x88,
    0xE5, 0xB3, 0x7A, 0x68, 0x04, 0x9A, 0x0A, 0x06, 0x60, 0xC0, 0x5D, 0xA0, 0xAA, 0xFF, 0xF5, 0xF0,
    0x37, 0x78, 0xE7, 0x19, 0xFF, 0xEC, 0x8F, 0x18, 0xED, 0xEC, 0x0C, 0xB5, 0x98, 0x21, 0x8F, 0x64,
    0xDC, 0x49, 0xC3, 0x09, 0x09, 0xD9, 0x13, 0xAE, 0x9C, 0xD0, 0xB0, 0x74, 0x75, 0x9C, 0x28, 0xE9,
    0xD3, 0x19, 0x75, 0x8B, 0x2E, 0x3F, 0x3F, 0x90, 0x5C, 0xBF, 0x25, 0x85, 0x2F, 0x7F, 0x4F, 0xCA,
    0x0A, 0x59, 0x31, 0x0C, 0x9B, 0x50, 0xF6, 0x16, 0x8E, 0xD6, 0x14, 0x2C, 0x0C, 0x20, 0xF6, 0xAD,
    0x4D, 0xC1, 0x29, 0x13, 0xA5, 0x75, 0x47, 0x58, 0x13, 0xC5, 0x59, 0x6F, 0x54, 0x8C, 0x0A, 0xDC,
    0xC0, 0x64, 0x39, 0xC5, 0x1B, 0x6B, 0x7D, 0x8D, 0x65, 0xD5, 0xCB, 0xEC, 0xC5, 0xE5, 0x89, 0x97,
    0xA1, 0xE6, 0x41, 0xFB, 0x28, 0xED, 0x91, 0x30, 0x46, 0xC9, 0x69, 0x1F, 0xA2, 0x4B, 0xAA, 0x3C,
    0x6B, 0x99, 0x0D, 0x01, 0x43, 0xFF, 0x8E, 0x14, 0x73, 0xEB, 0x6F, 0xD6, 0x89, 0x82, 0xDD, 0x55,
    0x3D, 0x68, 0x69, 0x0E, 0xDA, 0x7A, 0xE5, 0x2A, 0x7A, 0xB0, 0xFA, 0xD8, 0x92, 0xA9, 0x27, 0x67,
    0xB4, 0x49, 0xA8, 0x39, 0x31, 0x40, 0x16, 0x5D, 0xA0, 0x15, 0x86, 0x50, 0xEF, 0xB4, 0x49, 0x03,
    0x93, 0x69, 0x97, 0x06, 0x26, 0x5F, 0x9C, 0xF1, 0x0E, 0x7E, 0x08, 0xED, 0xE8, 0x8C, 0xE5, 0x69,
    0x39, 0x6C, 0xE5, 0xB0, 0xB9, 0x03, 0x58, 0x70, 0x6E, 0x47, 0x49, 0x25, 0xFA, 0xC5, 0x2A, 0x53,
    0x26, 0x33, 0x53, 0xCB, 0x01, 0x51, 0xDF, 0x2A, 0x53, 0x23, 0x55, 0x75, 0x34, 0xF8, 0x6F, 0xB6,
    0x39, 0xA4, 0x47, 0xF9, 0xE9, 0xA8, 0x75, 0x57, 0x1E, 0xC8, 0xD0, 0xAF, 0x95, 0xE8, 0xF4, 0xB6,
    0x45, 0xF7, 0xDF, 0xD1, 0x96, 0x24, 0x86, 0xB0, 0x33, 0xF5, 0x94, 0xC4, 0x82, 0x62, 0xCD, 0xD4,
    0x56, 0xBB, 0x18, 0x3C, 0x6C, 0xB6, 0xE0, 0x94, 0x4A, 0x65, 0x8C, 0xD9, 0xB2, 0xAF, 0xC2, 0xA7,
    0x7F, 0x3D, 0x73, 0x7B, 0x1A, 0x11, 0xCB, 0x22, 0x62, 0xD0, 0xF1, 0x01, 0x62, 0x34, 0xF5, 0x02,
    0xB1, 0x2D, 0x1D, 0xF4, 0xA7, 0x73, 0xC4, 0x6C, 0x94, 0x73, 0xC4, 0x8A, 0xAB, 0x88, 0x6D, 0x22,
    0x62, 0x09, 0x8B, 0x2C, 0x11, 0x43, 0x55, 0xD2, 0xA8, 0x06, 0x50, 0x9F, 0x71, 0x92, 0x28, 0x87,
    0xFC, 0xC8, 0xD4, 0x05, 0x53, 0xCE, 0x19, 0x58, 0x22, 0x36, 0x65, 0x73, 0x62, 0x8B, 0x95, 0x4F,
    0xDE, 0x92, 0x51, 0xB7, 0x65, 0xBA, 0x76, 0x82, 0x12, 0x5C, 0x24, 0xED, 0xB4, 0xEB, 0x1F, 0xCD,
    0x96, 0xD2, 0x10, 0xD3, 0xE9, 0x42, 0x6D, 0x49, 0x6C, 0xB9, 0x35, 0x69, 0x6C, 0xA8, 0x2D, 0xAC,
    0x65, 0x8A, 0x18, 0x8B, 0x85, 0x8A, 0x51, 0x26, 0xD5, 0xDE, 0x41, 0x33, 0x25, 0x18, 0x63, 0xB6,
    0xC4, 0x83, 0xB1, 0xA0, 0x45, 0x4D, 0x4D, 0xCB, 0x34, 0x93, 0xEA, 0x51, 0xBB, 0xEA, 0xD1, 0x31,
    0xA2, 0x2B, 0x36, 0x1A, 0xC5, 0x7D, 0x3E, 0x9B, 0x82, 0x77, 0x0D, 0x86, 0xDB, 0x29, 0x4C, 0x5A,
    0x15, 0xC4, 0x3A, 0xDA, 0xD1, 0x43, 0x8B, 0x29, 0x63, 0x48, 0x91, 0xAB, 0xC7, 0x78, 0xD7, 0x67,
    0x81, 0x62, 0xDE, 0x7A, 0xC2, 0x12, 0x05, 0x73, 0x6D, 0x86, 0x86, 0x17, 0x5D, 0x16, 0x7B, 0x4C,
    0x94, 0x3B, 0x2E, 0x0A, 0x59, 0x76, 0x0B, 0xE6, 0x27, 0x75, 0x01, 0x74, 0xC1, 0xD2, 0xBD, 0x6B,
    0xD1, 0x08, 0x89, 0xEA, 0x8C, 0x45, 0xCC, 0x8F, 0x3A, 0x32, 0xC4, 0xE5, 0xFF, 0x16, 0xCB, 0x99,
    0xAE, 0xFC, 0x97, 0x58, 0x2C, 0x54, 0xC0, 0x5F, 0x07, 0x91, 0x64, 0x49, 0x4C, 0xC3, 0x25, 0x9D,
    0x8C, 0x2B, 0xB5, 0xA6, 0x52, 0x9D, 0x76, 0x8C, 0x9C, 0x75, 0xC5, 0x03, 0x85, 0xB0, 0x93, 0xB3,
    0xB5, 0x8E, 0x06, 0xB1, 0x0A, 0xA9, 0x9C, 0xCB, 0x25, 0x38, 0xA7, 0xAB, 0xB5, 0xCD, 0x9E, 0x8D,
    0xCA, 0x37, 0x11, 0xCF, 0x1B, 0xDB, 0x04, 0xB0, 0x95, 0x90, 0x96, 0x8A, 0x8F, 0x88, 0xDF, 0xCB,
    0xC7, 0xF0, 0xF1, 0xF1, 0xE6, 0xDB, 0xF3, 0xFE, 0xC7, 0xD6, 0xDC, 0xC1, 0x9A, 0xA9, 0x44, 0x17,
    0x0C, 0x16, 0xCD, 0x6C, 0x0F, 0xB4, 0x37, 0x93, 0x63, 0xC4, 0x56, 0x17, 0x5E, 0xBA, 0xD8, 0x6B,
    0x7D, 0xEC, 0x29, 0xC4, 0xF5, 0xBE, 0x4F, 0xC0, 0xBE, 0xC4, 0xCE, 0xD6, 0x75, 0xB7, 0x2D, 0xF5,
    0x6A, 0x2E, 0xCD, 0x97, 0xB8, 0x90, 0xCA, 0x6D, 0xD9, 0xBE, 0xF3, 0x86, 0xC4, 0xFB, 0x11, 0x54,
    0xEA, 0xAF, 0x75, 0x5C, 0xD7, 0x5A, 0xE2, 0xDA, 0xCA, 0xA3, 0x29, 0x37, 0xDB, 0x82, 0x2D, 0x09,
    0x3D, 0x8E, 0x83, 0x07, 0xB6, 0x6A, 0xF5, 0x98, 0xB9, 0x67, 0x47, 0xDD, 0x5F, 0x0A, 0x16, 0x13,
    0xBC, 0x75, 0xD0, 0x12, 0xB1, 0x68, 0x83, 0x5A, 0x8D, 0x8D, 0x63, 0x03, 0x64, 0x5E, 0xFB, 0x8B,
    0xC5, 0x13, 0x71, 0x6E, 0x95, 0xD6, 0x53, 0x3D, 0xF9, 0xE2, 0x67, 0x36, 0xAA, 0x71, 0xBF, 0xE5,
    0x3A, 0xDA, 0xD4, 0x53, 0xBA, 0xE3, 0x5A, 0xBD, 0xD1, 0x68, 0x49, 0xAC, 0x3C, 0x59, 0x3D, 0x28,
    0x98, 0x6B, 0x83, 0x2F, 0x2E, 0x07, 0x6F, 0xCF, 0xB4, 0xD6, 0x7A, 0x89, 0xE2, 0xB1, 0x68, 0x97,
    0x46, 0x7C, 0x12, 0xF9, 0x7E, 0xBF, 0xFF, 0x4A, 0x2C, 0x5E, 0x32, 0x06, 0xB2, 0x76, 0xD4, 0x9D,
    0x47, 0xCD, 0xC1, 0x63, 0xA6, 0x2F, 0xAD, 0xB5, 0xB3, 0x75, 0x3E, 0xBC, 0xD0, 0xCE, 0xAB, 0xC9,
    0xB6, 0x2C, 0x3C, 0x01, 0xE0, 0x85, 0xC5, 0x33, 0xDD, 0x43, 0x31, 0x04, 0xCF, 0x35, 0xD5, 0xF0,
    0x62, 0x91, 0xFB, 0x0B, 0xAE, 0x8F, 0xE3, 0xFA, 0xE9, 0x3B, 0xC7, 0x61, 0xBC, 0xB0, 0x3F, 0x71,
    0xFB, 0x53, 0xB7, 0x37, 0x9F, 0x5B, 0x05, 0xAA, 0x1E, 0x4A, 0xB3, 0xEF, 0x90, 0x2D, 0x36, 0x07,
    0xEF, 0xE4, 0x17, 0x7C, 0xAF, 0xE3, 0x9B, 0x2E, 0x98, 0x0C, 0x74, 0xDD, 0xF5, 0x9D, 0x55, 0x72,
    0x51, 0x43, 0xB7, 0xBE, 0x19, 0x97, 0xC8, 0x1F, 0x14, 0x90, 0xED, 0x5D, 0xB8, 0xED, 0x9F, 0xC4,
    0xB1, 0x74, 0xFF, 0x78, 0x75, 0x8C, 0xC5, 0x32, 0x38, 0x7E, 0xDE, 0x61, 0x10, 0xCF, 0x83, 0xE3,
    0xD9, 0x3B, 0x8E, 0x8A, 0x5B, 0x76, 0xB4, 0x02, 0x53, 0x2C, 0x71, 0xA3, 0xD2, 0x74, 0xAD, 0x27,
    0x4B, 0x14, 0x16, 0x77, 0xB3, 0x41, 0x6D, 0xDB, 0xB2, 0xC4, 0x5B, 0x83, 0x92, 0x78, 0x7F, 0xA2,
    0xDD, 0x06, 0x6E, 0x2A, 0x7E, 0x34, 0xDC, 0x36, 0xC4, 0x2E, 0x37, 0x99, 0x6A, 0xC3, 0xCD, 0x70,
    0x14, 0xC7, 0x91, 0x4B, 0x90, 0xF7, 0xC4, 0xB1, 0x4B, 0x6C, 0x53, 0xAD, 0x4B, 0x4D, 0xB6, 0x6E,
    0xDD, 0x71, 0xD3, 0x25, 0xB7, 0xBE, 0x65, 0x2C, 0x7C, 0x13, 0xCE, 0x75, 0x9B, 0xDB, 0x53, 0xE6,
    0xFF, 0x5D, 0xFF, 0xB9, 0x04, 0x4F, 0x6C, 0x83, 0xCE, 0xF4, 0x8A, 0x34, 0x5E, 0x8F, 0xCF, 0xFD,
    0x0F, 0xF1, 0x78, 0xBC, 0x16, 0x8F, 0x9D, 0xC7, 0xFF, 0xC1, 0x71, 0xD4, 0x17, 0xF3, 0x63, 0xEB,
    0xF1, 0x68, 0x0E, 0xB1, 0xE5, 0x01, 0xCB, 0xB7, 0x4D, 0xED, 0xC0, 0xCF, 0x62, 0xA1, 0x4F, 0xCD,
    0xBF, 0x87, 0xC4, 0x62, 0xC5, 0xF4, 0x4C, 0x89, 0xDF, 0xC1, 0xAA, 0x94, 0x36, 0xD4, 0x78, 0xB8,
    0x1D, 0x1C, 0xC7, 0xF1, 0x01, 0x8E, 0x8B, 0xE3, 0xB8, 0xE2, 0xE9, 0x38, 0x56, 0x11, 0xC7, 0xE8,
    0xA3, 0xD4, 0x70, 0xEC, 0xD5, 0x77, 0xBE, 0x33, 0x4A, 0x3C, 0xAD, 0x66, 0xB6, 0xBE, 0xF1, 0xA8,
    0x9E, 0x2F, 0x7A, 0x2F, 0x9F, 0x0F, 0xF2, 0x7C, 0x6A, 0x2D, 0xFF, 0x86, 0xB2, 0x7B, 0x8C, 0xC6,
    0xFB, 0xF1, 0xF9, 0xF8, 0x7E, 0x94, 0xF7, 0x71, 0xBC, 0xC6, 0x79, 0xED, 0x12, 0xE7, 0xCD, 0x03,
    0x9C, 0x13, 0xCF, 0xFB, 0xF4, 0x41, 0xDE, 0xE7, 0xA7, 0xBC, 0x77, 0x3A, 0x5A, 0xDE, 0xB7, 0xA7,
    0xBC, 0xB7, 0xEE, 0xE2, 0x94, 0x83, 0x9D, 0xE7, 0x7F, 0x93, 0x7A, 0xDE, 0x7B, 0xCE, 0xDA, 0x16,
    0x07, 0x70, 0xD6, 0xF8, 0x8D, 0x79, 0x5F, 0x3A, 0xDE, 0x17, 0x79, 0x3F, 0x5F, 0xE6, 0xFD, 0xAD,
    0xEF, 0x34, 0xC5, 0xBC, 0xCF, 0xB8, 0x61, 0x5D, 0x29, 0xEE, 0x3E, 0xE6, 0x41, 0xF1, 0x4D, 0x4E,
    0xBA, 0x0C, 0x9E, 0xF7, 0x93, 0x5B, 0xE2, 0x49, 0x6E, 0x2D, 0x83, 0xB1, 0xE5, 0xCA, 0xB6, 0x2B,
    0x2B, 0x27, 0x16, 0x71, 0xA8, 0xBB, 0xEE, 0x06, 0x4D, 0xDC, 0x15, 0x48, 0x8F, 0x27, 0x36, 0x9F,
    0x4F, 0x6C, 0x39, 0x9D, 0xD8, 0x7A, 0xDD, 0x9B, 0xD5, 0x4D, 0x49, 0x8F, 0xE9, 0x2E, 0xB2, 0xC0,
    0x45, 0xDC, 0xF4, 0x54, 0x42, 0x64, 0x11, 0xAA, 0x91, 0x2D, 0xE6, 0x13, 0x0B, 0xA0, 0x23, 0xCB,
    0x9D, 0x4D, 0xAA, 0xF3, 0xB9, 0x21, 0x13, 0x67, 0xDC, 0x13, 0xBB, 0x5B, 0xD9, 0x6C, 0x65, 0x8B,
    0x95, 0x2D, 0x97, 0xFD, 0xDE, 0xD9, 0x76, 0xBA, 0xF8, 0x7D, 0xC1, 0xCC, 0xD4, 0xD9, 0xDB, 0x8C,
    0x57, 0x7F, 0x19, 0xAB, 0x65, 0xC1, 0xE0, 0x51, 0xA4, 0x0D, 0x34, 0x05, 0x39, 0xF5, 0xC2, 0xD2,
    0x72, 0xA7, 0xD7, 0x90, 0x9D, 0x22, 0x96, 0x95, 0xA9, 0xA6, 0x3F, 0x2A, 0x98, 0x0A, 0xB9, 0x7C,
    0xD8, 0x7F, 0xA9, 0x8B, 0xCB, 0x46, 0x67, 0x9E, 0xFA, 0x68, 0xE5, 0x44, 0xFD, 0xC4, 0xDF, 0x57,
    0x6C, 0x8F, 0xD9, 0x9A, 0xC0, 0x48, 0x3F, 0xD9, 0x9F, 0xB6, 0x63, 0x5E, 0x4C, 0xC7, 0x07, 0x72,
    0x27, 0x6B, 0x01, 0xE3, 0xB8, 0xAA, 0x07, 0x4E, 0xA5, 0xEE, 0x49, 0xB3, 0xA7, 0x7C, 0x0F, 0x3D,
    0xA7, 0x93, 0xDE, 0x66, 0x47, 0xB7, 0xFE, 0x68, 0x53, 0xB8, 0x9D, 0xD1, 0x6E, 0xDD, 0x0E, 0x55,
    0x67, 0xD8, 0xD7, 0xB0, 0xF3, 0x76, 0x76, 0xE7, 0x79, 0xB9, 0xF9, 0x32, 0x3E, 0xE0, 0xD4, 0xA7,
    0xE9, 0x42, 0x22, 0x5D, 0xC2, 0xBA, 0xCD, 0x4E, 0xDA, 0x9C, 0x65, 0xAB, 0xF7, 0x5A, 0xB9, 0xAC,
    0xCB, 0xC6, 0x60, 0x89, 0xB4, 0x36, 0x5E, 0xDE, 0xB0, 0x5E, 0xEF, 0xAF, 0xCC, 0x97, 0xCD, 0x93,
    0xC4, 0x62, 0xFD, 0xD9, 0x3F, 0x49, 0x9D, 0xC8, 0xBA, 0xD5, 0x73, 0x95, 0x50, 0xF4, 0xDB, 0x17,
    0x88, 0x76, 0x95, 0x2E, 0xF4, 0xB4, 0x58, 0x6C, 0x2C, 0x0E, 0xFD, 0xB7, 0xA5, 0x26, 0xD8, 0xEF,
    0x41, 0x2B, 0x5C, 0x0E, 0x9E, 0x2D, 0x01, 0xBC, 0x2F, 0xDD, 0xC5, 0xB2, 0x66, 0x80, 0x1E, 0x7F,
    0xBE, 0x60, 0xBD, 0xFA, 0xC6, 0x17, 0xB7, 0x56, 0xB0, 0xE2, 0x92, 0xAF, 0xB3, 0x8A, 0xD2, 0x6B,
    0x95, 0xD3, 0x39, 0x15, 0x0B, 0xDC, 0x59, 0x4B, 0x9A, 0x86, 0xAC, 0x1C, 0xB6, 0xDE, 0xD9, 0xFF,
    0xEC, 0x30, 0xFB, 0x2F, 0xED, 0x59, 0xB1, 0x6E, 0xDC, 0x46, 0x10, 0xDD, 0x3B, 0x02, 0x26, 0x60,
    0x16, 0x4C, 0x93, 0xC6, 0x2A, 0x98, 0xDA, 0x29, 0xF8, 0x09, 0x7B, 0x5D, 0xCA, 0x34, 0x3E, 0xBB,
    0x70, 0x91, 0x3E, 0x8D, 0xDA, 0x74, 0x64, 0x9F, 0xC6, 0x8D, 0x7B, 0x15, 0x29, 0x04, 0x35, 0xF9,
    0x03, 0x2F, 0x81, 0xFC, 0xC0, 0xA5, 0x48, 0x7F, 0x01, 0xEC, 0x9E, 0x05, 0x83, 0x50, 0x09, 0xB9,
    0x93, 0x99, 0x37, 0x43, 0x8A, 0xA7, 0xE8, 0x64, 0x23, 0x81, 0x91, 0x0B, 0x64, 0x42, 0xE2, 0x3B,
    0xED, 0xED, 0xCE, 0xCE, 0xCC, 0xEE, 0xCE, 0xBC, 0x1D, 0xB9, 0xB2, 0x76, 0x6F, 0x9C, 0x73, 0xB4,
    0x5F, 0x53, 0xC3, 0xD0, 0x26, 0x4B, 0xD0, 0x46, 0xEB, 0x72, 0xD7, 0x43, 0x78, 0xEA, 0x7B, 0xE1,
    0xB7, 0x2D, 0x3F, 0x2C, 0x52, 0x07, 0x7C, 0x38, 0xC8, 0x33, 0xDC, 0x0F, 0x22, 0xFA, 0xD9, 0x3F,
    0x10, 0x6D, 0x2A, 0x1D, 0xE8, 0x19, 0x14, 0xBC, 0x42, 0x36, 0xFD, 0xE5, 0x5C, 0x41, 0x1B, 0x97,
    0xB1, 0x1F, 0x12, 0xDA, 0xAB, 0x84, 0xD0, 0x3B, 0xE7, 0x07, 0xE7, 0xF2, 0x78, 0xE8, 0x8C, 0x9C,
    0xFE, 0xDB, 0x5F, 0x1A, 0x56, 0xD4, 0xB1, 0x96, 0x29, 0x35, 0x39, 0x6D, 0xCA, 0x28, 0x4A, 0x86,
    0x6E, 0xB1, 0x58, 0xED, 0xC7, 0xFD, 0x71, 0xAB, 0x4B, 0x9E, 0x25, 0x63, 0x4D, 0x5C, 0x49, 0xB5,
    0x73, 0x15, 0x1C, 0x46, 0x1D, 0x7B, 0xEE, 0xEB, 0xC1, 0x65, 0x31, 0x25, 0x57, 0x0E, 0xBC, 0xA3,
    0x2A, 0xEE, 0xBD, 0xBF, 0xBD, 0x93, 0xC4, 0x80, 0x13, 0x7E, 0xF1, 0x19, 0x28, 0xEB, 0x20, 0x8A,
    0xC3, 0x56, 0xBC, 0xF0, 0x27, 0xBE, 0xF8, 0x9F, 0x19, 0x83, 0x9D, 0xFF, 0xC7, 0x74, 0xC6, 0xBA,
    0xE9, 0x18, 0x4F, 0xD8, 0x18, 0xB6, 0x38, 0x28, 0xE7, 0xD4, 0x63, 0x71, 0xD7, 0x72, 0xE0, 0xE4,
    0xFC, 0x84, 0x51, 0xD1, 0x47, 0xC5, 0x82, 0x0E, 0x31, 0x9F, 0x71, 0x2B, 0xE3, 0x19, 0x55, 0xFA,
    0xFB, 0xF1, 0x70, 0xFC, 0x6D, 0xB9, 0x25, 0x1D, 0xCE, 0x5B, 0xA9, 0x1E, 0x2B, 0x0B, 0x04, 0xD0,
    0x73, 0xD2, 0x1B, 0xCF, 0xCE, 0xE9, 0x99, 0xDE, 0x38, 0x1C, 0xEA, 0x5E, 0xF6, 0x26, 0x51, 0xDC,
    0xF0, 0x98, 0x50, 0x3F, 0xBD, 0x70, 0x2E, 0xA5, 0x8E, 0xF7, 0x22, 0x14, 0xD8, 0x8B, 0x7C, 0x31,
    0xDD, 0xF9, 0xAE, 0x92, 0xCD, 0xFB, 0xF4, 0x22, 0x1D, 0x8F, 0x05, 0x3D, 0x68, 0x31, 0x88, 0x40,
    0x81, 0x51, 0x81, 0x0C, 0x1A, 0x85, 0xBD, 0x42, 0xA7, 0x30, 0x28, 0x44, 0x05, 0xD1, 0x68, 0xC0,
    0x6C, 0x0C, 0xBF, 0xB3, 0x38, 0x86, 0x96, 0xBB, 0x0A, 0x54, 0x03, 0x80, 0x03, 0x8F, 0x40, 0xCE,
    0x21, 0x88, 0x21, 0xA5, 0x9D, 0xC0, 0x9A, 0xDB, 0x07, 0x31, 0xAF, 0x07, 0x54, 0x23, 0xA0, 0x24,
    0x00, 0x5B, 0x21, 0x90, 0x28, 0xAC, 0x14, 0x9C, 0x81, 0x57, 0x28, 0x14, 0x32, 0x85, 0x44, 0x61,
    0xA5, 0xE0, 0xC2, 0x60, 0x86, 0xF1, 0xF7, 0x3B, 0x18, 0x9A, 0x58, 0xBC, 0x74, 0x64, 0x51, 0x84,
    0x95, 0xC3, 0xE3, 0xE3, 0x62, 0x9F, 0x3B, 0x71, 0x64, 0x6D, 0x03, 0x76, 0xEE, 0xBE, 0xE7, 0x47,
    0xA2, 0x57, 0x58, 0x51, 0x82, 0xD7, 0x82, 0xEE, 0xB6, 0xC4, 0x56, 0x2D, 0xB3, 0xB0, 0x5E, 0xD0,
    0xF5, 0xF6, 0x25, 0xFB, 0xCA, 0x6B, 0x10, 0x71, 0x55, 0xC4, 0x98, 0x4D, 0x18, 0x30, 0x65, 0x03,
    0xC7, 0x73, 0x90, 0x83, 0x56, 0xC9, 0x02, 0xDB, 0x7F, 0x89, 0xB7, 0xE5, 0xD9, 0x3C, 0xD3, 0xBC,
    0x93, 0x1E, 0x93, 0x5E, 0xA2, 0xE7, 0x0B, 0xD6, 0x73, 0xD2, 0x7B, 0xB2, 0x63, 0xB2, 0x6B, 0xB6,
    0x53, 0x1A, 0x5E, 0x99, 0x27, 0xFB, 0x03, 0xCF, 0xA6, 0xE6, 0xB0, 0xDC, 0x1C, 0x58, 0x98, 0x43,
    0xBD, 0x39, 0x3A, 0xF4, 0x6E, 0x99, 0xB8, 0x3E, 0xF9, 0xF5, 0x88, 0x5F, 0xBF, 0xDD, 0x00, 0x56,
    0x96, 0x57, 0x12, 0xDB, 0xB0, 0xB9, 0x76, 0x73, 0xFE, 0x4F, 0xF5, 0x6B, 0xF8, 0x55, 0x86, 0x73,
    0x28, 0x6B, 0x42, 0x0B, 0x1D, 0x9C, 0x17, 0x5D, 0x1E, 0x5D, 0xCA, 0xCF, 0x27, 0xFF, 0x1E, 0xF5,
    0x6F, 0xB9, 0x5F, 0x5F, 0x61, 0x1B, 0x8E, 0x09, 0x61, 0x0E, 0xFA, 0x9E, 0x30, 0x87, 0xF6, 0xCB,
    0x63, 0x41, 0x98, 0x6B, 0xD0, 0x7D, 0xFD, 0xF8, 0xD2, 0x85, 0xFA, 0x93, 0x3F, 0x8F, 0xFA, 0x73,
    0xDD, 0xBB, 0x6C, 0x0F, 0xBF, 0x31, 0x21, 0xD2, 0x30, 0xEA, 0x0F, 0xD0, 0xDA, 0xA7, 0x7E, 0xEF,
    0x7D, 0x1E, 0xB8, 0x3F, 0xF9, 0xF0, 0x7F, 0xE6, 0xD6, 0xEC, 0xA9, 0xEF, 0x5C, 0xD6, 0xBB, 0x15,
    0x7B, 0x2F, 0x4A, 0x4A, 0x62, 0x79, 0x85, 0x50, 0xE1, 0x3D, 0xCB, 0x4C, 0xE8, 0x5A, 0xB6, 0xA8,
    0xD2, 0x1D, 0x2F, 0xDC, 0x40, 0x12, 0xE6, 0x46, 0xF4, 0x19, 0x41, 0x5A, 0x23, 0x18, 0x86, 0x68,
    0x10, 0x24, 0x79, 0xAF, 0x41, 0x18, 0x32, 0x4E, 0xCB, 0x2C, 0x8D, 0x1A, 0x8F, 0xAB, 0x00, 0xEB,
    0x9A, 0x8B, 0x3A, 0x2E, 0x61, 0x65, 0x58, 0x1A, 0x77, 0xFE, 0xC2, 0x56, 0xE0, 0xC9, 0x85, 0x05,
    0x6E, 0x0B, 0xD4, 0x81, 0xD5, 0xFC, 0x92, 0xE8, 0x1D, 0x4F, 0x91, 0x1A, 0xB9, 0x2A, 0xD5, 0x1A,
    0xB5, 0x62, 0xC4, 0x0C, 0xD2, 0x9E, 0x52, 0xDC, 0x3E, 0x27, 0xE8, 0x29, 0x59, 0x7B, 0x57, 0xB0,
    0x0E, 0x6C, 0xF1, 0xBE, 0x04, 0xAB, 0xE7, 0x8C, 0xCF, 0x9A, 0x15, 0xD7, 0x8C, 0xA3, 0x48, 0x57,
    0xA4, 0x9D, 0x30, 0x01, 0xEE, 0x5E, 0x03, 0x13, 0x61, 0x46, 0x8C, 0xF9, 0xA8, 0x58, 0xF6, 0x8A,
    0xBE, 0x55, 0x64, 0x6B, 0x05, 0xD7, 0x2C, 0x59, 0x50, 0xCE, 0xB0, 0xC8, 0xC9, 0x47, 0x45, 0xEE,
    0x2E, 0x18, 0xBD, 0xD0, 0x86, 0xB6, 0xD4, 0xAD, 0xD3, 0x16, 0xE2, 0x0C, 0xCE, 0x4F, 0x39, 0xE1,
    0x0E, 0xD4, 0x88, 0x9E, 0x5B, 0x6E, 0x5B, 0x1F, 0x90, 0xC5, 0xC1, 0xB0, 0x35, 0x7B, 0xD8, 0xDC,
    0xC8, 0x12, 0xDE, 0x4A, 0x30, 0x50, 0x4F, 0x94, 0xC6, 0x1D, 0x9E, 0x58, 0x06, 0x74, 0x85, 0xE6,
    0x3A, 0x23, 0x19, 0x96, 0x09, 0x57, 0x16, 0xB1, 0xC3, 0xB0, 0x24, 0x18, 0xC6, 0x2F, 0x26, 0x7A,
    0x71, 0x84, 0x8A, 0xE5, 0x74, 0x52, 0xD0, 0xE9, 0x49, 0x54, 0x80, 0x3D, 0x3E, 0x56, 0x23, 0x08,
    0xAB, 0x67, 0xFF, 0x30, 0xDD, 0x2A, 0xE9, 0x1D, 0x1F, 0xC4, 0x5E, 0x89, 0x6F, 0x9B, 0x2C, 0x49,
    0xB7, 0x6E, 0x93, 0x5E, 0x28, 0x2A, 0x98, 0xEA, 0xEC, 0x20, 0x63, 0x0A, 0x39, 0x12, 0x98, 0x70,
    0x61, 0xB8, 0x69, 0x5C, 0xB0, 0x84, 0x95, 0x76, 0x3C, 0xCE, 0xC1, 0x1E, 0x80, 0xB3, 0xAE, 0x2C,
    0xFD, 0x37, 0xEA, 0xAB, 0x56, 0x7D, 0xD5, 0x6B, 0xAC, 0x88, 0x48, 0xFD, 0x3F, 0xC9, 0x66, 0xE2,
    0xCC, 0x2F, 0x6E, 0x2A, 0x46, 0x57, 0xF1, 0xD4, 0x4F, 0x7E, 0x90, 0x9F, 0x87, 0xE9, 0x33, 0x4E,
    0x30, 0x92, 0x63, 0x38, 0xDF, 0x78, 0x2D, 0x6B, 0xF8, 0x61, 0x06, 0x6B, 0xB4, 0x2E, 0xF7, 0x3C,
    0x0F, 0x60, 0x67, 0x39, 0x1A, 0xDC, 0x32, 0x50, 0x25, 0x46, 0x35, 0x53, 0xDD, 0x6B, 0x3C, 0xA3,
    0x76, 0x2B, 0xE3, 0x2D, 0x06, 0xDF, 0xDD, 0xE3, 0xB7, 0x30, 0xEA, 0x01, 0x97, 0x32, 0x93, 0xD4,
    0x98, 0xA4, 0xD4, 0x24, 0xF1, 0x31, 0xC3, 0x2D, 0x92, 0x74, 0x92, 0x4A, 0x72, 0x45, 0xAB, 0x0A,
    0xF0, 0x2F, 0x3E, 0x73, 0x5B, 0xA2, 0x77, 0x56, 0x8D, 0x08, 0xB9, 0xA4, 0xBA, 0x0D, 0x64, 0x20,
    0x74, 0xB2, 0x4C, 0x98, 0xCC, 0xDA, 0xDA, 0xEE, 0x8F, 0x7A, 0x18, 0x34, 0xF5, 0xC1, 0x33, 0xB5,
    0xAA, 0x3D, 0x85, 0x58, 0x0D, 0x25, 0x6B, 0x33, 0x73, 0xBE, 0xF2, 0xCD, 0x57, 0xC0, 0x8F, 0x81,
    0x1F, 0x58, 0x06, 0xE4, 0x15, 0xB0, 0x4A, 0x05, 0x20, 0x1E, 0x56, 0xEE, 0x1A, 0xB9, 0xFD, 0x7F,
    0x83, 0xC2, 0x8C, 0xD8, 0xAD, 0x57, 0xDA, 0xD6, 0xE4, 0x7F, 0x20, 0xD8, 0x00, 0x19, 0x6E, 0xC2,
    0x4C, 0xB4, 0x26, 0x35, 0xD2, 0x94, 0xBD, 0xA8, 0x2E, 0x88, 0x4A, 0xEF, 0x57, 0x9E, 0xFD, 0x19,
    0x24, 0x17, 0x0A, 0xAD, 0x81, 0xC3, 0xD7, 0x56, 0x70, 0xC9, 0x2C, 0x77, 0x96, 0xB6, 0xDB, 0x3C,
    0x6F, 0xC5, 0xC0, 0x0B, 0x18, 0xA2, 0xDE, 0x05, 0xE5, 0x3B, 0xD9, 0x59, 0xD2, 0x77, 0xC2, 0x4A,
    0xD4, 0x41, 0x9E, 0x6D, 0x8C, 0xD5, 0x01, 0x73, 0xFA, 0x65, 0xA3, 0x28, 0xCE, 0x52, 0xDC, 0x02,
    0x51, 0xC8, 0x65, 0xEC, 0x80, 0x09, 0x72, 0x36, 0x58, 0xD4, 0xCE, 0x69, 0x31, 0xA0, 0x3B, 0x2C,
    0xEC, 0x54, 0xF1, 0xB0, 0xD0, 0x52, 0x18, 0xAD, 0x50, 0x8C, 0xDA, 0x5E, 0xD2, 0xEB, 0x20, 0xFD,
    0x94, 0x83, 0x49, 0x85, 0x02, 0x95, 0x58, 0x1C, 0x1F, 0x2D, 0x04, 0xE2, 0x10, 0xB5, 0xEE, 0x8C,
    0xAE, 0xA7, 0xEB, 0xAE, 0x26, 0x75, 0xCD, 0xE9, 0x9A, 0xD2, 0x35, 0xA3, 0x5B, 0x9C, 0xD6, 0x93,
    0x54, 0xDD, 0x7D, 0x50, 0xCE, 0xC4, 0x6F, 0x2B, 0x4C, 0x02, 0x22, 0x05, 0xF2, 0x27, 0x84, 0x4C,
    0x8A, 0x36, 0x9E, 0xF8, 0x00, 0x2B, 0x13, 0x6A, 0xCD, 0xED, 0xE7, 0xF4, 0x56, 0xEA, 0x25, 0xA2,
    0x0D, 0x7A, 0xB6, 0xE8, 0xD9, 0x82, 0x74, 0xB5, 0x10, 0xD2, 0xAA, 0x43, 0x50, 0x24, 0x91, 0xCF,
    0xD2, 0x12, 0xB7, 0xD5, 0xD4, 0xC7, 0x4F, 0x63, 0x63, 0x10, 0x39, 0x7D, 0x10, 0x99, 0x35, 0xEE,
    0x8B, 0x9A, 0x6E, 0xD5, 0x1A, 0x23, 0xB7, 0xBB, 0x39, 0x04, 0xA8, 0x61, 0xC5, 0xB8, 0x3C, 0xFC,
    0xA7, 0x6B, 0xCB, 0x63, 0xB0, 0x31, 0xDF, 0xE9, 0xAD, 0x0E, 0x07, 0xDF, 0x6E, 0x74, 0x12, 0x4D,
    0x86, 0x20, 0xE5, 0xAB, 0x4E, 0xBE, 0xA6, 0x7D, 0x2E, 0xF1, 0x87, 0xE9, 0xDF, 0x69, 0x5B, 0x94,
    0xF1, 0x66, 0x6C, 0xF8, 0x8C, 0xFC, 0x6C, 0x21, 0x5C, 0x79, 0x2A, 0xAF, 0xD0, 0x57, 0xC2, 0xB5,
    0xAF, 0xDC, 0xF9, 0xFE, 0xB4, 0xF5, 0x7F, 0x23, 0xB7, 0x3D, 0xF6, 0x73, 0x26, 0x3A, 0xF3, 0x65,
    0xC0, 0xDE, 0xDA, 0xA2, 0xDF, 0x9E, 0xF6, 0x8E, 0x2A, 0x7A, 0x0D, 0xD7, 0xB8, 0x53, 0xC9, 0x2E,
    0x4A, 0xFB, 0x92, 0x7D, 0x9E, 0xB5, 0x79, 0x7B, 0xF8, 0x4E, 0x7B, 0xBF, 0x9F, 0xFA, 0x68, 0x7F,
    0x1B, 0x7B, 0x92, 0x76, 0x9D, 0x71, 0xA8, 0x7F, 0x24, 0xD7, 0x4C, 0xD1, 0xA6, 0xAB, 0x26, 0x8D,
    0x22, 0xF2, 0x42, 0x41, 0xF6, 0xEC, 0xFC, 0xF4, 0xA9, 0x85, 0x76, 0xF4, 0xFA, 0xA5, 0x14, 0x69,
    0x51, 0x9C, 0x36, 0xE6, 0x40, 0x4A, 0xAF, 0xCE, 0x39, 0xB7, 0xA0, 0x28, 0x9C, 0x9A, 0x10, 0x1A,
    0x66, 0x29, 0xC3, 0x2C, 0x65, 0x08, 0xF3, 0x27, 0x1E, 0x7D, 0x66, 0x9F, 0xBA, 0x85, 0xC5, 0x48,
    0x09, 0x9F, 0x3F, 0xC3, 0x7F, 0x57, 0x06, 0xA9, 0xCC, 0xB2, 0x35, 0xE7, 0x3C, 0xEF, 0xF3, 0xC5,
    0xD8, 0xFE, 0x46, 0xAB, 0x02, 0x8E, 0x10, 0x1F, 0x8A, 0xF6, 0x75, 0x89, 0x5A, 0xB4, 0x94, 0xCC,
    0xD7, 0xB8, 0x42, 0x67, 0x78, 0x07, 0x09, 0xE9, 0xF0, 0xE2, 0x26, 0xBF, 0xB1, 0xAA, 0xAD, 0xE8,
    0xF5, 0x0B, 0xEA, 0x84, 0xAB, 0x10, 0x8A, 0xDE, 0x95, 0x68, 0xE2, 0x9E, 0x5E, 0xDE, 0xE8, 0x72,
    0xE7, 0xBB, 0x43, 0xCF, 0x5E, 0x02, 0x26, 0xC6, 0xF6, 0x2A, 0xC7, 0xDF, 0xAC, 0x52, 0x83, 0x34,
    0xB8, 0xD1, 0x75, 0xD6, 0x35, 0xE7, 0x31, 0x9A, 0x13, 0x10, 0x9F, 0x40, 0xD9, 0x6D, 0x8F, 0x3C,
    0xB7, 0x64, 0xD1, 0x80, 0xD6, 0x34, 0x53, 0xAC, 0x4A, 0xF1, 0x6D, 0x8A, 0x9E, 0xA9, 0xE4, 0xDA,
    0xB5, 0x32, 0x17, 0x75, 0xBA, 0x46, 0x6C, 0xBD, 0x2D, 0xE5, 0x8B, 0x9C, 0x63, 0x85, 0xC2, 0x23,
    0x65, 0xD5, 0xDB, 0xDE, 0xA8, 0xFF, 0xE6, 0x8D, 0x3E, 0x0C, 0x93, 0x37, 0xFC, 0x30, 0x15, 0xF9,
    0xB1, 0x46, 0xC7, 0xDE, 0xB3, 0x4F, 0x78, 0xCD, 0xB0, 0x5E, 0x15, 0xD6, 0x4A, 0xFF, 0x33, 0xA1,
    0x7B, 0x36, 0x9D, 0x09, 0x68, 0x84, 0x37, 0xE0, 0x82, 0x2A, 0xCE, 0xD6, 0xAC, 0x2C, 0xE7, 0xEC,
    0x95, 0x2C, 0xCE, 0x39, 0xA7, 0xBC, 0x2F, 0xE7, 0x9C, 0x90, 0x2D, 0x5A, 0x01, 0xA8, 0x6E, 0x96,
    0x07, 0x94, 0x04, 0x44, 0x46, 0xEE, 0x1A, 0x92, 0x73, 0xAA, 0x16, 0x39, 0x67, 0x97, 0x0B, 0xBF,
    0xAD, 0xEF, 0xCE, 0x39, 0xA7, 0x63, 0x11, 0xA2, 0x72, 0x22, 0x74, 0xFD, 0x20, 0x66, 0x6B, 0xCB,
    0xD1, 0x98, 0x7D, 0x32, 0xFA, 0xFF, 0x05, 0xED, 0x57, 0xBD, 0x6E, 0xD4, 0x40, 0x10, 0x1E, 0x9F,
    0x45, 0x4E, 0x8A, 0x0B, 0x57, 0x34, 0x50, 0xDC, 0x23, 0xF8, 0x11, 0xEC, 0x2E, 0x6D, 0x0A, 0x2E,
    0x4D, 0x8A, 0xF4, 0x69, 0xF2, 0x08, 0xF6, 0x23, 0xD0, 0x50, 0x93, 0x12, 0xF1, 0x10, 0xEC, 0x3D,
    0x42, 0x28, 0xD2, 0xBB, 0x00, 0x51, 0x62, 0x21, 0x13, 0x4E, 0x8A, 0x6F, 0x87, 0xF9, 0xBE, 0xF1,
    0xE5, 0x47, 0xF9, 0x91, 0x02, 0x09, 0x1C, 0x12, 0x2B, 0x67, 0x46, 0xF1, 0x8E, 0x67, 0xE7, 0x9B,
    0x99, 0xFD, 0x76, 0xAF, 0x54, 0x91, 0x99, 0x56, 0x92, 0xE9, 0x42, 0x52, 0x6D, 0x25, 0xD1, 0x4E,
    0x24, 0x2C, 0x45, 0xCA, 0x01, 0x13, 0x72, 0x6D, 0xE4, 0xFA, 0x74, 0x7F, 0x61, 0x48, 0xB4, 0xB7,
    0x08, 0xA6, 0xBA, 0xC8, 0xB5, 0x2A, 0x22, 0x02, 0x08, 0xFD, 0xE5, 0xDA, 0x16, 0xD7, 0xEF, 0x3F,
    0x32, 0x8D, 0xE2, 0x78, 0xA5, 0xD4, 0x13, 0x73, 0x6A, 0xEF, 0x52, 0x7D, 0x3B, 0x48, 0x16, 0x33,
    0x95, 0x62, 0x98, 0x68, 0x53, 0x9B, 0x61, 0x2B, 0x72, 0x13, 0xF8, 0x9F, 0x15, 0x45, 0x63, 0x4F,
    0x40, 0x2C, 0x8C, 0x9C, 0x82, 0xFF, 0x72, 0xE2, 0xEF, 0xC7, 0x87, 0x71, 0x78, 0x2C, 0xF2, 0x6C,
    0x97, 0x1D, 0x53, 0xE8, 0x17, 0x6B, 0x20, 0x53, 0x8A, 0x39, 0x53, 0x2B, 0x57, 0xD1, 0x95, 0x22,
    0xE2, 0xA9, 0x32, 0xB1, 0xB9, 0x6A, 0xEF, 0x6F, 0xAD, 0xC3, 0xAC, 0xCA, 0x01, 0xA6, 0xA1, 0x2B,
    0xF4, 0x12, 0x09, 0x54, 0x25, 0x5B, 0x1A, 0x77, 0xEC, 0xC3, 0x5A, 0xF5, 0x5C, 0x17, 0xA9, 0x62,
    0x58, 0x6B, 0x50, 0x15, 0xAE, 0x4A, 0x3D, 0xDD, 0x33, 0x15, 0x22, 0xDC, 0x2D, 0xE0, 0x2F, 0x37,
    0xD5, 0x63, 0x29, 0xAA, 0xD4, 0x54, 0x77, 0x8F, 0x1A, 0x4D, 0xAC, 0xDB, 0xB3, 0xB5, 0x97, 0xA6,
    0xD6, 0xD3, 0xB9, 0x81, 0x28, 0xB1, 0xC0, 0x4A, 0xB8, 0xDE, 0x52, 0xB8, 0xBA, 0x05, 0x1F, 0x4C,
    0x59, 0xEF, 0x6C, 0xA9, 0x7E, 0x02, 0x04, 0xEB, 0x57, 0xDB, 0x30, 0xBA, 0xA3, 0x34, 0x88, 0xE6,
    0x05, 0xA0, 0xF2, 0xD5, 0xCC, 0x3C, 0x6F, 0xBF, 0x4B, 0xC2, 0x8D, 0x3A, 0xB1, 0x8F, 0x8F, 0xF4,
    0xB5, 0xE8, 0x37, 0x58, 0x12, 0x85, 0xCB, 0x05, 0xE5, 0x89, 0xEA, 0xE7, 0x7D, 0xAB, 0xB6, 0xCA,
    0xC4, 0xE4, 0x00, 0x6B, 0x44, 0x67, 0xB2, 0x17, 0xEF, 0x82, 0x47, 0x94, 0x02, 0xD7, 0x86, 0x09,
    0xF9, 0x37, 0xBC, 0xEB, 0xB4, 0x33, 0x7B, 0x22, 0x64, 0x03, 0xDF, 0x77, 0x36, 0xEA, 0xA5, 0xDC,
    0x36, 0xB2, 0x75, 0x56, 0x22, 0xAA, 0x6B, 0xF1, 0x33, 0x5F, 0x1D, 0x93, 0x37, 0xD4, 0xFA, 0x66,
    0x4F, 0x57, 0x70, 0x5F, 0x47, 0x2C, 0x55, 0xB0, 0xF0, 0x33, 0xEC, 0x39, 0xE4, 0xF5, 0x2E, 0xE9,
    0x36, 0xB4, 0xF7, 0x6F, 0xDD, 0x8F, 0xFB, 0x74, 0xFF, 0xBE, 0x96, 0x30, 0xE7, 0x63, 0x0C, 0x6B,
    0x04, 0x35, 0xD1, 0x10, 0xD9, 0x84, 0xA1, 0xA7, 0xD8, 0xE7, 0x66, 0xD4, 0xC8, 0x9A, 0xCF, 0xCA,
    0xD5, 0xA6, 0x63, 0xD9, 0x3E, 0x66, 0x9C, 0x03, 0xCB, 0x13, 0x09, 0x05, 0xF1, 0x4F, 0x61, 0x68,
    0xED, 0x65, 0x14, 0x25, 0x65, 0x3F, 0x43, 0x7B, 0xB4, 0x19, 0x5A, 0xC5, 0x76, 0x47, 0xB3, 0xD1,
    0x88, 0xB2, 0x95, 0x58, 0x4F, 0xD5, 0xFA, 0xD1, 0x24, 0x66, 0x9B, 0x09, 0x3B, 0x3F, 0xB5, 0xAD,
    0xB3, 0x92, 0xC9, 0x7B, 0x39, 0x6A, 0x37, 0xBB, 0x22, 0x1F, 0xF0, 0x78, 0x9E, 0x53, 0xC8, 0xF1,
    0x19, 0x33, 0xCF, 0xD9, 0xCD, 0xEE, 0xA8, 0xD9, 0x09, 0x37, 0x07, 0xCF, 0x53, 0xF2, 0xEE, 0x35,
    0xE9, 0xEF, 0xDD, 0x06, 0x63, 0x8E, 0xF1, 0x8A, 0x8C, 0x34, 0xDC, 0x25, 0xAF, 0x43, 0x7D, 0x88,
    0xFF, 0x34, 0x92, 0x6A, 0x06, 0xC4, 0xF6, 0xB5, 0x27, 0xA7, 0xB6, 0xB7, 0xE6, 0xE7, 0x80, 0xF9,
    0x29, 0x15, 0xF9, 0x81, 0x55, 0x9F, 0xE8, 0x5B, 0x9B, 0x4F, 0x15, 0xD9, 0xC8, 0x80, 0xB6, 0x2B,
    0x7A, 0xC8, 0xBA, 0x85, 0xE4, 0xE9, 0x70, 0xA6, 0xD5, 0x8C, 0xC8, 0x2D, 0x3F, 0xB6, 0x38, 0xF2,
    0xF3, 0xFD, 0x22, 0x3F, 0xB3, 0x2B, 0xF9, 0xC9, 0xDD, 0xEA, 0x1C, 0xF9, 0xA9, 0xD9, 0x7E, 0x87,
    0x15, 0xA3, 0x73, 0xC2, 0x73, 0x6E, 0xAC, 0x19, 0x7E, 0x19, 0x2F, 0x4F, 0x26, 0xE7, 0xC6, 0x09,
    0x49, 0x65, 0xE4, 0xC6, 0x9B, 0x0C, 0xFF, 0xF8, 0x5C, 0x6D, 0x75, 0x9F, 0x50, 0xA6, 0x3C, 0x17,
    0x72, 0xBB, 0x0C, 0xE8, 0xBC, 0x1E, 0x73, 0xD5, 0xF1, 0x38, 0xEC, 0x80, 0x28, 0x74, 0xB6, 0xB3,
    0x96, 0x76, 0x51, 0xB0, 0x43, 0x26, 0x20, 0xBA, 0xE0, 0x65, 0xE8, 0x2F, 0xF8, 0xD0, 0x01, 0x38,
    0xD1, 0x8F, 0x7C, 0xE8, 0x3C, 0xD3, 0x6F, 0x3A, 0x96, 0x17, 0xE4, 0x38, 0xA2, 0x4A, 0xD8, 0x57,
    0x29, 0xAF, 0x17, 0x39, 0x8F, 0xE4, 0x72, 0x89, 0x92, 0x84, 0xCE, 0xB8, 0x31, 0xB1, 0xFB, 0xC1,
    0x60, 0x93, 0x55, 0x1E, 0x37, 0x1B, 0x91, 0x51, 0x0A, 0xAE, 0x16, 0x4D, 0x06, 0x26, 0xB4, 0xE6,
    0xBD, 0x90, 0x78, 0xE3, 0xB3, 0xFF, 0xBB, 0xEB, 0x89, 0xB0, 0x44, 0x25, 0x16, 0x05, 0x96, 0x66,
    0xDC, 0xF2, 0xDD, 0xF3, 0x5D, 0xFC, 0xFE, 0x09, 0x68, 0x9E, 0xAE, 0xD6, 0xF9, 0x81, 0xB6, 0xFC,
    0x6A, 0x41, 0xDE, 0xA8, 0xA6, 0xBC, 0x11, 0x26, 0x4A, 0x12, 0x7E, 0xA9, 0xB1, 0x92, 0xF5, 0x77,
    0x0F, 0x95, 0xBC, 0x01, 0x9E, 0xC1, 0x1B, 0xB9, 0xB4, 0xA1, 0x6C, 0x29, 0xED, 0xEE, 0x77, 0xBA,
    0x6F, 0x71, 0x29, 0xB8, 0x13, 0x5D, 0x5E, 0x0F, 0x58, 0xAE, 0x1C, 0xF0, 0xED, 0xAD, 0xD2, 0x67,
    0xF9, 0x8B, 0x0D, 0xF6, 0x61, 0xC0, 0xAE, 0x00, 0x4B, 0xBB, 0x1F, 0xF7, 0xE9, 0x77, 0x4B, 0xAE,
    0xF5, 0x83, 0xEB, 0x7A, 0x0C, 0xBF, 0x14, 0xFF, 0x3F, 0xD7, 0xB7, 0xF7, 0xD4, 0xBA, 0x66, 0xAD,
    0xCB, 0x2B, 0xB5, 0xCE, 0xEF, 0xA8, 0xF5, 0x4F, 0xED, 0x59, 0xB1, 0x72, 0xDC, 0x46, 0x0C, 0xC5,
    0x1D, 0xC7, 0xB9, 0x8C, 0x59, 0xB0, 0x72, 0x63, 0x15, 0xD7, 0xBB, 0xE1, 0x27, 0x90, 0x9F, 0x90,
    0x42, 0x67, 0x17, 0x2E, 0xDC, 0xBB, 0x51, 0x93, 0x9E, 0xFC, 0x04, 0x35, 0xFE, 0x03, 0x17, 0x1E,
    0x7D, 0x84, 0xC9, 0x99, 0xFC, 0x00, 0xFF, 0x20, 0xCC, 0x8C, 0xFB, 0xB0, 0xA0, 0x67, 0xA8, 0x64,
    0xC9, 0x0D, 0x80, 0x87, 0xE5, 0xF1, 0x94, 0xBB, 0x8B, 0xEC, 0x99, 0x24, 0x1A, 0x5B, 0x37, 0xA7,
    0xC5, 0x4A, 0x5A, 0x02, 0x58, 0xE0, 0x2D, 0x16, 0x00, 0x89, 0x32, 0xEF, 0x3D, 0xC9, 0xE7, 0x3E,
    0x93, 0x67, 0xBB, 0xDD, 0x8E, 0x4E, 0x7C, 0xD2, 0xC1, 0x26, 0x99, 0xB7, 0x49, 0xE1, 0x73, 0x4C,
    0xBC, 0xAF, 0x0F, 0x27, 0x6B, 0xEF, 0x5B, 0x9D, 0x44, 0xDE, 0x77, 0x3A, 0xD9, 0x78, 0xDF, 0xEB,
    0x24, 0xF1, 0x85, 0xB3, 0x49, 0x8A, 0x49, 0x3A, 0x6E, 0x27, 0x30, 0x76, 0x09, 0x58, 0x17, 0x43,
    0x0C, 0xD6, 0xBE, 0x8B, 0xC0, 0x31, 0x4C, 0xD6, 0xBE, 0x59, 0x29, 0x6B, 0xF9, 0x55, 0x59, 0x6F,
    0x7C, 0x49, 0x55, 0xAF, 0xFC, 0x72, 0x7E, 0x50, 0x27, 0xFC, 0x11, 0xD6, 0xA9, 0x4C, 0x26, 0xDB,
    0x9F, 0xEE, 0xB0, 0xD0, 0x49, 0x2E, 0x8A, 0xCA, 0xA7, 0xE4, 0xC9, 0xE7, 0xDD, 0xEE, 0x15, 0xF3,
    0x5A, 0x0B, 0xB3, 0x88, 0x59, 0xCB, 0x8F, 0xFE, 0xB6, 0x51, 0x81, 0xAC, 0x75, 0x8C, 0xC9, 0xA0,
    0x12, 0x98, 0x87, 0x63, 0xC6, 0xAA, 0xEE, 0x48, 0x99, 0x2A, 0x2E, 0xBF, 0x42, 0xE4, 0xA9, 0x91,
    0xCD, 0x7A, 0x79, 0xCC, 0xA6, 0x17, 0xA2, 0xC3, 0x4A, 0xD7, 0x6C, 0x54, 0xC5, 0xAD, 0x8C, 0xB5,
    0xEA, 0xDB, 0x66, 0x7E, 0xF7, 0xDA, 0x77, 0x99, 0xE3, 0x05, 0x1D, 0x6C, 0x40, 0x57, 0xFE, 0x93,
    0xEF, 0x74, 0x65, 0xA7, 0x2B, 0x3B, 0x5D, 0xD9, 0x55, 0x3A, 0x2A, 0x93, 0x4E, 0xCC, 0xCC, 0x63,
    0x27, 0x4F, 0xF1, 0x5C, 0xFE, 0x32, 0xED, 0x8A, 0xB0, 0x26, 0x0B, 0xCF, 0x4E, 0x95, 0xF0, 0x19,
    0x2A, 0xE1, 0x59, 0xF2, 0x48, 0x37, 0xE5, 0xFA, 0x46, 0xA5, 0xD4, 0x91, 0xEE, 0xCE, 0x37, 0x1B,
    0xA5, 0x55, 0x0F, 0xEF, 0x64, 0xB0, 0xA9, 0x18, 0x75, 0x30, 0x87, 0x36, 0x70, 0xD6, 0x48, 0x67,
    0x3F, 0x59, 0x4F, 0x07, 0xEB, 0x2A, 0x1F, 0xB0, 0xA2, 0x2E, 0x5E, 0x19, 0x66, 0xA2, 0x3D, 0x55,
    0xE8, 0xC4, 0x86, 0x9C, 0x64, 0x52, 0xEF, 0xD2, 0x76, 0x54, 0xE7, 0x32, 0x48, 0x32, 0xD5, 0x23,
    0x1B, 0xD2, 0x11, 0xFA, 0x01, 0x34, 0xBE, 0x53, 0xCA, 0xE8, 0x88, 0xC5, 0xAF, 0x91, 0xEC, 0xA3,
    0x36, 0xDA, 0x08, 0xBB, 0x5C, 0x81, 0x23, 0x8B, 0x84, 0xB1, 0x9A, 0x6F, 0x30, 0x68, 0x38, 0xA3,
    0xA3, 0x68, 0x07, 0xCC, 0x00, 0x20, 0xCC, 0x8E, 0xF1, 0xF1, 0xC6, 0xE7, 0x8A, 0x8A, 0xD8, 0x78,
    0x31, 0x32, 0x62, 0xF0, 0x6E, 0x13, 0x91, 0xB5, 0x16, 0x8B, 0xAA, 0x0E, 0x3D, 0x90, 0xE1, 0x87,
    0x0C, 0xBA, 0x39, 0x33, 0x2B, 0x8C, 0x0A, 0x93, 0xC2, 0xA0, 0x30, 0x27, 0x8C, 0x69, 0xA6, 0x3C,
    0x61, 0xC8, 0x07, 0x84, 0x11, 0xCA, 0x5A, 0x53, 0xAA, 0x72, 0x36, 0xF1, 0x38, 0xBA, 0xA2, 0x20,
    0x85, 0x13, 0x9F, 0xD3, 0xD2, 0xA1, 0xE2, 0xC9, 0xDA, 0x4E, 0xBC, 0x45, 0x85, 0xED, 0x64, 0x51,
    0x21, 0x73, 0x45, 0x4F, 0x4B, 0xAF, 0xB2, 0x75, 0x2C, 0x2A, 0xB0, 0x06, 0x13, 0x18, 0xB7, 0x70,
    0xF0, 0x5A, 0xAC, 0x9E, 0x93, 0xB9, 0xB4, 0x54, 0xC6, 0x39, 0xA2, 0x42, 0x22, 0x8E, 0x6A, 0x94,
    0x31, 0xBC, 0x8B, 0xA3, 0xDF, 0x87, 0xA3, 0x3F, 0x84, 0xA3, 0xEF, 0xC8, 0x3C, 0x3B, 0xAA, 0xC6,
    0x88, 0x0A, 0x6B, 0xF8, 0x58, 0x18, 0x2B, 0x50, 0x4A, 0x1C, 0x7D, 0x19, 0x12, 0x40, 0xA9, 0xC1,
    0xD1, 0x97, 0xA8, 0x90, 0x02, 0x64, 0x9D, 0x1D, 0x7D, 0x66, 0x8D, 0x70, 0x36, 0x1B, 0x24, 0xED,
    0x83, 0x89, 0xEA, 0x60, 0x19, 0x8B, 0x92, 0xEB, 0x10, 0x37, 0xA3, 0xFD, 0xA4, 0xFC, 0x89, 0x96,
    0xA0, 0x17, 0xA5, 0xDA, 0x70, 0x4C, 0x9A, 0xE0, 0xFF, 0x1C, 0x18, 0x30, 0x10, 0x18, 0x0A, 0x0C,
    0x06, 0xD8, 0x60, 0x4B, 0x00, 0x02, 0xED, 0x91, 0xA0, 0x76, 0x50, 0x2C, 0xE0, 0x81, 0x0E, 0x0F,
    0x74, 0x78, 0xA0, 0x03, 0xD0, 0x3B, 0x02, 0x20, 0x08, 0x88, 0x20, 0x40, 0x82, 0x80, 0x09, 0x02,
    0x28, 0xC2, 0xCA, 0x6C, 0xE6, 0xC2, 0xB8, 0x20, 0x03, 0xC6, 0x8C, 0x0C, 0x56, 0xB8, 0xC1, 0x26,
    0x75, 0xB7, 0x1B, 0x60, 0x39, 0xB6, 0x50, 0x6F, 0x64, 0xA2, 0x12, 0x30, 0xA8, 0x11, 0x40, 0x10,
    0xD1, 0x81, 0x8E, 0x74, 0x82, 0x21, 0xC2, 0x75, 0xD1, 0x18, 0x64, 0x4A, 0x0A, 0x21, 0xD6, 0x62,
    0x2E, 0x84, 0xD9, 0x65, 0x64, 0xCB, 0xA3, 0x70, 0x01, 0x1D, 0xFF, 0xAC, 0x2A, 0x3F, 0x89, 0x5A,
    0x5B, 0xC3, 0x42, 0x85, 0x5B, 0x20, 0x52, 0x00, 0x34, 0xB8, 0x30, 0x74, 0x6B, 0xB7, 0x6C, 0x44,
    0xC7, 0x3B, 0x95, 0x8B, 0x61, 0xA4, 0x42, 0xEF, 0x8E, 0x09, 0xBE, 0x65, 0x0D, 0x3C, 0x6E, 0x17,
    0x35, 0xD6, 0x4C, 0x9F, 0xEC, 0x82, 0x12, 0x5F, 0x4F, 0xFB, 0x3B, 0x7C, 0x07, 0xD5, 0x75, 0x96,
    0xAB, 0x7A, 0xF0, 0x90, 0xB1, 0xCE, 0x2B, 0xD6, 0x6F, 0xCB, 0x80, 0x7D, 0xAD, 0xF7, 0x11, 0xF4,
    0xC6, 0x3E, 0x6A, 0x83, 0xF6, 0x62, 0x9F, 0x61, 0xDF, 0x04, 0x16, 0xA4, 0xF8, 0x07, 0x3E, 0x34,
    0xA0, 0xD9, 0xD5, 0x96, 0xF8, 0xBD, 0x69, 0x0B, 0x77, 0xD4, 0x82, 0x7C, 0x86, 0xAF, 0xD5, 0x6E,
    0x23, 0xD0, 0x94, 0xAB, 0xEC, 0x06, 0x98, 0x28, 0xFC, 0xBB, 0x57, 0xBE, 0xAF, 0x46, 0x11, 0x20,
    0x72, 0x0B, 0x27, 0x3B, 0x79, 0xF1, 0x61, 0x0E, 0x49, 0xC7, 0xC7, 0x5E, 0x57, 0x0E, 0x72, 0x76,
    0xF4, 0xD9, 0x01, 0x7C, 0xC0, 0x13, 0xFC, 0x21, 0xCB, 0x2E, 0x51, 0xE8, 0xC0, 0x37, 0x15, 0x1D,
    0xF8, 0x3C, 0xB6, 0x13, 0x93, 0xE2, 0x5E, 0xE2, 0x83, 0x3E, 0xE2, 0x24, 0xFD, 0x62, 0xD1, 0x22,
    0xC7, 0x26, 0xD9, 0x9F, 0x22, 0xF7, 0xF9, 0x7B, 0xF9, 0x3E, 0x62, 0xE5, 0x24, 0x56, 0x9E, 0xAB,
    0x91, 0x35, 0x2E, 0xAF, 0x14, 0x30, 0x91, 0xAE, 0xC3, 0xA9, 0x4D, 0x87, 0x8A, 0xAD, 0x5D, 0x75,
    0xD9, 0xC0, 0xFF, 0xAC, 0xD9, 0xA6, 0x6C, 0xDE, 0x8D, 0x7F, 0xE8, 0x88, 0xF9, 0x78, 0x1C, 0x31,
    0x89, 0x19, 0x35, 0xD0, 0x78, 0x4E, 0x5A, 0x2D, 0x9A, 0x7C, 0xA4, 0xC7, 0xA8, 0x72, 0x06, 0x29,
    0x57, 0x8D, 0x62, 0xA4, 0x57, 0x93, 0xB9, 0x3B, 0x23, 0xFE, 0x4E, 0x57, 0xD7, 0x0F, 0x3C, 0x9E,
    0x84, 0x78, 0x10, 0xE2, 0x43, 0x88, 0x17, 0x21, 0x7E, 0x84, 0x78, 0x32, 0xC7, 0x97, 0xBF, 0xA1,
    0xE4, 0xE6, 0x11, 0x25, 0xA7, 0x51, 0x82, 0xF8, 0x80, 0x58, 0x81, 0xB8, 0xC1, 0x99, 0xBB, 0x64,
    0x0C, 0xC9, 0x84, 0x24, 0x0B, 0x89, 0xD5, 0xFE, 0x7A, 0xA2, 0xAC, 0xBB, 0x17, 0x62, 0xCA, 0xC4,
    0x12, 0xE0, 0x19, 0x31, 0xC3, 0x5D, 0xC4, 0x9C, 0xC1, 0x0A, 0x8F, 0xCF, 0x2E, 0xEF, 0x81, 0x98,
    0xFA, 0x08, 0x62, 0x5E, 0x5C, 0xD3, 0xDB, 0x6B, 0xAD, 0x87, 0x25, 0x49, 0x49, 0xC6, 0x08, 0x49,
    0x62, 0x3C, 0x29, 0x6A, 0x7E, 0x45, 0x3A, 0x08, 0x39, 0x29, 0xD2, 0x18, 0xCB, 0x62, 0xA2, 0xE9,
    0x14, 0x48, 0x44, 0xC8, 0xAD, 0xD9, 0xB0, 0x0D, 0x19, 0x2A, 0xF2, 0xD3, 0x1C, 0xA4, 0x96, 0x24,
    0xB5, 0xD0, 0xA4, 0x9D, 0xF7, 0xDF, 0x2B, 0x7B, 0x3F, 0x28, 0xA9, 0x9C, 0x92, 0xEC, 0xDF, 0x23,
    0x85, 0x5B, 0x0A, 0x82, 0xD8, 0x88, 0x95, 0x60, 0x95, 0xAE, 0x58, 0x25, 0x40, 0xD9, 0x4A, 0x6A,
    0x2B, 0xA0, 0x32, 0x24, 0xE0, 0x31, 0x36, 0x86, 0x14, 0x9F, 0xAC, 0x72, 0x3B, 0x3B, 0x29, 0xC2,
    0xC4, 0xD0, 0xE0, 0xD6, 0xDE, 0xEA, 0xBE, 0x18, 0x3E, 0xCD, 0x5C, 0xCA, 0xF2, 0x2F, 0xD8, 0x4D,
    0x2E, 0x91, 0x26, 0x80, 0xF7, 0x85, 0x53, 0x94, 0x89, 0x8F, 0x56, 0x63, 0x28, 0xFF, 0x7F, 0x9E,
    0x4B, 0x3B, 0x3E, 0xC1, 0xEF, 0x5E, 0xEB, 0x84, 0x9D, 0x8C, 0x2B, 0x0D, 0x3E, 0x37, 0xF8, 0xAB,
    0x68, 0xD9, 0xD2, 0xFD, 0x27, 0xBD, 0x25, 0x4A, 0xC2, 0x07, 0x9C, 0x1D, 0x83, 0xD8, 0x64, 0xBD,
    0xD1, 0xC9, 0x2C, 0x7D, 0x1B, 0x26, 0x62, 0x8B, 0xDF, 0x11, 0x1A, 0xFD, 0x84, 0x2A, 0xE7, 0xC2,
    0x7F, 0xC2, 0x44, 0xD6, 0xFC, 0x11, 0x8A, 0x93, 0x7E, 0x2E, 0x3F, 0x8D, 0xD6, 0x46, 0x3B, 0x82,
    0xC9, 0x07, 0x55, 0x45, 0x04, 0xC2, 0x2F, 0x23, 0x28, 0x87, 0x0B, 0xA5, 0x7C, 0x7C, 0x0F, 0x68,
    0x32, 0xD3, 0x9D, 0x3C, 0x6F, 0x67, 0xD7, 0xDF, 0x83, 0x1E, 0x3E, 0x7F, 0x97, 0x6F, 0xEA, 0x0F,
    0xE5, 0x16, 0xD0, 0x43, 0x4C, 0x3C, 0xEB, 0x19, 0xF4, 0xB6, 0x70, 0x57, 0x59, 0x03, 0x26, 0x94,
    0x65, 0x62, 0x13, 0x4B, 0x51, 0xAD, 0x00, 0xCC, 0x2C, 0xE5, 0x10, 0x93, 0x1D, 0x25, 0x87, 0x2B,
    0x41, 0x14, 0x0D, 0x04, 0x2C, 0x20, 0x3C, 0xB8, 0x80, 0x03, 0xF3, 0x83, 0x61, 0xC0, 0x10, 0x60,
    0xFE, 0x37, 0xEF, 0x9B, 0x5F, 0xCF, 0x12, 0x78, 0xDC, 0xFC, 0x6D, 0xDE, 0x36, 0x5F, 0x9B, 0x04,
    0xF3, 0xB3, 0x79, 0x39, 0xF8, 0xD8, 0x3C, 0x6C, 0x1D, 0xB6, 0x73, 0xE4, 0x58, 0xEF, 0xCD, 0xCE,
    0xD4, 0x59, 0xC2, 0x96, 0xDE, 0xCD, 0xF7, 0xC0, 0x17, 0x10, 0xA8, 0x7B, 0x96, 0x7C, 0xD6, 0xBE,
    0xD5, 0x97, 0xB3, 0x36, 0x95, 0x0E, 0xF4, 0x84, 0xE7, 0x4B, 0xB4, 0xE2, 0xCA, 0xD8, 0xFA, 0x6F,
    0x5F, 0xD7, 0x36, 0x3B, 0x7E, 0x17, 0x34, 0x07, 0x77, 0x81, 0x0B, 0x77, 0x41, 0xE6, 0xE0, 0x66,
    0x6C, 0xEA, 0xE4, 0x38, 0xE7, 0x10, 0x7C, 0x2F, 0x38, 0x71, 0x36, 0xF3, 0x79, 0xE9, 0x1D, 0x80,
    0x8A, 0xD2, 0x79, 0x33, 0x9F, 0xC5, 0x49, 0xDB, 0x32, 0xD7, 0xD2, 0x35, 0x93, 0x2F, 0xC9, 0x5F,
    0xE5, 0x0E, 0x6C, 0x56, 0x42, 0xAA, 0x5E, 0x9A, 0x92, 0xC1, 0xAF, 0x5B, 0xED, 0x36, 0xCC, 0x0D,
    0xD0, 0x2B, 0x83, 0xFB, 0xF1, 0x4B, 0xE0, 0x5B, 0x76, 0xF6, 0xFA, 0x86, 0xF8, 0x1B, 0x79, 0x7C,
    0x25, 0x2D, 0x58, 0xFB, 0x66, 0x3B, 0x05, 0x67, 0x17, 0x6A, 0xA0, 0xAD, 0xF6, 0xC2, 0x56, 0xD5,
    0x2D, 0x3D, 0x6C, 0xC7, 0x53, 0xDC, 0x2E, 0x83, 0x50, 0x35, 0x99, 0x9D, 0x97, 0xA4, 0x9A, 0x96,
    0x4B, 0xE2, 0xF6, 0xBB, 0xF3, 0x38, 0x1B, 0xAB, 0xDF, 0xB7, 0x7E, 0x61, 0x95, 0xE5, 0x88, 0xBF,
    0x5F, 0x7C, 0x7A, 0xD8, 0xBE, 0xFE, 0xF6, 0xBD, 0xC4, 0xC6, 0x9E, 0x96, 0xCD, 0xCB, 0xA2, 0x5D,
    0x76, 0x30, 0xAD, 0xCE, 0xF1, 0xED, 0x8F, 0x50, 0xD9, 0xA1, 0x2A, 0xB2, 0xB7, 0x01, 0x0E, 0x5D,
    0xBF, 0xF6, 0xBF, 0xF1, 0x57, 0x75, 0xC2, 0x5F, 0xAB, 0x83, 0xB3, 0x99, 0x2C, 0x0A, 0x89, 0xA2,
    0xD9, 0xEF, 0xC1, 0x46, 0xDD, 0x48, 0x48, 0x0D, 0xDD, 0xBC, 0x0B, 0xD9, 0x04, 0xDD, 0xE4, 0xF2,
    0xA5, 0xAA, 0x8D, 0xA4, 0x30, 0xC9, 0xFA, 0x64, 0x52, 0x7E, 0x9A, 0xA5, 0x6D, 0xBC, 0x56, 0x88,
    0xA1, 0x63, 0x59, 0xA1, 0x3E, 0x44, 0x23, 0x98, 0x92, 0x81, 0xBE, 0xD3, 0xB8, 0xBE, 0xD2, 0xB8,
    0xBE, 0xE6, 0x12, 0x4F, 0x62, 0x79, 0xAB, 0xE9, 0x4E, 0x2F, 0x96, 0x4A, 0x46, 0xBC, 0x2D, 0x59,
    0x94, 0x78, 0xD5, 0x97, 0x97, 0x78, 0xFF, 0x4B, 0x74, 0xA7, 0xB7, 0xB9, 0xF5, 0xE3, 0x1B, 0xEB,
    0x47, 0x87, 0xB7, 0x97, 0x96, 0x74, 0xFE, 0x69, 0x91, 0xFE, 0x37, 0xC5, 0x02, 0x97, 0x80, 0x15,
    0xFA, 0xA9, 0x24, 0x15, 0x2E, 0x3D, 0xFD, 0x40, 0x3F, 0x7C, 0x38, 0xDF, 0x14, 0x50, 0x31, 0x5B,
    0x7B, 0x41, 0x59, 0x21, 0x3B, 0x8E, 0xFC, 0xBE, 0x6A, 0x42, 0x4A, 0x79, 0xBB, 0x7B, 0xC9, 0xA1,
    0x32, 0x43, 0x3A, 0x91, 0x6B, 0x31, 0xCE, 0xC5, 0x64, 0x85, 0x72, 0xA2, 0xD6, 0xCA, 0x68, 0xC3,
    0x54, 0x94, 0x5B, 0xDF, 0xE4, 0xA6, 0xE4, 0xB1, 0x62, 0x3F, 0xD1, 0x1A, 0xF2, 0x9F, 0xE9, 0x13,
    0x79, 0x1B, 0xAA, 0x7C, 0x36, 0x0B, 0x3A, 0x40, 0x9E, 0xCA, 0x65, 0xF9, 0xAA, 0x47, 0xEA, 0x73,
    0x69, 0x0A, 0xF0, 0x11, 0xD2, 0xA6, 0xC0, 0x2B, 0x6F, 0xA5, 0x17, 0xEB, 0x1D, 0x59, 0xD6, 0x4F,
    0xA1, 0x39, 0xB0, 0xC5, 0x2B, 0x97, 0x79, 0xDF, 0xF4, 0xF4, 0x1A, 0xEF, 0xF0, 0x54, 0xBB, 0x11,
    0x87, 0x6A, 0x7E, 0x27, 0xB0, 0x75, 0xD2, 0x20, 0xC8, 0x7A, 0xF9, 0xB7, 0x6F, 0x93, 0x91, 0xFF,
    0x59, 0x1E, 0x6F, 0x32, 0x5E, 0xF8, 0x21, 0x55, 0xA4, 0x5F, 0x39, 0x64, 0xFD, 0x48, 0xFA, 0x91,
    0x91, 0x23, 0xE5, 0xDF, 0x37, 0x05, 0xAA, 0x80, 0x98, 0x3E, 0x14, 0xB6, 0x47, 0xC7, 0xB9, 0x29,
    0xC0, 0xCF, 0x6A, 0x9E, 0x8F, 0x34, 0x1F, 0x3C, 0x91, 0xE4, 0x5B, 0xAD, 0x89, 0x72, 0x83, 0x75,
    0x08, 0xC5, 0xEB, 0xB3, 0x4B, 0x79, 0x36, 0x53, 0x89, 0xA9, 0xE2, 0x55, 0xF5, 0xE9, 0xD4, 0x9F,
    0x4D, 0x84, 0xD2, 0x47, 0xF1, 0x0D, 0xAC, 0xFF, 0x05, 0xDD, 0x59, 0x3F, 0x93, 0xDB, 0x54, 0x10,
    0x7F, 0x92, 0x26, 0x27, 0x06, 0x31, 0x63, 0x0A, 0xD2, 0x10, 0x66, 0xD4, 0xD3, 0xF8, 0x13, 0x30,
    0xD2, 0x47, 0x48, 0x71, 0x26, 0x45, 0x0A, 0x7A, 0x9A, 0xE3, 0x1B, 0xC8, 0x3D, 0x05, 0x69, 0x52,
    0x93, 0x32, 0xB8, 0xA1, 0xA1, 0xA0, 0x60, 0x22, 0x7F, 0x04, 0x53, 0xA4, 0x77, 0x11, 0x7A, 0xC1,
    0x28, 0x83, 0x6E, 0x90, 0xB4, 0xEC, 0xEF, 0xB7, 0x4F, 0x8E, 0xFF, 0x9D, 0x73, 0xC9, 0xF9, 0x88,
    0x0F, 0x9F, 0xB5, 0xAB, 0xB3, 0xF5, 0xF6, 0xED, 0xEE, 0xDB, 0xFF, 0x76, 0x67, 0xCF, 0xDD, 0xC7,
    0xCF, 0x9D, 0x73, 0x49, 0xEB, 0x46, 0x2D, 0x70, 0xE7, 0x52, 0xE0, 0x58, 0xF2, 0xA2, 0x51, 0x1C,
    0x89, 0x48, 0xA5, 0x38, 0x50, 0xBC, 0x50, 0xEC, 0x32, 0x91, 0x1C, 0xF8, 0x4C, 0x5E, 0xB9, 0x03,
    0xAF, 0xA0, 0x14, 0x79, 0xA2, 0x38, 0xD5, 0x75, 0xBD, 0x62, 0xFD, 0x17, 0x04, 0x40, 0x4E, 0xA4,
    0x76, 0x09, 0x71, 0xAB, 0x5F, 0x5F, 0x4E, 0xBE, 0x16, 0x51, 0xAA, 0x53, 0x90, 0xCE, 0x0B, 0x3C,
    0x3B, 0x92, 0x69, 0x49, 0x5E, 0x64, 0x2E, 0x0D, 0x79, 0x99, 0xEB, 0x12, 0xE7, 0xC2, 0x59, 0x4E,
    0xAC, 0x2F, 0xF2, 0xB4, 0x89, 0x47, 0x4A, 0x70, 0x7E, 0x0D, 0x7C, 0x6F, 0xF2, 0xC8, 0xD3, 0x8B,
    0xD6, 0xB0, 0xDF, 0xC7, 0xEF, 0x3B, 0x25, 0x1F, 0xA9, 0xE4, 0xE4, 0xAB, 0x10, 0xCF, 0x67, 0x47,
    0x22, 0xE0, 0xDB, 0xE4, 0xD0, 0xCD, 0x89, 0xE7, 0x26, 0x67, 0xB7, 0x26, 0xF7, 0x6C, 0x1A, 0xCE,
    0xF4, 0xDB, 0x79, 0x24, 0x0A, 0x17, 0xB1, 0xC2, 0xB2, 0x4E, 0x7B, 0xAA, 0x4F, 0xB7, 0x18, 0x0B,
    0x36, 0x8C, 0x4D, 0xA5, 0x45, 0xB7, 0x57, 0x83, 0x0F, 0xA4, 0x19, 0xB7, 0xA0, 0x7F, 0xD1, 0xC6,
    0xDC, 0x94, 0x7B, 0xB7, 0x19, 0x61, 0x21, 0x4F, 0x1F, 0x4B, 0x5B, 0xEA, 0x4A, 0x69, 0x41, 0xAA,
    0x6C, 0x21, 0x49, 0x36, 0xC0, 0xEA, 0x0A, 0xA8, 0xDF, 0x16, 0x7C, 0x5E, 0xD7, 0xB6, 0x2E, 0x24,
    0x9D, 0x6F, 0x06, 0x9A, 0x29, 0xA1, 0xED, 0x85, 0xE3, 0x2E, 0x5A, 0xF0, 0x90, 0xB5, 0x3C, 0xF5,
    0xF6, 0xFE, 0x39, 0xD6, 0x66, 0x3D, 0xD6, 0x8E, 0xE5, 0xE9, 0x23, 0x69, 0xC8, 0x4F, 0xC5, 0x93,
    0x5C, 0x84, 0x80, 0x39, 0x4E, 0xB9, 0x83, 0x69, 0x50, 0x05, 0xEE, 0x85, 0x09, 0x12, 0x41, 0x3F,
    0x54, 0xEB, 0x92, 0x78, 0xE4, 0x0F, 0x6D, 0xC0, 0xC3, 0xE7, 0xC3, 0x73, 0xC3, 0xBA, 0x93, 0xB1,
    0xAC, 0xB1, 0xB7, 0x9C, 0xB7, 0xE1, 0x37, 0x96, 0x15, 0xAF, 0xE1, 0xC6, 0xF6, 0xE3, 0xBE, 0x23,
    0x6F, 0x59, 0x63, 0x58, 0x56, 0xEE, 0x2D, 0xEB, 0xB5, 0x2E, 0x7B, 0x07, 0xCB, 0x72, 0x29, 0x1D,
    0xCF, 0xAC, 0x46, 0x05, 0xDC, 0x82, 0xF6, 0xF9, 0x83, 0x57, 0x77, 0xC8, 0xA6, 0xBA, 0xFD, 0x36,
    0x15, 0xAD, 0xDB, 0x54, 0x42, 0xE1, 0xEF, 0x42, 0x54, 0xB9, 0xD5, 0xB3, 0xDF, 0x79, 0xCD, 0x9E,
    0x6D, 0xB0, 0x1C, 0x6C, 0xE1, 0xD0, 0xE3, 0x68, 0xE5, 0x7B, 0x0C, 0xE2, 0xAA, 0x14, 0xF3, 0x35,
    0x1F, 0xCC, 0xF5, 0x7F, 0x23, 0xC3, 0xD8, 0x0F, 0xE6, 0xBD, 0x06, 0x82, 0xE9, 0xDE, 0x5D, 0x3F,
    0xB1, 0x45, 0x46, 0x62, 0x4E, 0xFA, 0x15, 0x45, 0xAD, 0xB9, 0xC7, 0x92, 0x62, 0x4E, 0x57, 0x74,
    0xB3, 0xCE, 0xCE, 0x7B, 0x3F, 0xFC, 0xDF, 0x59, 0xA9, 0x0B, 0x7E, 0x32, 0x25, 0x8A, 0xD7, 0xF9,
    0xDC, 0x54, 0x5C, 0x99, 0xC6, 0x1B, 0x9E, 0xCB, 0x0F, 0x1D, 0x9F, 0x88, 0x70, 0x00, 0x23, 0xDD,
    0x55, 0x9F, 0xC9, 0x6A, 0x57, 0x56, 0xFB, 0x83, 0x1E, 0xD7, 0x9A, 0x30, 0x47, 0x47, 0xAF, 0x27,
    0x93, 0x89, 0xEA, 0xC6, 0x6C, 0xF0, 0x20, 0xBA, 0x3D, 0x26, 0x9C, 0xFB, 0x9C, 0x96, 0x56, 0x5A,
    0xAD, 0x61, 0xFE, 0xD9, 0x51, 0x79, 0x50, 0x50, 0x56, 0x43, 0x3F, 0xE5, 0xB2, 0xA8, 0xF4, 0xCB,
    0xF9, 0xB8, 0x81, 0x6A, 0x47, 0xDD, 0x55, 0x7A, 0x7A, 0x0F, 0x38, 0xD6, 0x73, 0x93, 0xBF, 0xE0,
    0x83, 0x14, 0xD5, 0x3B, 0x20, 0xE1, 0x42, 0xE4, 0x8F, 0xC7, 0x52, 0xE9, 0x87, 0xEA, 0x4C, 0x48,
    0xDE, 0x0A, 0x1B, 0xC2, 0x9A, 0xB0, 0x3A, 0x26, 0x74, 0x2B, 0x7D, 0x5C, 0xE3, 0x46, 0x64, 0xE3,
    0x7C, 0xF6, 0xDE, 0x5C, 0x8F, 0xA0, 0x99, 0x80, 0x8F, 0x3B, 0x72, 0xDD, 0x9B, 0x77, 0x60, 0xF5,
    0xB8, 0x37, 0x5B, 0x88, 0x27, 0x76, 0x05, 0xDA, 0x59, 0x70, 0x01, 0x0F, 0xB5, 0xA3, 0xF6, 0x67,
    0x6D, 0x68, 0x6A, 0x68, 0xA1, 0xE8, 0xE5, 0x37, 0x1A, 0xC1, 0x34, 0xBF, 0x20, 0xA8, 0xE9, 0x63,
    0x88, 0xA5, 0x76, 0xD6, 0x6E, 0xED, 0x90, 0x6E, 0x07, 0x85, 0x92, 0x7F, 0xF9, 0x2C, 0x95, 0xBA,
    0xA8, 0x10, 0x99, 0x96, 0x25, 0xAD, 0xF0, 0x77, 0xF5, 0x81, 0xD9, 0xF4, 0x41, 0xB3, 0x63, 0xED,
    0x23, 0x39, 0x69, 0xA0, 0xC2, 0x64, 0xD5, 0x09, 0x0B, 0xE3, 0x1D, 0x65, 0xE3, 0x52, 0x47, 0x38,
    0xDF, 0x88, 0x26, 0x1F, 0xF0, 0x02, 0x2F, 0xFB, 0x78, 0xDC, 0x89, 0x78, 0xB7, 0x74, 0xCD, 0xA6,
    0xC1, 0x0C, 0x1D, 0x0C, 0x92, 0x5C, 0x59, 0x8F, 0x7A, 0xF4, 0x2E, 0xE8, 0x5C, 0xD8, 0xB7, 0x6C,
    0x77, 0x2D, 0x70, 0xCE, 0x0F, 0x78, 0x91, 0xCF, 0x2D, 0x5E, 0x35, 0xAD, 0xD7, 0xE4, 0xF5, 0xE2,
    0xF2, 0x3F, 0xE1, 0x53, 0x6D, 0xEA, 0x56, 0xDF, 0x71, 0xE7, 0xC6, 0xB5, 0x2B, 0x16, 0xAE, 0x9C,
    0xA3, 0xEA, 0x92, 0xE5, 0x67, 0x7A, 0x18, 0x85, 0x16, 0x4B, 0x52, 0x9F, 0x69, 0x8F, 0xD9, 0x59,
    0xC3, 0x3A, 0xB7, 0xB7, 0xDE, 0xC7, 0xDD, 0x1B, 0xD7, 0xBA, 0xF9, 0x3B, 0x39, 0xB8, 0x7B, 0xB2,
    0xCC, 0xDA, 0xB2, 0x47, 0x04, 0x2D, 0xFB, 0xAC, 0x4D, 0x96, 0xA6, 0xEA, 0x9B, 0xFD, 0x21, 0x29,
    0xBE, 0xCB, 0x9F, 0x3F, 0xDF, 0x3B, 0x75, 0x73, 0x6F, 0xE2, 0x6F, 0x46, 0xEC, 0x09, 0xD6, 0x6F,
    0x12, 0x54, 0xD0, 0x65, 0x23, 0x55, 0x8C, 0xE2, 0x47, 0x6A, 0xA9, 0x90, 0x90, 0x22, 0x48, 0x1A,
    0x4A, 0x3F, 0xB9, 0x90, 0x25, 0xD2, 0x86, 0xF8, 0x06, 0xA4, 0x60, 0x1D, 0xAA, 0x37, 0xD6, 0x33,
    0xF0, 0x49, 0xF1, 0x79, 0xE5, 0x42, 0xFA, 0xDC, 0xA5, 0xB5, 0x66, 0xB2, 0x5C, 0xDD, 0x36, 0x46,
    0x49, 0x83, 0xEE, 0x7B, 0x1D, 0xDA, 0xE7, 0xF6, 0xCC, 0x96, 0x5B, 0x6B, 0x5F, 0x7E, 0x0A, 0xD0,
    0x5A, 0x2A, 0x6B, 0xA8, 0xAC, 0x9D, 0x72, 0xEE, 0x7E, 0x61, 0x9D, 0x14, 0x22, 0x7A, 0xC1, 0x7A,
    0xB1, 0x60, 0xED, 0x58, 0xB0, 0x05, 0x29, 0xBC, 0xDB, 0x87, 0xCF, 0xD7, 0x32, 0xCC, 0xAA, 0x35,
    0x41, 0xF7, 0xB8, 0xB4, 0x5E, 0xC9, 0xFA, 0xBF, 0x58, 0xAC, 0xA4, 0x1C, 0x75, 0x91, 0x75, 0x2D,
    0x35, 0xAB, 0x72, 0xF7, 0xED, 0x13, 0xBC, 0x0F, 0xBC, 0x06, 0xBA, 0xA7, 0x88, 0x27, 0x0F, 0x7D,
    0xAE, 0xAB, 0x37, 0x71, 0xD9, 0xA0, 0xBB, 0x44, 0xFB, 0xA4, 0x82, 0xF6, 0x76, 0xA1, 0xA9, 0xCA,
    0xE4, 0xE5, 0x23, 0x64, 0x98, 0x91, 0x75, 0xD4, 0x8E, 0x4D, 0xD1, 0x12, 0xB9, 0x9C, 0x35, 0x12,
    0x95, 0xDD, 0xD9, 0xFC, 0xCF, 0x3A, 0xD2, 0xD8, 0x4F, 0xCA, 0xB0, 0x74, 0x81, 0x9C, 0x0A, 0xC3,
    0xFB, 0xB1, 0x75, 0x49, 0x9F, 0x68, 0x83, 0xDB, 0x86, 0xDA, 0xF5, 0xAA, 0x11, 0x2E, 0x4F, 0xAA,
    0x74, 0x19, 0x43, 0x31, 0x25, 0x46, 0x59, 0x90, 0xC5, 0x97, 0x82, 0xA8, 0xF0, 0xE8, 0x68, 0x97,
    0x3E, 0xAB, 0xC6, 0xD2, 0x00, 0x8D, 0xE8, 0x67, 0x98, 0x25, 0x30, 0x2D, 0xF6, 0xE6, 0x5A, 0xAD,
    0x0D, 0x07, 0xE8, 0x5F, 0x68, 0xA6, 0xE9, 0x8A, 0x56, 0xC1, 0xB1, 0x4A, 0x4D, 0x2C, 0x87, 0x8E,
    0x49, 0xB1, 0x2A, 0xA1, 0x1F, 0x2D, 0x3A, 0xA1, 0x39, 0xF9, 0x87, 0xE6, 0xE6, 0xE7, 0xAA, 0x3E,
    0x9F, 0xAF, 0x15, 0xAD, 0x53, 0x43, 0xD4, 0xE5, 0xF7, 0xB6, 0x65, 0x44, 0x9A, 0x0D, 0x36, 0x77,
    0x74, 0xF5, 0xDC, 0xC6, 0x52, 0xDC, 0x36, 0x31, 0x26, 0x3C, 0x4B, 0x9E, 0x41, 0x3C, 0x03, 0x34,
    0x66, 0x6C, 0xA0, 0x9B, 0x57, 0xE8, 0xD2, 0x1B, 0xDB, 0xB4, 0x3B, 0x6C, 0xC9, 0x1E, 0xA5, 0x1B,
    0xC8, 0x8F, 0x08, 0x38, 0xC3, 0x50, 0x9F, 0x69, 0xCD, 0x65, 0x5A, 0x9B, 0xE0, 0x55, 0x36, 0x6C,
    0xB0, 0xE1, 0x82, 0x77, 0xAF, 0xAF, 0x8E, 0xD0, 0x97, 0x59, 0xB8, 0x43, 0x0B, 0x4D, 0x3D, 0x3B,
    0xAB, 0xC8, 0x2D, 0x12, 0x22, 0x54, 0x42, 0x03, 0x19, 0xF5, 0x4E, 0x15, 0xFD, 0xED, 0x87, 0x27,
    0x73, 0x42, 0xAA, 0xD0, 0xCE, 0x75, 0xA8, 0xF6, 0x01, 0xE1, 0xFE, 0x98, 0x29, 0x68, 0xA9, 0x5F,
    0x1B, 0x9D, 0xC0, 0x74, 0x57, 0xF4, 0xA6, 0xD6, 0x7C, 0xB5, 0xA3, 0xED, 0x6E, 0xFD, 0xE8, 0xA1,
    0x5E, 0x33, 0x58, 0x83, 0x36, 0x0A, 0x89, 0x69, 0xF2, 0x29, 0x03, 0x48, 0x41, 0x58, 0x52, 0x7F,
    0x63, 0x0B, 0x31, 0x24, 0x18, 0x2D, 0xD6, 0x69, 0x05, 0x6C, 0xB0, 0x63, 0xEE, 0x98, 0xFA, 0x90,
    0xBE, 0xE2, 0x0D, 0xE4, 0x60, 0x4D, 0x53, 0x18, 0x53, 0x4F, 0x5B, 0x6A, 0x28, 0xD1, 0xF2, 0x90,
    0xA4, 0x3F, 0x43, 0x3F, 0x3D, 0xE6, 0xAB, 0xD2, 0x44, 0xFA, 0x35, 0x84, 0xED, 0xDC, 0x40, 0xD9,
    0xEF, 0x92, 0x70, 0xC7, 0xD0, 0x4C, 0x03, 0x5F, 0xB7, 0x14, 0xA5, 0x5E, 0x4D, 0x8D, 0x62, 0x1F,
    0x6F, 0x91, 0x17, 0xC6, 0xFD, 0x9B, 0xB9, 0x4D, 0x59, 0x1F, 0x98, 0x55, 0x9C, 0x2A, 0x7C, 0xED,
    0x8B, 0x6A, 0x91, 0xDE, 0x20, 0x47, 0x88, 0x3D, 0xE7, 0x40, 0x3D, 0x27, 0x3A, 0xBD, 0xC6, 0xC1,
    0x00, 0xFA, 0x42, 0xDE, 0x55, 0xA9, 0x55, 0x64, 0x95, 0x77, 0x5D, 0x58, 0x73, 0xB8, 0xE3, 0xBC,
    0xF5, 0x50, 0xBA, 0xF3, 0x12, 0xE3, 0x28, 0x2D, 0xAD, 0xDB, 0x44, 0x95, 0x5F, 0xB6, 0x77, 0x5E,
    0x81, 0x7B, 0x5E, 0xBB, 0x63, 0xBF, 0xC2, 0x8C, 0x88, 0x90, 0x36, 0x17, 0xF9, 0xE9, 0x61, 0x45,
    0xC7, 0x59, 0xD8, 0x0F, 0x31, 0x08, 0x2B, 0x46, 0xF0, 0x57, 0xC2, 0x4F, 0x7D, 0x78, 0xBA, 0xFD,
    0x2B, 0xD7, 0xEB, 0x65, 0xAE, 0x12, 0xCD, 0x35, 0x07, 0xCE, 0x43, 0x04, 0x95, 0x52, 0xAF, 0x64,
    0xF8, 0x95, 0x62, 0xB7, 0xFF, 0x0A, 0xE8, 0x47, 0x8C, 0x1A, 0x1C, 0xB4, 0x22, 0x2F, 0x20, 0x56,
    0xC3, 0x69, 0x12, 0x75, 0xD7, 0x10, 0xDE, 0x94, 0xDB, 0xE3, 0x23, 0xB9, 0x1A, 0xA5, 0x86, 0x2C,
    0xDC, 0xB9, 0x92, 0x51, 0x29, 0x34, 0xC7, 0x4D, 0x2C, 0x52, 0x45, 0xC3, 0xC0, 0x60, 0x61, 0xC1,
    0x9E, 0xF9, 0xC0, 0x7D, 0xB1, 0x7F, 0x3C, 0x72, 0x2C, 0xC4, 0x93, 0xB7, 0x82, 0xB3, 0x1B, 0x50,
    0x69, 0x28, 0x33, 0x94, 0xC8, 0x50, 0x7B, 0xB2, 0xC6, 0xDD, 0x02, 0xA8, 0x69, 0x31, 0xB4, 0xAD,
    0x18, 0x6B, 0x18, 0x76, 0xC6, 0xC8, 0xAD, 0x0C, 0xB5, 0x11, 0xA3, 0x2E, 0xD7, 0x7E, 0x67, 0x3B,
    0xBE, 0x2F, 0x60, 0x72, 0xED, 0x1E, 0x22, 0xE0, 0x36, 0xBE, 0x1E, 0xCC, 0x00, 0x12, 0x80, 0xA0,
    0x6C, 0x6E, 0xCD, 0x3B, 0xCE, 0x2E, 0x2D, 0xA8, 0xE6, 0x56, 0x12, 0x6C, 0x41, 0xFB, 0x3C, 0xEE,
    0x8E, 0xE0, 0x5F, 0x37, 0x52, 0xCF, 0x5E, 0x10, 0xBC, 0xC8, 0x11, 0xEE, 0x16, 0x38, 0x8C, 0x6A,
    0x1D, 0xF0, 0xB3, 0xA0, 0xCF, 0x77, 0xF4, 0x7B, 0x0E, 0xFD, 0xB6, 0xD0, 0x2F, 0x7F, 0xCE, 0x6C,
    0x1D, 0x4D, 0xD3, 0xFB, 0xF3, 0x8D, 0x0D, 0x2E, 0xCC, 0x89, 0x52, 0xB8, 0xBF, 0xFC, 0xC9, 0x28,
    0xE0, 0xCB, 0xCF, 0x6D, 0xD4, 0xB3, 0xEE, 0x20, 0x53, 0xA9, 0xFD, 0x98, 0x61, 0x1D, 0x80, 0x72,
    0x57, 0xED, 0xA2, 0x17, 0x86, 0x7E, 0x79, 0xAB, 0x81, 0xF7, 0x03, 0x32, 0xED, 0x9B, 0x81, 0xF7,
    0xCE, 0xC7, 0xB7, 0xEB, 0xCD, 0x4F, 0x3E, 0xD2, 0xEB, 0x37, 0x2D, 0xF7, 0x5A, 0x67, 0x73, 0x65,
    0x5E, 0x68, 0x36, 0x30, 0xD3, 0x86, 0x71, 0xB2, 0x3D, 0xF3, 0x17, 0x0E, 0x55, 0x3B, 0x3C, 0x97,
    0xAF, 0xD6, 0xD7, 0xA6, 0x66, 0x68, 0x19, 0x4A, 0x86, 0x8E, 0xA9, 0xE2, 0xB2, 0xFD, 0x17, 0xED,
    0x59, 0xBD, 0x8E, 0xDB, 0x46, 0x10, 0x5E, 0x49, 0xF1, 0x09, 0x30, 0x0B, 0xF6, 0x76, 0xA1, 0x3E,
    0x45, 0xF4, 0x08, 0x24, 0x90, 0x17, 0x70, 0x61, 0x39, 0xC5, 0x15, 0xE9, 0xDD, 0xDC, 0x23, 0x50,
    0x9D, 0xCB, 0x5C, 0x11, 0xF7, 0x57, 0xDA, 0xD7, 0xE4, 0x11, 0x48, 0xE4, 0x09, 0xD4, 0xB8, 0x8E,
    0x80, 0xD8, 0x45, 0x2A, 0x2B, 0x01, 0x8D, 0xD0, 0x00, 0xC9, 0xC9, 0xCC, 0xF7, 0xCD, 0x52, 0xD4,
    0x45, 0x77, 0x89, 0xED, 0x00, 0x39, 0xF8, 0x4C, 0xE0, 0xF6, 0xE3, 0x09, 0xE4, 0xEE, 0xFC, 0x7C,
    0xB3, 0x3B, 0x33, 0x0C, 0x21, 0xCC, 0x65, 0x1B, 0xF4, 0x4A, 0xA5, 0x32, 0x58, 0x88, 0x8D, 0x21,
    0xEB, 0x01, 0x45, 0x0B, 0x90, 0x9D, 0x8D, 0x53, 0xD9, 0x18, 0xCC, 0xF8, 0xE0, 0x91, 0x0B, 0x8F,
    0x65, 0xAD, 0x34, 0x84, 0x8E, 0x20, 0x0E, 0x15, 0x61, 0x4B, 0xA8, 0x09, 0x2D, 0xA1, 0x27, 0x48,
    0x4E, 0xA8, 0x0C, 0xFE, 0xD4, 0xE9, 0x14, 0x76, 0xFA, 0xA8, 0x81, 0x8A, 0x62, 0x90, 0x09, 0x20,
    0x95, 0xB5, 0xC1, 0x5C, 0x36, 0x06, 0x53, 0xFD, 0x5D, 0x21, 0x48, 0x03, 0x28, 0x3A, 0xC0, 0x52,
    0x00, 0xA9, 0xAE, 0xA2, 0x30, 0x23, 0x4C, 0x08, 0xA1, 0x24, 0x64, 0x84, 0x05, 0x21, 0x21, 0xCC,
    0x08, 0xC1, 0xA1, 0x6C, 0x5D, 0x31, 0xDC, 0x43, 0xD1, 0x1A, 0xE6, 0xD8, 0x0D, 0xD6, 0x48, 0x55,
    0xF2, 0x68, 0x3B, 0x3C, 0x17, 0x8A, 0xFA, 0xB8, 0x85, 0xCE, 0xE4, 0x3C, 0xC8, 0x1F, 0xA6, 0xB8,
    0xD8, 0xC5, 0xB1, 0xC2, 0xB8, 0x11, 0x79, 0x73, 0xAA, 0xFA, 0x8A, 0x4D, 0x6D, 0x96, 0xD1, 0xB1,
    0xC1, 0x58, 0x63, 0xDC, 0xFD, 0xD7, 0xE3, 0x67, 0xEE, 0xAB, 0x63, 0x97, 0x93, 0xD7, 0x61, 0x7E,
    0x00, 0x43, 0x04, 0xAC, 0xE1, 0x40, 0x38, 0x73, 0x02, 0x93, 0xA8, 0x43, 0x38, 0x61, 0x49, 0xAF,
    0x66, 0x88, 0x98, 0x90, 0xE6, 0xB7, 0xD1, 0xB3, 0xD7, 0x46, 0xE6, 0x78, 0x9C, 0x60, 0x8C, 0x14,
    0xDE, 0x41, 0x7B, 0x8B, 0xEE, 0x0C, 0x36, 0x28, 0x40, 0xE7, 0x25, 0xF6, 0x80, 0xA4, 0x81, 0x01,
    0xA8, 0x31, 0x14, 0x7E, 0x70, 0x11, 0xBE, 0xBE, 0x50, 0x3B, 0xA9, 0xA2, 0xFA, 0x6B, 0xD2, 0x4F,
    0xED, 0x9D, 0x99, 0x3C, 0x83, 0xA5, 0xE4, 0x97, 0x8E, 0xD6, 0xAB, 0x69, 0x4B, 0xBC, 0x97, 0x44,
    0xAB, 0x87, 0x3B, 0xBA, 0x73, 0xCC, 0x24, 0x4F, 0x7B, 0x9D, 0xA1, 0x5A, 0xAA, 0xD8, 0xC5, 0xAE,
    0xD0, 0x5F, 0x97, 0x8D, 0xE9, 0x95, 0x98, 0xE4, 0xFA, 0x1A, 0x8C, 0x06, 0xF5, 0x23, 0xB9, 0x6E,
    0xED, 0xCE, 0xB1, 0xA7, 0xD8, 0xF5, 0x37, 0x93, 0x78, 0x33, 0x8B, 0x37, 0x89, 0xB8, 0x5A, 0xCB,
    0x78, 0x7C, 0x94, 0xF1, 0x46, 0x1D, 0x23, 0x5B, 0xD3, 0x2E, 0xED, 0x82, 0xFC, 0x6A, 0x0A, 0xCE,
    0xEA, 0x20, 0x6F, 0x4D, 0xC7, 0x49, 0x45, 0x35, 0x2D, 0x22, 0xA9, 0x29, 0x6E, 0x5E, 0x7D, 0x8F,
    0xD9, 0xD4, 0xF9, 0x33, 0x37, 0xB7, 0xAF, 0x48, 0x7D, 0x5D, 0x90, 0xFF, 0xE9, 0x26, 0x72, 0xB9,
    0x26, 0xB4, 0x87, 0x5C, 0xCE, 0x0F, 0x28, 0xBD, 0x23, 0x34, 0x07, 0x94, 0x16, 0x87, 0x35, 0xB9,
    0xBC, 0x31, 0xF8, 0xDD, 0x29, 0x5D, 0x36, 0xE4, 0x72, 0x07, 0x58, 0x90, 0xD2, 0x09, 0x29, 0x3D,
    0x23, 0xA5, 0x27, 0x4E, 0xE9, 0xB2, 0x05, 0x64, 0x9D, 0x73, 0x19, 0x90, 0x1C, 0x50, 0x3A, 0x38,
    0x14, 0x07, 0x94, 0x4E, 0x09, 0x73, 0xC2, 0xF4, 0x90, 0xD2, 0x9E, 0x11, 0x64, 0x07, 0x80, 0x53,
    0x71, 0xF2, 0x04, 0xBA, 0xCE, 0x10, 0xA1, 0x06, 0xDC, 0x5B, 0xE0, 0xB2, 0x19, 0x14, 0x57, 0x78,
    0x7D, 0xCB, 0x36, 0xCA, 0xD1, 0x88, 0xCD, 0xF0, 0xDE, 0xA9, 0x31, 0x2B, 0x85, 0xD4, 0x29, 0xDC,
    0x94, 0xC2, 0x75, 0x29, 0x74, 0x4B, 0x55, 0x72, 0xD3, 0x25, 0xAA, 0x76, 0x23, 0x4E, 0x56, 0xAB,
    0xD5, 0xA3, 0x70, 0xC3, 0xF5, 0x93, 0xD8, 0x74, 0xBA, 0x83, 0x08, 0xC2, 0xBF, 0x84, 0x19, 0xF0,
    0xBA, 0xD0, 0x53, 0x62, 0x36, 0x5A, 0xC8, 0xFB, 0xD5, 0xA9, 0x32, 0x3D, 0xB3, 0x20, 0xD0, 0x43,
    0xA9, 0xE8, 0xF1, 0x4E, 0x5E, 0x52, 0xA0, 0x0A, 0x9B, 0x86, 0x9E, 0x60, 0x6E, 0xF5, 0x3D, 0xEE,
    0x3E, 0x11, 0xAF, 0xCE, 0xE7, 0xEB, 0xC4, 0x75, 0xA3, 0x1C, 0x51, 0x2E, 0x93, 0xF3, 0x3B, 0x95,
    0x33, 0xCA, 0x1D, 0xF5, 0x88, 0x7A, 0x0D, 0x7A, 0xDA, 0x0F, 0xE7, 0x8C, 0xE7, 0xF6, 0xFA, 0x51,
    0x8D, 0xF7, 0xF8, 0x98, 0xD1, 0x12, 0x9C, 0x03, 0xA5, 0x6D, 0xFC, 0x73, 0x30, 0x26, 0xC5, 0x32,
    0x19, 0x16, 0x2D, 0xE4, 0xF9, 0x13, 0xE9, 0x4A, 0x5D, 0xA5, 0xE8, 0x4D, 0xDE, 0x25, 0xB8, 0xB8,
    0x10, 0xB2, 0xFA, 0xDA, 0x91, 0xCF, 0xE0, 0x79, 0xBE, 0xCB, 0x79, 0x38, 0x27, 0xE7, 0xE7, 0x5A,
    0x26, 0x5B, 0x1F, 0x65, 0x38, 0x79, 0x11, 0xEE, 0xBF, 0x30, 0x89, 0xDA, 0x90, 0x9A, 0x4D, 0x92,
    0xCE, 0x8E, 0x44, 0xB3, 0x51, 0x5E, 0x34, 0x63, 0x1E, 0xF8, 0xB6, 0xA5, 0x1E, 0x44, 0x10, 0x84,
    0x13, 0x8D, 0x82, 0x2F, 0xBC, 0xB8, 0x96, 0x17, 0x97, 0xEB, 0xE9, 0xA5, 0xB2, 0xA0, 0xB2, 0x6C,
    0x41, 0x36, 0x73, 0xB1, 0xAC, 0x6B, 0xD1, 0xC3, 0x7C, 0x2D, 0x5C, 0xDA, 0xD8, 0x7A, 0x30, 0x69,
    0xD1, 0x85, 0xDB, 0xCD, 0x11, 0xD5, 0x76, 0xEB, 0x06, 0xFA, 0xD9, 0xB3, 0xAC, 0x6F, 0x71, 0xEC,
    0x2D, 0xFB, 0x04, 0x87, 0x5A, 0xA6, 0xEF, 0x32, 0xB1, 0xC4, 0x56, 0x3A, 0x91, 0xAD, 0x73, 0xA7,
    0x3A, 0x9E, 0xC8, 0x7D, 0xE1, 0x08, 0xF4, 0xD6, 0x13, 0x07, 0xC5, 0x96, 0xD4, 0x7A, 0x12, 0xEA,
    0xCE, 0xBD, 0x2D, 0x1B, 0x2A, 0xB2, 0xA3, 0x89, 0x95, 0x1C, 0x8B, 0x7E, 0x6E, 0xB3, 0xBB, 0x81,
    0x95, 0x42, 0xDD, 0x75, 0xB6, 0x74, 0x57, 0x81, 0x2F, 0x4E, 0x98, 0x40, 0x8F, 0x06, 0xBA, 0x37,
    0xD0, 0xD7, 0x81, 0x8E, 0x0F, 0x64, 0x41, 0x20, 0x25, 0x02, 0x97, 0xBC, 0x19, 0xFC, 0x49, 0xBE,
    0xE7, 0xB3, 0xF8, 0x9C, 0xBE, 0x82, 0xAF, 0xE7, 0xAB, 0x3B, 0x87, 0xA2, 0x64, 0xE1, 0x4C, 0xB5,
    0xF6, 0x07, 0xCD, 0x44, 0xCE, 0x3A, 0x5A, 0x07, 0x43, 0x3B, 0x95, 0xE1, 0x6A, 0x93, 0xD1, 0x3D,
    0x19, 0x20, 0xAF, 0x6C, 0x3B, 0x75, 0x6B, 0x57, 0x43, 0x7D, 0xBF, 0xE0, 0x7D, 0xF4, 0xCA, 0x90,
    0x82, 0x7A, 0x3D, 0x14, 0xBD, 0xF7, 0xB7, 0x7B, 0x7A, 0xD9, 0xE6, 0xCC, 0x87, 0x13, 0x4F, 0x25,
    0xFD, 0xC8, 0xFB, 0xF1, 0x9C, 0x37, 0xAF, 0x3B, 0x92, 0x6D, 0x2C, 0x73, 0x31, 0xD2, 0x65, 0xAC,
    0x23, 0x59, 0x45, 0xDD, 0xC7, 0x36, 0x19, 0xDB, 0x8A, 0x36, 0x3C, 0xDB, 0x3B, 0xA1, 0x4B, 0x79,
    0x0F, 0x9B, 0x4F, 0x07, 0x9B, 0x9F, 0xEB, 0x83, 0x0D, 0x49, 0xD2, 0x25, 0xC8, 0xCD, 0xE0, 0x2A,
    0x0D, 0x43, 0x95, 0x30, 0xDD, 0x4F, 0x97, 0x0D, 0x53, 0xD3, 0xC1, 0xF2, 0x6E, 0x55, 0x6A, 0xBC,
    0x75, 0x14, 0x4A, 0x6B, 0x0F, 0x92, 0x20, 0x8F, 0x51, 0x67, 0x2C, 0x1E, 0x78, 0xCB, 0x3C, 0xE8,
    0x43, 0x6E, 0xEB, 0xA1, 0x61, 0xE3, 0xE4, 0xD2, 0xAC, 0xC3, 0x57, 0x5B, 0x5B, 0xD5, 0x15, 0x65,
    0xD0, 0x7F, 0xF7, 0x92, 0xE5, 0x83, 0xBC, 0xBE, 0x3F, 0x9A, 0x0D, 0x9A, 0xBD, 0x6E, 0x9B, 0x10,
    0x35, 0x7E, 0x1F, 0x68, 0xC7, 0x7C, 0xD4, 0x12, 0x2A, 0xBD, 0x25, 0x54, 0xB3, 0x2E, 0xDE, 0x1E,
    0x14, 0xD0, 0x78, 0x70, 0xD1, 0x5F, 0x5B, 0xE6, 0xD9, 0x9A, 0x39, 0x13, 0xBE, 0x26, 0xC8, 0x28,
    0xFD, 0xF3, 0xFC, 0x4F, 0x13, 0xC0, 0x77, 0xAB, 0xD5, 0x29, 0x33, 0xB4, 0xA9, 0xE7, 0xD2, 0xFF,
    0x1A, 0xFC, 0x85, 0x87, 0x96, 0x46, 0xA2, 0x6A, 0x70, 0x25, 0x01, 0x35, 0x61, 0x3B, 0xAC, 0xFE,
    0x6E, 0x65, 0xF1, 0xC7, 0xBC, 0x37, 0xB0, 0x94, 0xCB, 0x69, 0xDB, 0x35, 0x2B, 0xBA, 0x8A, 0x59,
    0xF0, 0x86, 0x85, 0xDD, 0x76, 0xB4, 0xC2, 0x24, 0x2E, 0x5B, 0x8F, 0xCB, 0x3C, 0x4B, 0x8D, 0xCD,
    0xF6, 0x3A, 0xF9, 0x14, 0xB1, 0x6C, 0xDB, 0xC8, 0x1A, 0x0E, 0xB2, 0x5D, 0xAA, 0x6C, 0xAE, 0x14,
    0x74, 0xCB, 0x56, 0xB3, 0x60, 0x4B, 0xF4, 0x47, 0x7F, 0x6F, 0x1E, 0x5B, 0x92, 0x80, 0x34, 0xA8,
    0xD9, 0x97, 0x33, 0x1F, 0xFC, 0xF7, 0xD9, 0xDB, 0xF9, 0xE8, 0xC5, 0xA3, 0xF4, 0x0A, 0x78, 0x7C,
    0x2C, 0x25, 0xD6, 0x9A, 0x30, 0x7E, 0xC7, 0xE2, 0xB4, 0x25, 0x7B, 0xC7, 0x5C, 0x0E, 0x25, 0xDA,
    0x3F, 0xE1, 0x1B, 0xCE, 0xF9, 0xD5, 0xE0, 0x2C, 0xAB, 0x59, 0x5A, 0x66, 0xA7, 0xE3, 0xE1, 0xCD,
    0xE3, 0x80, 0xBC, 0x0E, 0x73, 0x61, 0x8F, 0xC0, 0x74, 0x43, 0x41, 0xF8, 0xB1, 0xC3, 0xB1, 0x0E,
    0xC9, 0x30, 0x4C, 0xDC, 0x48, 0x5E, 0x60, 0xA3, 0x77, 0x83, 0xD6, 0x0D, 0x3A, 0x37, 0x08, 0xC0,
    0xA4, 0x1D, 0xDA, 0x36, 0x88, 0xCA, 0xCB, 0x5C, 0x33, 0x2B, 0xD5, 0x6E, 0x3B, 0xC3, 0xB1, 0xD8,
    0x24, 0x28, 0x6B, 0x3A, 0x4F, 0x59, 0x0B, 0xCF, 0x54, 0x37, 0x3C, 0x64, 0xC7, 0x01, 0x9F, 0xB6,
    0x77, 0x35, 0x9C, 0xD5, 0x28, 0xE5, 0x6E, 0xA1, 0xE7, 0x45, 0x95, 0xC8, 0xDC, 0x4A, 0xD2, 0x1F,
    0x2C, 0xBA, 0xD1, 0x80, 0x62, 0x95, 0xA8, 0x86, 0x9C, 0xF7, 0x47, 0x68, 0xA8, 0x6F, 0xA4, 0xB2,
    0xB4, 0x41, 0x0E, 0x87, 0x7E, 0xA5, 0x9B, 0x6F, 0xED, 0x27, 0x17, 0xDE, 0xC7, 0x9E, 0x99, 0x4A,
    0xF8, 0xB4, 0x01, 0xB9, 0xC2, 0x26, 0x8C, 0xCF, 0x41, 0xF6, 0xEF, 0xBB, 0xB0, 0x6F, 0x2C, 0xB1,
    0xDB, 0x17, 0x4F, 0x53, 0xDF, 0xAC, 0x8F, 0x5D, 0x27, 0xCC, 0x3E, 0x4A, 0xD8, 0x17, 0x27, 0x44,
    0x87, 0x0C, 0x4C, 0xBD, 0xCB, 0x53, 0xA4, 0x2A, 0xE5, 0xF9, 0xEA, 0x4C, 0x4D, 0xD9, 0x82, 0x80,
    0xA6, 0xD1, 0x64, 0xEF, 0x3A, 0xA3, 0xFF, 0xE5, 0x05, 0xD7, 0xF4, 0x48, 0xD3, 0xB9, 0x7E, 0x63,
    0x5B, 0x50, 0xFA, 0x73, 0xE4, 0xDC, 0x76, 0xC0, 0x24, 0xF4, 0xE7, 0x84, 0x73, 0x86, 0xFB, 0x9E,
    0xF4, 0xDD, 0x2B, 0xD9, 0x42, 0x50, 0xCF, 0xFB, 0x59, 0xD3, 0xA2, 0x90, 0x2E, 0x86, 0x9E, 0x0A,
    0x01, 0x27, 0x91, 0x7A, 0xA9, 0xC7, 0x23, 0x99, 0x1E, 0xF4, 0xA7, 0xD2, 0x2C, 0x99, 0x3A, 0xF2,
    0x88, 0xDB, 0xF0, 0xA8, 0xCF, 0x6D, 0x5D, 0x93, 0xE7, 0x04, 0x7C, 0xBD, 0xA9, 0x8D, 0xBF, 0xBE,
    0xDA, 0xC6, 0x6F, 0x8E, 0x5A, 0xE8, 0xA1, 0x65, 0x00, 0x53, 0x4C, 0x8A, 0x95, 0xA8, 0x51, 0x05,
    0xEB, 0x6C, 0x32, 0x31, 0xCA, 0x67, 0xE8, 0x49, 0xD9, 0x2C, 0xAB, 0x47, 0x19, 0xFB, 0xA9, 0x22,
    0x3F, 0xF2, 0xE8, 0x7E, 0xCD, 0x14, 0x88, 0x86, 0xD0, 0x85, 0x1F, 0x48, 0xEC, 0x40, 0x78, 0x9F,
    0x03, 0x3D, 0x8F, 0x52, 0x34, 0x7D, 0xD9, 0x15, 0xD0, 0x67, 0xB9, 0xAF, 0x63, 0xD6, 0x53, 0x26,
    0xC3, 0x0F, 0x99, 0x0A, 0x4F, 0x5F, 0x8C, 0x77, 0x3B, 0xEF, 0xAE, 0x95, 0x5E, 0x79, 0xBE, 0x65,
    0x47, 0x26, 0xED, 0x11, 0xEB, 0x8C, 0xFC, 0x1A, 0x6D, 0xDB, 0xA7, 0xE7, 0xE1, 0xE9, 0xC5, 0x5D,
    0xF5, 0xFF, 0x03, 0xD6, 0x10, 0xB4, 0x11, 0x4D, 0x04, 0x0B, 0xA1, 0xD1, 0xB8, 0x6C, 0x2C, 0x92,
    0xCA, 0x5D, 0x66, 0x2D, 0xDF, 0x6A, 0x61, 0xD5, 0x48, 0x9E, 0xC8, 0xED, 0x66, 0xC1, 0xE7, 0xE3,
    0xB1, 0xD9, 0x71, 0x8F, 0xF9, 0xA7, 0x83, 0x84, 0xE1, 0x9B, 0x72, 0xB5, 0x94, 0xA2, 0xDE, 0x3B,
    0x95, 0x30, 0xFA, 0xBC, 0x30, 0x17, 0x97, 0x9B, 0x30, 0xFE, 0x1C, 0x51, 0x20, 0xBE, 0x6F, 0x51,
    0xF0, 0x66, 0x8C, 0x56, 0xD0, 0x11, 0x1E, 0x64, 0x2E, 0x11, 0x9E, 0x78, 0xC5, 0x53, 0x81, 0xA1,
    0xF8, 0xBC, 0xE2, 0x63, 0x1E, 0xC9, 0x3A, 0x43, 0x17, 0xC9, 0xC3, 0xD8, 0x83, 0xDA, 0x43, 0xDC,
    0x03, 0xDE, 0xC3, 0xDF, 0x37, 0x83, 0xB8, 0x35, 0xF8, 0x46, 0xE1, 0xDB, 0xC6, 0x1D, 0x0C, 0xFF,
    0xE9, 0xCB, 0x70, 0xF2, 0x52, 0xE5, 0x5E, 0xA7, 0x76, 0x9A, 0x6F, 0x32, 0x6B, 0xBE, 0xD7, 0xA5,
    0x5A, 0x6F, 0xD1, 0xF9, 0x17, 0x19, 0x78, 0xF3, 0x1F, 0xBF, 0xC8, 0xDC, 0x1E, 0x1E, 0xFD, 0x05,
    0xE5, 0x59, 0xBD, 0x8E, 0xE4, 0x44, 0x10, 0x6E, 0xDB, 0x02, 0x4B, 0xE7, 0xC0, 0xD1, 0x49, 0x08,
    0x02, 0xE7, 0x9B, 0xF8, 0x11, 0xDA, 0xE8, 0x02, 0xD2, 0x0B, 0xCE, 0x11, 0xC1, 0x11, 0x93, 0xEC,
    0x23, 0xD8, 0xBA, 0x17, 0xB8, 0x7D, 0x84, 0x0D, 0x4F, 0x97, 0xDC, 0x1B, 0xD0, 0x86, 0x27, 0xB0,
    0x84, 0x2E, 0xC6, 0x09, 0x22, 0x20, 0xB1, 0x84, 0x91, 0x8C, 0x64, 0xBB, 0xA8, 0xAF, 0xAA, 0x3D,
    0x6B, 0xDF, 0xCE, 0xAC, 0xE0, 0x8E, 0x85, 0xE1, 0x76, 0x34, 0xED, 0xF2, 0xD8, 0xFD, 0x53, 0x5D,
    0x5F, 0xD5, 0x57, 0xDD, 0x3D, 0x44, 0xF8, 0x4C, 0x74, 0x87, 0x28, 0xCB, 0xE7, 0x54, 0x96, 0xCF,
    0x8C, 0x49, 0xC9, 0xE0, 0xF3, 0x7F, 0x13, 0x93, 0x88, 0x7C, 0x10, 0x61, 0xA9, 0x55, 0x21, 0x3F,
    0x2F, 0xDC, 0xB4, 0xAD, 0x93, 0x89, 0xE0, 0x29, 0xAB, 0x18, 0x54, 0x74, 0x22, 0x16, 0xB9, 0xF6,
    0x47, 0x0B, 0x1D, 0xF9, 0x94, 0xF4, 0x7B, 0x79, 0xAA, 0xFE, 0xBE, 0x0C, 0xBE, 0xCC, 0xA5, 0x71,
    0x44, 0xA6, 0xE2, 0x92, 0x73, 0x49, 0xB8, 0x04, 0x5C, 0x42, 0x9E, 0x46, 0x34, 0x1B, 0x13, 0xB3,
    0x22, 0x09, 0xAB, 0x86, 0xE7, 0x26, 0x22, 0x3C, 0xE0, 0x69, 0xA0, 0xCC, 0x5C, 0x46, 0x2E, 0xB5,
    0xF9, 0xF6, 0x0A, 0x5F, 0x63, 0x87, 0x00, 0xD3, 0xCC, 0xA6, 0x88, 0x0A, 0xD4, 0x4B, 0xA1, 0x7C,
    0x48, 0x6F, 0x46, 0x9D, 0x50, 0xAF, 0x16, 0x68, 0x64, 0xCA, 0x6A, 0xA4, 0x78, 0x36, 0x27, 0x3E,
    0xF4, 0xD1, 0x3B, 0xC8, 0xEE, 0x01, 0x8C, 0x93, 0xED, 0x44, 0xAE, 0xC2, 0x2E, 0x8A, 0xD6, 0x0C,
    0x11, 0x31, 0x0E, 0x2C, 0x52, 0x1A, 0x60, 0x80, 0x88, 0x3A, 0x08, 0x43, 0x8D, 0x88, 0x4A, 0x6C,
    0x66, 0x3E, 0x53, 0x61, 0x8C, 0x78, 0x82, 0x77, 0x9E, 0x0F, 0x11, 0xC3, 0x4E, 0xCC, 0xD2, 0xA7,
    0x93, 0x11, 0xC4, 0x0F, 0xE0, 0xE3, 0x2A, 0x12, 0x15, 0xFC, 0xF2, 0x5F, 0xC1, 0x2F, 0x40, 0xF3,
    0x67, 0x6C, 0x13, 0xF4, 0x75, 0xA7, 0xB8, 0x17, 0xFC, 0x5E, 0x5F, 0x7F, 0x50, 0x5C, 0xBE, 0xFB,
    0xFE, 0x64, 0x5C, 0xDA, 0x4D, 0x5C, 0x8A, 0x69, 0x5D, 0xFD, 0xE8, 0x15, 0x22, 0x71, 0x00, 0x7B,
    0xA4, 0xB4, 0xE4, 0x13, 0x7C, 0x46, 0x68, 0xC3, 0x8E, 0x95, 0xF8, 0x4C, 0x9F, 0x22, 0xCA, 0x2E,
    0xAE, 0xC3, 0xE5, 0x54, 0x74, 0xF5, 0x32, 0x8F, 0xB3, 0x12, 0x83, 0xD0, 0x82, 0x17, 0x42, 0x90,
    0x76, 0xA9, 0xC0, 0x0F, 0xD5, 0x6C, 0x99, 0x4F, 0x02, 0x9A, 0x72, 0xFA, 0xB9, 0xFC, 0x9A, 0xC6,
    0x54, 0x0C, 0xD6, 0x0B, 0xB8, 0x3C, 0x4F, 0x35, 0x1F, 0x6C, 0xC4, 0x6C, 0x64, 0x02, 0x47, 0x4B,
    0x01, 0xDA, 0x8D, 0x84, 0xC6, 0xBE, 0x22, 0x71, 0x82, 0x05, 0xE6, 0x63, 0x4F, 0x48, 0xE7, 0x8C,
    0x07, 0x78, 0xF4, 0x2A, 0x70, 0xF5, 0x09, 0xAB, 0x50, 0xFF, 0x0F, 0x5F, 0x07, 0x66, 0x40, 0x5C,
    0x23, 0xBE, 0xB2, 0x02, 0xD4, 0x3B, 0x2A, 0x19, 0x25, 0x2B, 0x73, 0xC8, 0xE5, 0x8A, 0x09, 0xB9,
    0x3E, 0x64, 0xFD, 0x5D, 0x6F, 0x2E, 0xE9, 0xCA, 0x21, 0xC4, 0x31, 0xB5, 0x3B, 0x45, 0x50, 0x96,
    0x65, 0xF1, 0x40, 0xE1, 0xD5, 0xB0, 0x3E, 0x75, 0x2D, 0x85, 0x55, 0xCE, 0x19, 0x5E, 0x8E, 0xE0,
    0x8B, 0x6B, 0xC9, 0xFF, 0x96, 0xBB, 0x49, 0x67, 0x53, 0xF5, 0xE0, 0xCF, 0x2F, 0x91, 0xF4, 0x23,
    0x85, 0x97, 0xEB, 0x13, 0x9C, 0xB4, 0x22, 0xC9, 0x91, 0xB1, 0x2E, 0x20, 0x1E, 0x20, 0xD8, 0xE1,
    0x6B, 0x98, 0x8B, 0xC3, 0x39, 0x05, 0xA1, 0x17, 0xBC, 0x58, 0x0A, 0xA9, 0xAD, 0x46, 0x01, 0xBB,
    0x97, 0x54, 0xD4, 0xC9, 0x60, 0xEC, 0x16, 0x81, 0xCF, 0x52, 0xE7, 0x0B, 0x3C, 0x37, 0xAA, 0x75,
    0xFD, 0x23, 0x9A, 0x7A, 0x70, 0xE9, 0x85, 0xA4, 0x14, 0x4E, 0x02, 0x5B, 0xA1, 0x0F, 0x7D, 0x15,
    0xDF, 0xC0, 0x37, 0x7F, 0x88, 0x31, 0x6F, 0x5C, 0x27, 0x71, 0x30, 0x6B, 0xDF, 0x58, 0x77, 0x74,
    0xA0, 0x71, 0xDB, 0xD8, 0x66, 0x7F, 0xCD, 0x3B, 0x58, 0x49, 0xEB, 0x68, 0x7D, 0x6D, 0x7B, 0xA6,
    0x2E, 0x91, 0xD0, 0xF7, 0xE8, 0x20, 0xA5, 0x27, 0x88, 0x71, 0xBB, 0x24, 0x08, 0xFF, 0x6A, 0x92,
    0x65, 0x06, 0x0D, 0xF9, 0x0C, 0xD4, 0xBB, 0x6A, 0x02, 0x33, 0x34, 0xE4, 0x79, 0xA2, 0x7D, 0xA8,
    0x4E, 0x40, 0x43, 0x05, 0x02, 0xE8, 0xB8, 0xBF, 0x98, 0x7E, 0x90, 0xC5, 0xF0, 0x13, 0xAE, 0x9C,
    0xB1, 0xD5, 0x0A, 0x63, 0x27, 0x6C, 0x39, 0xDC, 0x80, 0x25, 0x11, 0x9B, 0x6C, 0x38, 0x6B, 0x2E,
    0xF8, 0x48, 0xB1, 0x1A, 0x6E, 0xB0, 0x92, 0xE4, 0x06, 0x9B, 0xCB, 0x96, 0x2F, 0x20, 0x79, 0x16,
    0xE9, 0x22, 0xFA, 0x20, 0xEA, 0x6F, 0x44, 0x88, 0x06, 0x81, 0xDF, 0x24, 0x3A, 0x15, 0x09, 0x87,
    0xF1, 0xBA, 0x5C, 0xBE, 0x47, 0x21, 0xE8, 0x19, 0x85, 0xCF, 0x28, 0x7E, 0x46, 0x01, 0x34, 0x8A,
    0xA0, 0x51, 0x08, 0x8D, 0x62, 0x68, 0x3C, 0x88, 0x6B, 0xF8, 0x42, 0xDF, 0x56, 0xB9, 0xB9, 0xD8,
    0xEC, 0x69, 0x93, 0xDD, 0x16, 0x9F, 0xFD, 0xB2, 0x56, 0x13, 0x37, 0x42, 0x4A, 0x22, 0x42, 0x15,
    0x26, 0xD7, 0x65, 0xFA, 0xA7, 0xD7, 0xAB, 0x93, 0xE6, 0xD3, 0x7A, 0xE7, 0xD6, 0xBD, 0x62, 0x40,
    0x2B, 0xF3, 0xB3, 0xAD, 0x7C, 0xF4, 0xA7, 0xB3, 0xF5, 0x2E, 0x9E, 0x8F, 0x99, 0x6F, 0xE2, 0xFA,
    0x84, 0x7C, 0x83, 0x26, 0x3A, 0x99, 0x2C, 0x0E, 0x1F, 0xEB, 0x9B, 0xD9, 0xD9, 0xB2, 0xDA, 0x9F,
    0x14, 0x78, 0xC2, 0x5B, 0x4E, 0x93, 0x0D, 0xA0, 0xA0, 0x9C, 0x54, 0x17, 0x37, 0x62, 0xBF, 0x8E,
    0x1A, 0x6E, 0x04, 0x2D, 0x55, 0x84, 0x40, 0x4C, 0x79, 0xBE, 0xD0, 0x0F, 0xCE, 0x5D, 0xB0, 0x0B,
    0x14, 0x01, 0xF1, 0xE0, 0x35, 0x34, 0x0D, 0xA8, 0x8B, 0xA9, 0xC1, 0xFC, 0x38, 0x54, 0x23, 0x68,
    0xE2, 0xDA, 0x88, 0xF8, 0xDB, 0xC4, 0x4B, 0xA5, 0x0F, 0xDA, 0x64, 0xB6, 0xEC, 0x3F, 0x5C, 0xA1,
    0x4D, 0xA7, 0xBC, 0x8F, 0xA5, 0x51, 0x3A, 0x66, 0x63, 0x2C, 0xA8, 0xE7, 0xBC, 0xBD, 0x41, 0x48,
    0x73, 0x14, 0xF5, 0xA9, 0x70, 0x21, 0xEE, 0xE2, 0x19, 0x77, 0x6E, 0xA8, 0xDA, 0x68, 0x41, 0xA8,
    0x57, 0x23, 0xBA, 0xCA, 0x16, 0x6C, 0x7D, 0xD0, 0xD5, 0xE5, 0x0C, 0x35, 0xD1, 0xEC, 0xCD, 0xE4,
    0xB7, 0xA7, 0xB2, 0x22, 0xCC, 0x75, 0xF3, 0x34, 0xC2, 0xAD, 0xD1, 0x0C, 0x77, 0x29, 0x4D, 0xFE,
    0x40, 0x26, 0xD5, 0x2A, 0xC2, 0xC1, 0x52, 0x45, 0x48, 0x56, 0x5E, 0x74, 0x00, 0x4B, 0x7E, 0xB6,
    0xB0, 0xBC, 0xFC, 0x6C, 0x3C, 0xE2, 0x91, 0xC2, 0x16, 0x2D, 0x87, 0xDD, 0xBC, 0x37, 0xB7, 0x5D,
    0x01, 0xF2, 0x67, 0x39, 0x0C, 0xF4, 0x4B, 0xB5, 0x73, 0x42, 0x31, 0xF9, 0x23, 0x9F, 0x50, 0xB1,
    0x67, 0x04, 0xBD, 0x13, 0xDD, 0x01, 0x51, 0xF0, 0x14, 0x63, 0xB3, 0xFD, 0xE3, 0x85, 0x6F, 0x5A,
    0x8B, 0xED, 0x0C, 0x14, 0x61, 0x7C, 0xD8, 0xF4, 0x7C, 0xC3, 0xF0, 0x64, 0xD4, 0xB0, 0xF1, 0x53,
    0x6C, 0x18, 0x1B, 0x7E, 0xC8, 0x5F, 0xCB, 0xF6, 0xC4, 0xBE, 0xB1, 0xAE, 0x80, 0x10, 0xD7, 0xAF,
    0xD9, 0x89, 0xB3, 0x45, 0xD2, 0xC8, 0x4F, 0x23, 0xE7, 0x95, 0x88, 0x09, 0xF4, 0xE5, 0x64, 0xC1,
    0xA7, 0x3F, 0x12, 0xC3, 0xC1, 0x03, 0xD1, 0x2F, 0x14, 0x2F, 0x70, 0x0A, 0xFA, 0x75, 0x8E, 0x48,
    0x57, 0x59, 0xAC, 0x2A, 0xE6, 0xC1, 0xE6, 0xD3, 0xF8, 0xAC, 0xF8, 0x97, 0xDC, 0x58, 0x09, 0x94,
    0x0E, 0x37, 0x9D, 0x4E, 0x3A, 0xE7, 0x8B, 0x9C, 0xF0, 0xB0, 0x36, 0xFC, 0xA3, 0x51, 0xA3, 0x48,
    0x26, 0xC3, 0x79, 0x92, 0x0F, 0x86, 0xCA, 0x27, 0x63, 0x6F, 0x9D, 0x48, 0x53, 0xB4, 0x4F, 0xD8,
    0xDC, 0xDB, 0x1F, 0x6A, 0x1A, 0xD7, 0x39, 0x25, 0x85, 0x26, 0x1F, 0x25, 0x68, 0x4C, 0xBA, 0x9C,
    0x36, 0x93, 0x9B, 0xA5, 0x2B, 0x26, 0x5D, 0xB1, 0x33, 0x9B, 0xA4, 0x80, 0x1A, 0xB5, 0x64, 0x53,
    0x4B, 0x0A, 0x1E, 0x73, 0x59, 0x28, 0x61, 0x3F, 0x49, 0x91, 0xFB, 0x6A, 0xD6, 0x77, 0x62, 0x4C,
    0xD5, 0x58, 0xDA, 0x72, 0x43, 0x44, 0x02, 0xFA, 0x14, 0x26, 0xE4, 0xC5, 0x25, 0xC9, 0x49, 0x96,
    0x5B, 0xD6, 0xA3, 0x2C, 0xC5, 0x39, 0xF3, 0xA1, 0xB9, 0xEA, 0xEF, 0x97, 0x1C, 0xDC, 0xFB, 0xB4,
    0x9B, 0xE7, 0x7A, 0xA2, 0x72, 0x5F, 0xF2, 0xF3, 0x5A, 0x09, 0x40, 0x74, 0x9D, 0x44, 0xF3, 0x45,
    0xD5, 0x2A, 0x24, 0x3E, 0x5A, 0xBC, 0xE4, 0x8D, 0x06, 0x0C, 0x2A, 0x4B, 0xE9, 0xA3, 0xE6, 0xFC,
    0x0F, 0x13, 0x24, 0xDB, 0x15, 0xDC, 0x4A, 0x48, 0x90, 0xB5, 0x4E, 0x8A, 0xFA, 0xC7, 0x4F, 0x59,
    0x61, 0x20, 0xC0, 0x6D, 0x2B, 0x2A, 0x9F, 0x73, 0x1C, 0x48, 0xCE, 0xC1, 0x91, 0x07, 0x7C, 0x9F,
    0xD8, 0xDA, 0x81, 0xE6, 0x9D, 0x2F, 0x34, 0xED, 0x7C, 0x27, 0x5F, 0x1E, 0x51, 0x09, 0x50, 0xD8,
    0xA6, 0xB9, 0x91, 0xEB, 0xF3, 0xB5, 0xDE, 0x89, 0x4F, 0xAE, 0x8B, 0xF0, 0x51, 0xA2, 0x3A, 0x04,
    0xB3, 0xB5, 0x72, 0x18, 0x1A, 0x29, 0x4F, 0x34, 0xB2, 0xD7, 0xC8, 0x41, 0x81, 0x93, 0x9C, 0xD2,
    0x49, 0x71, 0x42, 0x24, 0x45, 0xA0, 0xE4, 0xD1, 0x48, 0x5D, 0xDE, 0xB9, 0xC5, 0x3A, 0x6E, 0xAF,
    0x0C, 0x41, 0xA3, 0xF6, 0xED, 0x26, 0x49, 0xAD, 0xF0, 0xA3, 0xD1, 0xFB, 0x91, 0x4F, 0x7B, 0x7A,
    0xF6, 0x1B, 0xD1, 0x9A, 0x38, 0x35, 0xB1, 0xF8, 0xC3, 0x60, 0x10, 0xF3, 0x3B, 0xE4, 0x7D, 0x4F,
    0xD2, 0x13, 0x5A, 0xEE, 0xC3, 0x52, 0xBD, 0xDA, 0x8D, 0xAA, 0x53, 0xAF, 0x2A, 0xB6, 0xEA, 0xF1,
    0xF5, 0xFE, 0x60, 0xF3, 0x16, 0x87, 0xE9, 0x72, 0xE1, 0x98, 0x50, 0x38, 0xA9, 0x79, 0xCC, 0xBB,
    0x76, 0x9F, 0xED, 0x34, 0x7E, 0x42, 0xB5, 0x4A, 0xAC, 0x23, 0xA5, 0xEB, 0x01, 0x7A, 0x7D, 0x93,
    0x16, 0xD5, 0xCB, 0x71, 0x14, 0xA6, 0x66, 0xEB, 0xD4, 0x8A, 0xCA, 0xAB, 0x77, 0x75, 0xA5, 0x59,
    0x57, 0xAD, 0x5A, 0xA9, 0x51, 0x8F, 0x77, 0xF5, 0x16, 0x67, 0x2C, 0x5E, 0x41, 0xA7, 0x82, 0x8E,
    0x89, 0xB5, 0x03, 0x01, 0xDC, 0xEF, 0xD5, 0xD5, 0x7A, 0x6A, 0x3C, 0xB5, 0x9D, 0x9A, 0x8E, 0xFA,
    0x93, 0xE7, 0xDD, 0xCD, 0xAD, 0x6B, 0xAD, 0x2B, 0x2B, 0x56, 0x63, 0xD3, 0xBF, 0xB8, 0xA2, 0xD7,
    0x5F, 0xD5, 0x97, 0xF9, 0x45, 0x7E, 0x15, 0xD7, 0x1C, 0x86, 0x15, 0x4E, 0xD4, 0x4D, 0xB1, 0x50,
    0x1C, 0xBF, 0x7C, 0xBB, 0x4E, 0x48, 0xE7, 0x73, 0x7B, 0x44, 0x78, 0xEA, 0xB8, 0x3D, 0xEE, 0xCC,
    0xD5, 0xE4, 0x76, 0xB5, 0x6B, 0xB3, 0x79, 0xE8, 0xAB, 0xF8, 0x06, 0xEF, 0x81, 0x78, 0x45, 0x37,
    0xE4, 0xCD, 0x9A, 0x8E, 0xE6, 0x30, 0x8F, 0x15, 0xF1, 0xC3, 0xF0, 0x1B, 0x98, 0x42, 0x85, 0x29,
    0x56, 0x98, 0xD2, 0x1D, 0xE2, 0xC7, 0xBB, 0x3A, 0x89, 0x78, 0xA8, 0x35, 0xFC, 0xF1, 0x4A, 0xFA,
    0x37, 0x10, 0xBF, 0x6C, 0x37, 0xC6, 0x9D, 0xDE, 0xB9, 0xFA, 0x93, 0x88, 0xCB, 0xAB, 0xF7, 0xC7,
    0x3A, 0xB8, 0xE5, 0x4B, 0x76, 0x31, 0x7B, 0x47, 0x4B, 0x3C, 0xD6, 0x07, 0x47, 0x08, 0x76, 0x8E,
    0xF0, 0x17, 0xB0, 0xC6, 0x3F, 0x37, 0xD8, 0x43, 0xF7, 0xB2, 0x1C, 0xC9, 0x26, 0x59, 0x9E, 0x24,
    0x4B, 0xAA, 0x63, 0xB8, 0xED, 0x5F, 0x51, 0xFB, 0x7F, 0x6E, 0x92, 0xE9, 0xA1, 0xC6, 0x3A, 0x67,
    0xCD, 0x8C, 0x57, 0x62, 0xBC, 0xBE, 0x1A, 0x90, 0x4A, 0x65, 0x59, 0xF1, 0x1B, 0x54, 0xD5, 0xBF,
    0x41, 0x92, 0x0D, 0x3E, 0x7E, 0xE7, 0x73, 0xBE, 0xB1, 0xFE, 0x27, 0xED, 0x59, 0x3D, 0x92, 0xD5,
    0x46, 0x10, 0x1E, 0x49, 0x65, 0x54, 0x65, 0x05, 0x8A, 0x48, 0x20, 0xD0, 0x01, 0x1C, 0xE8, 0x08,
    0xF3, 0x8E, 0x40, 0xC0, 0x83, 0x80, 0x80, 0x9C, 0x64, 0x8F, 0x20, 0x1D, 0x61, 0x13, 0x62, 0x12,
    0x02, 0xB3, 0x09, 0x37, 0xB0, 0x54, 0xE5, 0x0B, 0xBC, 0x23, 0xC8, 0x55, 0x10, 0x39, 0x40, 0x81,
    0xD6, 0x25, 0x0A, 0x49, 0xED, 0xFE, 0x1D, 0xE9, 0xED, 0xBE, 0x5D, 0x6F, 0x61, 0x5C, 0xB5, 0xB8,
    0x50, 0x3D, 0xA6, 0x1B, 0xED, 0x68, 0xD4, 0xD3, 0xF3, 0x75, 0xF7, 0xCC, 0x27, 0xE7, 0xDE, 0x03,
    0x9C, 0xBB, 0x04, 0x5A, 0x57, 0x00, 0xC0, 0xC2, 0x5A, 0x83, 0x1A, 0x1C, 0x50, 0x4B, 0x48, 0x81,
    0x01, 0xB5, 0x8C, 0xB5, 0x29, 0x83, 0xB6, 0x80, 0xCF, 0xFB, 0x17, 0x00, 0x67, 0xD0, 0x7A, 0xA8,
    0x9D, 0xAB, 0xF0, 0xF6, 0xAE, 0x5A, 0x9C, 0xE3, 0xE7, 0x5D, 0x33, 0xA1, 0x96, 0x63, 0x4F, 0x07,
    0x23, 0x6A, 0x29, 0x40, 0xEF, 0x60, 0x40, 0x2D, 0x81, 0x65, 0x67, 0x5A, 0xEB, 0x1C, 0xDE, 0xFE,
    0xB6, 0xDA, 0x70, 0x42, 0x13, 0x0B, 0x50, 0x53, 0xAB, 0x50, 0x53, 0x4B, 0x77, 0xCE, 0xA9, 0xF5,
    0xFC, 0xDF, 0xCF, 0xFB, 0xE7, 0x40, 0x7F, 0xD0, 0x59, 0xF2, 0x00, 0x74, 0xD1, 0xF0, 0xE2, 0x8D,
    0xD6, 0xE9, 0x0C, 0x67, 0xE7, 0xF4, 0xE6, 0x39, 0x2B, 0xF8, 0x48, 0xE7, 0xFC, 0x44, 0x37, 0x16,
    0x94, 0x29, 0xBB, 0xCE, 0x4F, 0x39, 0x3F, 0xEE, 0x27, 0xCF, 0x03, 0x56, 0x53, 0x05, 0xAF, 0x9F,
    0xC1, 0x0C, 0x53, 0x33, 0xB3, 0xCB, 0x06, 0xB2, 0xAD, 0xC4, 0x1E, 0x64, 0x2D, 0x0E, 0x7B, 0xA0,
    0x57, 0xE1, 0x33, 0x3B, 0x91, 0xA3, 0x13, 0xE9, 0xAE, 0x4B, 0xEE, 0x2F, 0x73, 0x2B, 0x51, 0xF2,
    0x78, 0x0B, 0x8D, 0x49, 0xE3, 0xD3, 0xAC, 0x64, 0x02, 0xB9, 0x9A, 0x2F, 0xF6, 0xA0, 0x9D, 0xBC,
    0xB8, 0x66, 0xAF, 0x7A, 0x2E, 0x07, 0xF4, 0xD3, 0x9D, 0xB4, 0x34, 0x68, 0x45, 0xD0, 0xD4, 0x5A,
    0xD6, 0x6C, 0x3C, 0x34, 0xC1, 0xB4, 0x21, 0x68, 0xB5, 0x69, 0x4F, 0xC2, 0x7B, 0xDD, 0x7F, 0xA0,
    0x0D, 0x4E, 0x5C, 0xB3, 0xD1, 0x78, 0xDD, 0x3D, 0xCD, 0xBB, 0x9A, 0xAD, 0xF1, 0xB8, 0xF8, 0x11,
    0xAF, 0x71, 0x09, 0x1F, 0x11, 0xC9, 0xA3, 0x4E, 0x01, 0x14, 0x4C, 0x61, 0xB5, 0x59, 0xE3, 0x35,
    0xC6, 0x85, 0xE2, 0x6E, 0xCE, 0x45, 0x0D, 0xC1, 0x58, 0xDF, 0x0B, 0x7D, 0x0E, 0xC7, 0xB2, 0xB8,
    0x22, 0xBD, 0xCA, 0x66, 0x61, 0x89, 0x2B, 0xA3, 0x72, 0x54, 0xD9, 0xAB, 0x6C, 0x45, 0x8A, 0xF7,
    0xE0, 0xD2, 0xC6, 0xDF, 0xFC, 0x1B, 0x5C, 0xAC, 0x32, 0x61, 0x39, 0xA1, 0xD1, 0x3D, 0xE1, 0x70,
    0x5F, 0x91, 0xF4, 0x3A, 0x81, 0x52, 0x25, 0x2D, 0x05, 0xC9, 0x84, 0xB0, 0x46, 0x13, 0x3B, 0x83,
    0x9A, 0x65, 0x74, 0x41, 0x3F, 0x87, 0xA3, 0xB5, 0x19, 0x03, 0xA2, 0xE9, 0x4A, 0x72, 0x86, 0xF3,
    0x63, 0xC5, 0x70, 0xCF, 0x67, 0xC6, 0x0B, 0x21, 0x87, 0x67, 0x1A, 0x09, 0x6E, 0xD4, 0x99, 0xD4,
    0xB1, 0x77, 0xB7, 0x5E, 0x55, 0x27, 0x12, 0xB4, 0xBF, 0x86, 0x4C, 0xAC, 0xCE, 0x4C, 0x74, 0xDC,
    0x94, 0x80, 0x21, 0xBE, 0x6F, 0x55, 0xF2, 0x7B, 0xCB, 0x59, 0xC2, 0xCE, 0x4F, 0x0D, 0xCB, 0x6A,
    0xAC, 0x46, 0xF1, 0xB8, 0x9F, 0x44, 0x96, 0x33, 0x0F, 0x77, 0xE0, 0x65, 0x47, 0x8C, 0xB2, 0x4C,
    0xA1, 0x4E, 0x69, 0xC0, 0x0C, 0x76, 0x1C, 0xFC, 0x78, 0x33, 0xA6, 0x01, 0xCB, 0x05, 0x67, 0xB0,
    0x71, 0x10, 0xE5, 0x2B, 0x5A, 0xCC, 0x46, 0x03, 0x85, 0x57, 0x79, 0xC6, 0x3E, 0xA0, 0xE9, 0xEF,
    0xE3, 0x7E, 0xFF, 0x12, 0x24, 0x6D, 0xE4, 0xB0, 0xCB, 0x48, 0x66, 0xF4, 0x8E, 0x1D, 0xBD, 0xEB,
    0x50, 0xC8, 0x3B, 0x3B, 0x06, 0x15, 0x0E, 0xEC, 0x79, 0x72, 0x30, 0x88, 0x73, 0x60, 0x8A, 0x2E,
    0x76, 0x31, 0x7A, 0x18, 0x0E, 0xE4, 0xDC, 0xAA, 0x2F, 0xF0, 0x76, 0x39, 0x92, 0xC7, 0xC4, 0xAD,
    0x3A, 0x79, 0x71, 0x69, 0xC5, 0xCF, 0x94, 0xA7, 0xDD, 0xF9, 0x98, 0xDC, 0x13, 0xB1, 0x8D, 0x1C,
    0xC3, 0x9C, 0x7C, 0x28, 0xE7, 0xE2, 0xD5, 0x79, 0x40, 0xE0, 0x92, 0x3F, 0x22, 0xF1, 0x15, 0xB6,
    0x67, 0xF0, 0x01, 0x7A, 0xEE, 0xD9, 0x17, 0x92, 0x7B, 0xB8, 0xE5, 0x69, 0xF6, 0x3C, 0x08, 0xE7,
    0x1A, 0x46, 0x5C, 0xC4, 0x3A, 0xDD, 0x59, 0x08, 0x3D, 0xCD, 0xA6, 0x3F, 0x3E, 0xBB, 0x34, 0x34,
    0xCE, 0xD8, 0xD0, 0x98, 0x75, 0xD3, 0xBF, 0x3A, 0x77, 0xAF, 0xCE, 0xFD, 0x10, 0xA1, 0x0F, 0xE6,
    0x04, 0x76, 0x29, 0xE4, 0x0B, 0x7A, 0xF6, 0x13, 0xBB, 0x90, 0xFD, 0x2A, 0x8E, 0xC2, 0x15, 0x58,
    0xAE, 0xCF, 0x82, 0x97, 0xE6, 0xFE, 0x36, 0x88, 0x78, 0x40, 0xF8, 0xC7, 0x50, 0x67, 0x4B, 0x06,
    0xB8, 0x3A, 0x6F, 0x18, 0x11, 0x3C, 0xAD, 0x83, 0xD6, 0x89, 0x7B, 0x32, 0xAD, 0x07, 0xBF, 0xD2,
    0x8F, 0x70, 0x8E, 0x91, 0x2A, 0xF1, 0x2B, 0xF1, 0xD1, 0xFC, 0x21, 0xF1, 0xE3, 0xBF, 0x80, 0xDA,
    0x36, 0x6B, 0x9C, 0x0D, 0x92, 0xB2, 0x40, 0xE3, 0xF1, 0xD5, 0xEE, 0xD6, 0xB0, 0x7D, 0x2F, 0x15,
    0xCD, 0x6A, 0x9C, 0x56, 0x3D, 0xAB, 0x83, 0x56, 0x19, 0xA5, 0xFA, 0x2F, 0xA1, 0x7A, 0x5A, 0x3D,
    0xB5, 0x0A, 0x6B, 0x35, 0xD7, 0xAA, 0x70, 0x90, 0xFD, 0xBF, 0x94, 0x57, 0xC7, 0xD3, 0xF7, 0xD8,
    0x7B, 0xCD, 0x0E, 0xB3, 0xCB, 0x6A, 0xBA, 0xD9, 0x1D, 0xEA, 0xB9, 0x55, 0xF3, 0x50, 0xCB, 0xA5,
    0x92, 0x63, 0xDC, 0xD2, 0x0F, 0x0E, 0x29, 0xAE, 0x79, 0xD5, 0xE7, 0xF8, 0xA7, 0x72, 0x22, 0x47,
    0xE7, 0x4B, 0xD3, 0x71, 0xDC, 0xB6, 0x5C, 0x12, 0x9C, 0x95, 0x11, 0x57, 0x0E, 0x27, 0xDD, 0x28,
    0xF5, 0x95, 0x77, 0x03, 0x52, 0x7B, 0xF3, 0x35, 0xBA, 0x74, 0x17, 0x20, 0x35, 0x5B, 0x77, 0x00,
    0x52, 0xFF, 0x25, 0x63, 0xDF, 0xD4, 0x4A, 0x1F, 0xEE, 0x2F, 0xCF, 0xCA, 0x38, 0x32, 0xA6, 0x8C,
    0xAF, 0x75, 0x5E, 0xAA, 0xBC, 0xD8, 0xF0, 0xE8, 0x2D, 0xFD, 0x5C, 0x31, 0xBB, 0x6A, 0x60, 0xDC,
    0x10, 0xA4, 0x63, 0xF8, 0x9D, 0xD3, 0x6E, 0x23, 0x29, 0xA8, 0x94, 0xBA, 0x96, 0x4B, 0x1A, 0x49,
    0x04, 0x49, 0xEE, 0xE2, 0x26, 0x8C, 0x58, 0x45, 0xBF, 0x4F, 0x42, 0x8A, 0xBD, 0x0A, 0x2D, 0xF8,
    0x5A, 0xED, 0xB5, 0xD4, 0x6B, 0x9D, 0xD7, 0x22, 0x6F, 0x15, 0x5E, 0xCB, 0xBB, 0xD6, 0x76, 0x29,
    0xEC, 0xF1, 0x3B, 0xF7, 0xE0, 0x1D, 0xBA, 0xA1, 0xA6, 0xF5, 0xC7, 0x6D, 0xDC, 0x48, 0xD5, 0x8E,
    0xD6, 0xBF, 0x98, 0xA5, 0x0E, 0x48, 0xF6, 0xD7, 0x9C, 0xCF, 0x51, 0xD7, 0xDD, 0xE4, 0x27, 0xAD,
    0xED, 0xDF, 0xAE, 0xE5, 0x1D, 0x80, 0xD4, 0x7F, 0xA9, 0xFE, 0x52, 0xFB, 0x25, 0x6F, 0x4B, 0xDD,
    0xA7, 0x29, 0x36, 0x7D, 0x6C, 0xD9, 0xFB, 0x1C, 0xDB, 0x5C, 0xE0, 0x7E, 0x9B, 0x38, 0x8D, 0xE3,
    0x8E, 0x7E, 0x18, 0x04, 0x9C, 0x6E, 0xB0, 0xD4, 0x50, 0xF5, 0x55, 0xA1, 0x37, 0xB5, 0xCB, 0x2D,
    0xD7, 0xFF, 0x1D, 0x2F, 0x2E, 0xEC, 0x21, 0x4E, 0xB6, 0xD7, 0xAF, 0xDF, 0x5C, 0x3C, 0x12, 0xBE,
    0xB8, 0xD8, 0xD0, 0xC6, 0xC5, 0x5A, 0xBA, 0x23, 0x7F, 0xBD, 0xD7, 0x68, 0x0A, 0x39, 0x22, 0x93,
    0x4D, 0x5C, 0x2E, 0xC5, 0x51, 0x76, 0x90, 0x9C, 0x67, 0xC8, 0xDE, 0x4E, 0xF6, 0x7B, 0xED, 0x0F,
    0x50, 0x7D, 0x15, 0xA8, 0x78, 0x5F, 0x42, 0x13, 0x3D, 0xB0, 0x1B, 0x6B, 0xF6, 0x3A, 0xBB, 0x8F,
    0xBD, 0x5D, 0xC8, 0x76, 0xFD, 0x74, 0xF9, 0xF9, 0xDE, 0x01, 0x96, 0x22, 0x0A, 0xB8, 0x4C, 0x39,
    0x9E, 0x37, 0x56, 0x2B, 0x9E, 0xEC, 0x9F, 0x93, 0x9C, 0xBF, 0x07, 0xC1, 0x5E, 0x77, 0x53, 0xB5,
    0xFA, 0x01, 0xB0, 0xBB, 0x00, 0xAC, 0x69, 0x73, 0xF2, 0x4E, 0x47, 0x47, 0x8F, 0x62, 0xA8, 0xA8,
    0xB2, 0x4D, 0x72, 0xBE, 0x81, 0xF5, 0xE0, 0x56, 0x9D, 0xAE, 0x6F, 0xDF, 0x3B, 0xC0, 0x0C, 0x35,
    0xBA, 0x2B, 0x6E, 0x24, 0x8C, 0xE4, 0x68, 0xE9, 0xF2, 0x59, 0xF7, 0x70, 0xBA, 0x83, 0xAE, 0x7F,
    0x64, 0xB0, 0xAF, 0x02, 0x18, 0x9F, 0x50, 0x34, 0x51, 0x49, 0xD2, 0x4A, 0xB8, 0x5E, 0x44, 0xCA,
    0xAC, 0x1C, 0x6E, 0xE1, 0x11, 0xBE, 0x77, 0x80, 0xFD, 0xAC, 0x07, 0xB5, 0x4C, 0x0F, 0x6A, 0x68,
    0x78, 0xC3, 0x70, 0x80, 0x6B, 0x07, 0x35, 0x01, 0x5D, 0x1A, 0x0E, 0x6A, 0x87, 0xBB, 0x1C, 0xD4,
    0xA2, 0x66, 0x3D, 0xA8, 0x2D, 0x76, 0x50, 0x3B, 0xE8, 0x01, 0x67, 0x38, 0x3A, 0xA8, 0x3D, 0xC3,
    0x95, 0xE1, 0x03, 0x91, 0x57, 0x8A, 0x36, 0x47, 0x5B, 0x26, 0xB6, 0xED, 0xF8, 0xA0, 0x16, 0x5F,
    0xEC, 0xD4, 0x08, 0xC1, 0xE6, 0xB1, 0xCC, 0x95, 0xA0, 0xFA, 0x27, 0xF9, 0x13, 0x9E, 0xB8, 0x64,
    0xBC, 0x74, 0x23, 0x47, 0x79, 0x9F, 0x1E, 0xD4, 0x6A, 0xB6, 0xA3, 0xA4, 0x83, 0xDA, 0x4E, 0x0F,
    0x6A, 0x97, 0xF8, 0xD8, 0xAC, 0x14, 0xDC, 0xE6, 0xA0, 0x06, 0x57, 0x0E, 0x6A, 0xD1, 0xE6, 0xA0,
    0x46, 0x40, 0x22, 0x34, 0x34, 0xA7, 0x08, 0x96, 0x9A, 0x5C, 0x09, 0x77, 0x20, 0x58, 0x46, 0x0C,
    0x58, 0x1C, 0xFC, 0x4C, 0x48, 0x5B, 0x39, 0x48, 0x4D, 0xE1, 0xA0, 0xF6, 0x42, 0xC8, 0x5A, 0x98,
    0x98, 0x2D, 0x9A, 0x68, 0x3E, 0xDE, 0xDA, 0xFE, 0x86, 0x76, 0xA0, 0x77, 0x52, 0x7F, 0x7C, 0x76,
    0x42, 0xF4, 0xD0, 0x38, 0x2F, 0x6D, 0x4C, 0xA6, 0x65, 0xF4, 0x5D, 0x44, 0xEC, 0xA0, 0x75, 0x68,
    0x83, 0x64, 0x1E, 0x3F, 0x3D, 0x7C, 0x4A, 0xCF, 0x7A, 0x7E, 0x63, 0x09, 0xAF, 0x9F, 0x6B, 0xA0,
    0xF5, 0x99, 0x72, 0xF1, 0x44, 0xB7, 0xD2, 0x5A, 0xCF, 0x7C, 0x0C, 0x11, 0xEE, 0xB9, 0x51, 0x32,
    0x5A, 0xC9, 0xC9, 0x58, 0xD7, 0xCC, 0x52, 0x9C, 0xEE, 0xD1, 0x6C, 0x93, 0xA6, 0xF1, 0x78, 0xE3,
    0xD6, 0xC1, 0x95, 0x9D, 0xE2, 0xD0, 0x08, 0x04, 0xC1, 0x69, 0x36, 0x36, 0x42, 0xD4, 0xF5, 0xBE,
    0x3D, 0x25, 0xED, 0xEF, 0xD6, 0xDF, 0x9E, 0xB7, 0xF1, 0xAE, 0x5D, 0x56, 0x53, 0x8C, 0x50, 0x54,
    0x82, 0x31, 0xBA, 0x42, 0x10, 0x26, 0x4A, 0x10, 0x66, 0x57, 0x08, 0xC2, 0x22, 0x10, 0x84, 0x2A,
    0x07, 0x21, 0x08, 0x9B, 0x40, 0x10, 0x32, 0x29, 0x17, 0x05, 0xB2, 0xAE, 0x55, 0xA2, 0x10, 0x13,
    0x88, 0x10, 0x84, 0x4A, 0xEE, 0x11, 0x9F, 0x87, 0xC3, 0x11, 0x9D, 0xD5, 0xAD, 0x04, 0xA1, 0x97,
    0x38, 0x3A, 0x26, 0x08, 0xA7, 0x63, 0x82, 0xF0, 0x0C, 0x5C, 0xB2, 0x25, 0x08, 0x11, 0xD7, 0x42,
    0x81, 0xD1, 0xE7, 0x11, 0x7E, 0xD7, 0x81, 0x09, 0xC2, 0x24, 0xD8, 0xD2, 0x2B, 0x41, 0x38, 0x32,
    0x03, 0xBD, 0x82, 0x53, 0xC2, 0x6F, 0xFD, 0x8E, 0xA1, 0x8B, 0x26, 0x4B, 0xE6, 0xA7, 0xD3, 0x0E,
    0x2C, 0x84, 0x10, 0xD5, 0x92, 0x8D, 0x4F, 0xA5, 0x23, 0xF9, 0x3A, 0xEB, 0xF3, 0xFE, 0xB8, 0x4D,
    0x47, 0xBF, 0x25, 0x2F, 0x76, 0xE1, 0xD9, 0xFB, 0x48, 0x34, 0x1A, 0xB5, 0x16, 0x8E, 0x0D, 0x25,
    0xAC, 0x90, 0x59, 0x49, 0xB8, 0xF5, 0x60, 0x15, 0x41, 0x88, 0xEC, 0x04, 0xBA, 0x95, 0x80, 0x69,
    0x8F, 0x68, 0xBA, 0xBB, 0x5D, 0x92, 0x7E, 0xC0, 0xBE, 0xF2, 0xA8, 0xEA, 0x57, 0xB5, 0x59, 0x55,
    0x08, 0x2A, 0x26, 0xFE, 0xCB, 0x3D, 0x5E, 0x82, 0x56, 0xB3, 0x26, 0x5B, 0x82, 0x5A, 0x4C, 0x41,
    0xF5, 0x63, 0x50, 0xAB, 0x3E, 0xA8, 0xD0, 0x99, 0x1A, 0x2B, 0xD9, 0x25, 0x50, 0xB5, 0x2C, 0x88,
    0x59, 0xCE, 0x54, 0xC4, 0x84, 0xA9, 0x92, 0xB8, 0x84, 0xCF, 0x1E, 0x83, 0x4A, 0x9F, 0xDA, 0xC8,
    0x9C, 0x27, 0x02, 0x56, 0x4B, 0x06, 0x41, 0x4D, 0x57, 0x35, 0x5F, 0xD5, 0x72, 0x55, 0xFD, 0xBC,
    0xDF, 0xAB, 0xDA, 0x8C, 0xA1, 0x04, 0xC8, 0x27, 0x09, 0x9A, 0x26, 0x7B, 0x59, 0x26, 0xCF, 0x21,
    0x24, 0x6A, 0x4E, 0x51, 0x25, 0xEE, 0x61, 0xF0, 0x8B, 0xD3, 0x18, 0xF7, 0xD9, 0xFA, 0x0D, 0xA5,
    0x5A, 0xAE, 0x2D, 0x60, 0x1C, 0xBC, 0x90, 0x58, 0xE9, 0xDB, 0xAC, 0xDE, 0xBA, 0x78, 0x7E, 0x0E,
    0x9F, 0x16, 0xC6, 0x3B, 0x2C, 0xE5, 0x63, 0xDC, 0x82, 0x3C, 0xA0, 0x14, 0x49, 0x5E, 0x18, 0x2A,
    0x03, 0xF6, 0xC2, 0x29, 0x54, 0x17, 0x97, 0xBE, 0xD1, 0x99, 0xD6, 0x33, 0xC8, 0x29, 0xE1, 0x8F,
    0x0C, 0xF4, 0xC9, 0x4C, 0x04, 0xD9, 0xE1, 0x9D, 0xE1, 0x1A, 0x71, 0xDA, 0x4F, 0x75, 0x10, 0x4D,
    0xE5, 0x6B, 0xB9, 0x60, 0xAD, 0x09, 0x1A, 0x50, 0x62, 0x17, 0x6D, 0xD8, 0x04, 0x0E, 0xC7, 0xFA,
    0xC3, 0xA7, 0xBC, 0xA1, 0x98, 0xB8, 0x50, 0x2C, 0x98, 0x48, 0x88, 0xC9, 0x5B, 0x9F, 0x1D, 0x57,
    0xAB, 0x0A, 0x8E, 0x27, 0x0A, 0x45, 0xB2, 0xBE, 0x2E, 0xB9, 0xDA, 0x9F, 0xA1, 0x4D, 0xB1, 0xA5,
    0x7F, 0x7F, 0xFC, 0x61, 0x26, 0xD2, 0x12, 0x6E, 0xB1, 0x90, 0xAA, 0x2B, 0x73, 0x2D, 0x03, 0xA5,
    0x76, 0x3F, 0x91, 0x55, 0x6C, 0x2B, 0xD6, 0xE0, 0x32, 0xFC, 0x02, 0x18, 0xE0, 0xB5, 0x80, 0x45,
    0x37, 0x76, 0x94, 0xD0, 0x35, 0x1D, 0xC6, 0x8A, 0xFD, 0x14, 0x8D, 0xC7, 0xED, 0x05, 0xA6, 0xBD,
    0x8E, 0xFC, 0x8C, 0x69, 0xAF, 0x26, 0xA8, 0x75, 0x14, 0xB3, 0xB4, 0xA9, 0x24, 0xDB, 0x8A, 0xCF,
    0x92, 0xFE, 0x7C, 0x2F, 0x92, 0xBE, 0x72, 0xB2, 0x87, 0x6B, 0x96, 0x09, 0xC8, 0x37, 0x9D, 0x7C,
    0x16, 0x59, 0x8E, 0x22, 0xD1, 0x18, 0x96, 0x44, 0x67, 0xA2, 0x8C, 0xF9, 0xFB, 0xA1, 0x9F, 0x12,
    0x90, 0xD4, 0xCE, 0xD4, 0x1C, 0xCA, 0x92, 0x11, 0xEA, 0x17, 0xCF, 0x69, 0xA6, 0x14, 0xB2, 0x9A,
    0xBC, 0x46, 0xB6, 0x13, 0xEB, 0x4A, 0x91, 0xDC, 0x92, 0x9D, 0x7B, 0xBC, 0x67, 0x76, 0x5B, 0x3A,
    0xB7, 0xA0, 0x91, 0xFB, 0x3B, 0x97, 0x2E, 0x38, 0xC2, 0x07, 0xB4, 0x5D, 0x9D, 0x63, 0xEC, 0xEE,
    0xA3, 0xF3, 0xD5, 0x49, 0x1B, 0xF2, 0x17, 0xC6, 0x4D, 0xDA, 0x3E, 0x30, 0x6E, 0x6B, 0xFB, 0xE8,
    0xB8, 0xC1, 0x2B, 0x2F, 0x07, 0xBB, 0x1D, 0xC7, 0xC5, 0x60, 0xF8, 0x34, 0xB0, 0x1F, 0xBB, 0x93,
    0xCC, 0xF0, 0x4B, 0x66, 0x86, 0x3D, 0x10, 0x33, 0x4C, 0xBD, 0x86, 0x08, 0xDE, 0xF0, 0x46, 0x9B,
    0xFC, 0x99, 0xD1, 0xF6, 0xA4, 0x2F, 0x07, 0x6A, 0xAB, 0x8E, 0x5A, 0x2A, 0x6B, 0xF0, 0x97, 0x20,
    0x7A, 0x21, 0x66, 0x18, 0x67, 0x45, 0xCC, 0xF0, 0x65, 0x60, 0x86, 0x8B, 0x0D, 0x33, 0x9C, 0x4B,
    0xAF, 0x2F, 0xC4, 0x0C, 0xCB, 0x07, 0x3A, 0xD9, 0x65, 0xFE, 0x0D, 0xD5, 0x53, 0x31, 0x52, 0xC2,
    0x50, 0x10, 0x7D, 0x49, 0x54, 0x66, 0xA4, 0xA0, 0x97, 0x82, 0xDE, 0x42, 0x8E, 0x10, 0x8E, 0x40,
    0xE1, 0x1F, 0x0B, 0x0B, 0xBD, 0x81, 0x47, 0x08, 0x47, 0xA0, 0xD0, 0x9E, 0xD2, 0xE1, 0x12, 0xE1,
    0x08, 0x69, 0xEC, 0x2D, 0x6C, 0xEC, 0x52, 0xE0, 0x0C, 0x45, 0xC8, 0xBA, 0xEF, 0x7D, 0x70, 0x80,
    0x89, 0xF6, 0xFE, 0x99, 0xBF, 0x0F, 0x32, 0xBB, 0x6F, 0x77, 0xDF, 0xDF, 0xC5, 0x85, 0x59, 0x0B,
    0xA0, 0x34, 0xB3, 0x77, 0xF4, 0xDC, 0xDA, 0x16, 0x23, 0x82, 0x21, 0x17, 0xAC, 0x4A, 0x7B, 0x09,
    0x4F, 0x56, 0x59, 0x03, 0x64, 0x56, 0xDB, 0x1A, 0x48, 0x1C, 0x6A, 0x0F, 0x8A, 0xFF, 0xB0, 0x5C,
    0xD8, 0x06, 0x3C, 0x1E, 0x0A, 0x71, 0x7D, 0x12, 0x0A, 0x67, 0x9E, 0x03, 0x63, 0x92, 0xCC, 0xD1,
    0x27, 0xB4, 0x1E, 0x2A, 0x4E, 0x5C, 0x12, 0x9C, 0xE3, 0xDC, 0x13, 0x93, 0x03, 0x43, 0xF2, 0x93,
    0xA3, 0x09, 0x53, 0x06, 0x37, 0xFA, 0x9C, 0xEF, 0xA1, 0x6C, 0xF4, 0xB1, 0x68, 0xE5, 0x92, 0xDB,
    0x5B, 0xB8, 0xB7, 0x8D, 0xA8, 0xAD, 0x1E, 0x08, 0xAA, 0x54, 0x30, 0x61, 0x5E, 0xD6, 0xC3, 0xC6,
    0x26, 0x38, 0x3D, 0xE9, 0x72, 0x46, 0xC8, 0xBC, 0x04, 0x3F, 0xBD, 0x23, 0xE8, 0x47, 0x18, 0x98,
    0x5C, 0x72, 0x53, 0xB4, 0xEB, 0x20, 0xFF, 0xED, 0xAE, 0x3A, 0x41, 0x51, 0x0B, 0x46, 0xF2, 0xC7,
    0xC5, 0x61, 0x82, 0xA1, 0x79, 0x78, 0xAA, 0x12, 0x54, 0x57, 0xEC, 0x7F, 0x25, 0x2D, 0xAB, 0xDC,
    0xBC, 0xEC, 0x3A, 0x6F, 0xA8, 0xA0, 0x5B, 0x84, 0x69, 0xCC, 0xE2, 0x3E, 0xCF, 0x90, 0xFF, 0x87,
    0xA7, 0x62, 0x94, 0xC2, 0x9C, 0xFE, 0x4A, 0x2A, 0x39, 0xA1, 0xA4, 0x76, 0xBB, 0xA1, 0x2D, 0x2D,
    0xDC, 0x59, 0x5D, 0xA8, 0x7B, 0xF1, 0x57, 0xCA, 0x35, 0x4B, 0xF5, 0x7C, 0xAC, 0x61, 0x7E, 0xD2,
    0xF7, 0xF5, 0xAB, 0x7A, 0x52, 0xF9, 0xC5, 0x81, 0x95, 0xAE, 0xD0, 0xFB, 0x65, 0x92, 0x7A, 0xA0,
    0x7C, 0xB9, 0x55, 0xFA, 0xBD, 0x92, 0x3A, 0x74, 0x49, 0x62, 0xE7, 0x8F, 0x3F, 0x8C, 0x52, 0xDB,
    0x9A, 0xBF, 0x20, 0x84, 0x07, 0x0B, 0xE1, 0x96, 0x44, 0x88, 0xCA, 0xFE, 0x2B, 0xE8, 0x3C, 0x9D,
    0x9E, 0xA3, 0x08, 0xE3, 0x08, 0x79, 0x7B, 0xB0, 0x0D, 0x59, 0x1C, 0x99, 0x5E, 0x9C, 0xF2, 0xD4,
    0x97, 0x4C, 0xB2, 0x6B, 0xC4, 0x70, 0x13, 0x39, 0xCF, 0x64, 0x97, 0x0B, 0x3E, 0x6D, 0xE7, 0xB5,
    0x8E, 0x13, 0xEC, 0x2B, 0xFC, 0xE6, 0x7F, 0x7C, 0xD7, 0xBB, 0xBB, 0x0D, 0x5C, 0x73, 0xAE, 0x35,
    0xA7, 0x8B, 0x1B, 0xC9, 0x5D, 0x3D, 0xEA, 0x8E, 0x7B, 0xB1, 0xBF, 0xDC, 0x0A, 0xAE, 0x04, 0xA7,
    0x80, 0x63, 0xEA, 0xEE, 0x09, 0x7B, 0x2A, 0x7D, 0x58, 0xC6, 0xDE, 0x46, 0xDF, 0x7B, 0x48, 0x80,
    0x6F, 0x95, 0x52, 0x31, 0x4E, 0xC4, 0x30, 0x10, 0x9C, 0x4B, 0x24, 0xAE, 0x48, 0x71, 0xCD, 0x89,
    0x86, 0xC2, 0xFD, 0x35, 0x7E, 0x82, 0x4F, 0xE2, 0x0B, 0x5C, 0x4D, 0x4F, 0xC3, 0x13, 0x7C, 0x3D,
    0x0D, 0x15, 0x35, 0x25, 0xD0, 0xF0, 0x04, 0x9B, 0x1F, 0xE4, 0x09, 0x41, 0xBA, 0x07, 0xA4, 0x70,
    0x61, 0x24, 0x27, 0xC3, 0x38, 0x57, 0x22, 0x84, 0x88, 0xD6, 0x96, 0x77, 0x76, 0xD7, 0xBB, 0x9E,
    0x89, 0x9B, 0x61, 0xB8, 0xEF, 0x18, 0x5B, 0xF6, 0x2B, 0x8E, 0x08, 0x19, 0xAE, 0xC0, 0xCC, 0x70,
    0x04, 0xFC, 0x04, 0x30, 0xA3, 0x11, 0xAE, 0x30, 0x3A, 0x1E, 0xB1, 0x11, 0xAC, 0x04, 0xA0, 0x79,
    0xD1, 0x56, 0x3D, 0x58, 0xC1, 0xF0, 0x8A, 0xAF, 0xC8, 0xA4, 0xC4, 0xDB, 0x82, 0xCD, 0xD4, 0x11,
    0x36, 0x37, 0x3C, 0x86, 0x11, 0x1C, 0x9A, 0x19, 0xBB, 0xE7, 0x0D, 0x7B, 0x37, 0x3A, 0xE6, 0x30,
    0x7A, 0x92, 0x3D, 0x3F, 0xC9, 0xC8, 0xA8, 0x36, 0x6F, 0xC7, 0x2E, 0xE3, 0x70, 0x38, 0xDC, 0x08,
    0x2E, 0x3F, 0x96, 0x06, 0x5B, 0x56, 0xBF, 0x66, 0x48, 0x66, 0x76, 0xC2, 0x8C, 0xFA, 0xAC, 0x85,
    0xE0, 0xFE, 0x0B, 0x26, 0xF9, 0x89, 0xCB, 0xE7, 0x27, 0x93, 0xEC, 0x11, 0xF6, 0xDC, 0x52, 0x23,
    0x73, 0x5C, 0xB6, 0xC5, 0x5D, 0x02, 0xD8, 0xEA, 0x09, 0x83, 0x63, 0x09, 0x9C, 0xF9, 0x44, 0x42,
    0xD3, 0x53, 0xAF, 0x83, 0x99, 0xE0, 0x13, 0x74, 0x21, 0x63, 0x53, 0xF9, 0xE8, 0x9D, 0xCA, 0x1E,
    0x32, 0xDB, 0x72, 0x36, 0x9D, 0x85, 0x08, 0x57, 0x14, 0xBE, 0xD8, 0x5A, 0x97, 0xDC, 0xA4, 0xD2,
    0x41, 0x7C, 0xB5, 0xFC, 0x50, 0xA3, 0x8E, 0xD7, 0x8C, 0x22, 0x6E, 0x2D, 0x36, 0x5C, 0xA9, 0xC4,
    0xF8, 0x64, 0x45, 0xD4, 0xDD, 0xA3, 0xCC, 0xA5, 0x15, 0xA3, 0x29, 0x6D, 0x65, 0x7A, 0x53, 0xEB,
    0xDE, 0xB3, 0xAE, 0x50, 0x95, 0x68, 0x8E, 0xA8, 0x0A, 0x00, 0x6B, 0x91, 0x8D, 0xDD, 0x4B, 0x65,
    0xF7, 0x6C, 0xBE, 0x20, 0x94, 0x4B, 0x11, 0xC6, 0x14, 0x34, 0x0F, 0x63, 0x20, 0xC2, 0x09, 0x57,
    0xA7, 0x7F, 0xBC, 0x78, 0xF1, 0x65, 0x92, 0x56, 0x2A, 0xB6, 0x1C, 0xAB, 0x0A, 0x8C, 0x9E, 0x7B,
    0x3B, 0x43, 0xB4, 0x37, 0x03, 0xB0, 0x47, 0xAB, 0xB3, 0x44, 0xCB, 0xB0, 0xF3, 0xDE, 0x72, 0xB4,
    0xD2, 0xDC, 0xC8, 0xD7, 0x7F, 0x50, 0x16, 0x19, 0x52, 0xD5, 0x6B, 0xC6, 0xEA, 0xB5, 0xE6, 0xB8,
    0x11, 0xBE, 0x32, 0xB5, 0xD8, 0xB0, 0x25, 0xB3, 0x67, 0xB6, 0x4C, 0x17, 0xCA, 0xF9, 0x43, 0xAC,
    0xDF, 0x44, 0xFE, 0x06, 0xD5, 0x59, 0xB1, 0x92, 0xDC, 0xC6, 0x11, 0x9D, 0x05, 0xEC, 0x83, 0x8B,
    0x08, 0xA0, 0xD4, 0x64, 0x95, 0xF1, 0x09, 0xF8, 0x02, 0x0B, 0x6B, 0x31, 0x70, 0xE0, 0x40, 0x4A,
    0xA8, 0xC0, 0x0A, 0xE8, 0xC0, 0x99, 0x83, 0x73, 0xE8, 0x0C, 0xEB, 0xBB, 0x80, 0x81, 0x03, 0x5F,
    0x60, 0xC5, 0x4A, 0xCC, 0x84, 0x09, 0xFF, 0x80, 0x03, 0x9B, 0x81, 0x42, 0xAE, 0xAD, 0x52, 0x29,
    0x50, 0x40, 0xA8, 0x8A, 0x2A, 0x57, 0x59, 0x81, 0x40, 0x12, 0x14, 0x71, 0xD4, 0x00, 0xED, 0x7E,
    0xAF, 0x07, 0x7B, 0x7B, 0x24, 0x8B, 0x3E, 0x51, 0x56, 0xC9, 0xDA, 0xAA, 0x9B, 0x37, 0x07, 0x0C,
    0x06, 0x3D, 0x3D, 0x3D, 0xAF, 0xDF, 0x0C, 0xDC, 0xCA, 0xCB, 0xBC, 0x76, 0xAE, 0x14, 0x91, 0xCE,
    0xB9, 0x46, 0x21, 0xB8, 0x95, 0xE0, 0xE7, 0x32, 0xC2, 0xBA, 0x90, 0xD3, 0x6B, 0x5E, 0x36, 0xA5,
    0x6C, 0x5C, 0x21, 0x6D, 0x2D, 0xCE, 0xA5, 0x0A, 0x81, 0xD0, 0x48, 0x84, 0x16, 0x90, 0xCB, 0x16,
    0x90, 0x48, 0x0F, 0x70, 0xDF, 0x21, 0x1C, 0xCA, 0xA6, 0xA0, 0x81, 0x83, 0x82, 0xDA, 0x3E, 0x2B,
    0xD4, 0x6A, 0xAC, 0x82, 0xEF, 0x72, 0xF9, 0xB3, 0x38, 0x91, 0xB7, 0xE4, 0x1E, 0xA0, 0x25, 0x5C,
    0xEF, 0x00, 0x21, 0xED, 0xF7, 0xE0, 0x4E, 0xFE, 0x10, 0x2D, 0x1B, 0xF9, 0xA7, 0xBC, 0x2D, 0xAE,
    0x92, 0x1B, 0xE8, 0x25, 0x9B, 0xCA, 0xA0, 0xE0, 0x5C, 0x3D, 0x10, 0xA4, 0xFF, 0xEF, 0xF0, 0xC4,
    0x13, 0xE0, 0x33, 0xC2, 0x64, 0xA0, 0x2E, 0x82, 0x43, 0x7B, 0x07, 0xF7, 0xAA, 0x93, 0x57, 0x92,
    0x8D, 0x6A, 0x7C, 0x21, 0xF7, 0x45, 0xA1, 0xD2, 0x16, 0x57, 0xE1, 0x3A, 0x91, 0x63, 0x69, 0xFD,
    0x67, 0xA3, 0xDC, 0x55, 0x5B, 0xDB, 0xDF, 0x10, 0xD4, 0x62, 0x42, 0x0B, 0x98, 0xF3, 0x0E, 0x10,
    0xD2, 0x87, 0x68, 0x19, 0xD2, 0xC7, 0x78, 0xEE, 0x4E, 0xFE, 0x54, 0xE8, 0xF9, 0xFB, 0x13, 0x3B,
    0xBB, 0x1D, 0x14, 0x0E, 0x4E, 0x9B, 0x01, 0xEE, 0x51, 0xCB, 0x5E, 0x05, 0x19, 0xE1, 0xF4, 0x90,
    0xA0, 0xBF, 0xCD, 0xCE, 0x78, 0xAF, 0xAE, 0xC4, 0xD8, 0x45, 0x46, 0x85, 0x9C, 0xB7, 0xAE, 0x88,
    0x3C, 0xD8, 0x0D, 0x8F, 0x31, 0xB1, 0xD5, 0x40, 0xD0, 0xDF, 0x40, 0x97, 0xEB, 0x30, 0x1B, 0xB9,
    0xF9, 0xAE, 0x0E, 0xDA, 0x4F, 0x78, 0xD2, 0xE1, 0xD1, 0x52, 0x61, 0x70, 0xDA, 0x0C, 0x13, 0x66,
    0x90, 0x0F, 0x84, 0x7A, 0x26, 0x78, 0xB8, 0x5C, 0xFA, 0x50, 0x61, 0x72, 0x1E, 0x0D, 0x05, 0xE0,
    0xB1, 0xC1, 0xD7, 0x76, 0x51, 0x7F, 0x6F, 0x13, 0xF8, 0x80, 0x7C, 0xCA, 0xC7, 0xD5, 0x62, 0xC2,
    0xDA, 0xC0, 0xBA, 0x9E, 0x0D, 0x82, 0xC1, 0x48, 0x70, 0x87, 0x7D, 0x76, 0x8A, 0xD8, 0x0C, 0x15,
    0x9F, 0xA1, 0xB9, 0x95, 0x99, 0x4B, 0xAB, 0xD5, 0x5C, 0xF1, 0xB3, 0xC7, 0x73, 0xF9, 0x50, 0xC1,
    0xDC, 0xA4, 0xDD, 0x37, 0xF7, 0x7B, 0xB1, 0x5A, 0x23, 0x64, 0x72, 0xB5, 0xC6, 0xDF, 0x6D, 0xD9,
    0xD4, 0x01, 0xE6, 0x6E, 0xEB, 0x80, 0x08, 0xE9, 0xEA, 0xE0, 0xDB, 0xB1, 0xEE, 0xEB, 0xA0, 0xCF,
    0x11, 0x74, 0x09, 0x02, 0xAE, 0x77, 0x00, 0x0D, 0xE8, 0x08, 0x8D, 0xB6, 0x9C, 0xF3, 0xDE, 0x9E,
    0xFB, 0x07, 0xD6, 0x69, 0xA5, 0x41, 0xB3, 0xAE, 0x43, 0x36, 0x65, 0xBA, 0x44, 0x82, 0x3B, 0x40,
    0x07, 0x98, 0x32, 0xC0, 0xCA, 0xBA, 0x4E, 0xE1, 0x96, 0x3A, 0xE4, 0x41, 0x3D, 0xE3, 0x43, 0xD1,
    0xD7, 0x5F, 0xEB, 0xFF, 0x0A, 0x3D, 0x40, 0xDF, 0x5A, 0xA9, 0x8F, 0x34, 0x8E, 0x73, 0x41, 0xCB,
    0x3E, 0x51, 0x9B, 0x41, 0x16, 0x0A, 0xA5, 0x0E, 0x02, 0x4C, 0xE0, 0x2A, 0x84, 0xCB, 0x0A, 0x23,
    0x54, 0x97, 0x23, 0xAC, 0x72, 0xD2, 0x49, 0x31, 0x56, 0x70, 0x64, 0x5F, 0xEC, 0xCA, 0x9C, 0x57,
    0xD0, 0x4D, 0x3D, 0x69, 0x7B, 0xED, 0x5A, 0x67, 0x45, 0x97, 0xD1, 0x06, 0xBE, 0xE6, 0xFA, 0x4E,
    0xD1, 0x75, 0xBF, 0xD2, 0xE9, 0xD2, 0x49, 0xC0, 0xAB, 0x7A, 0xD7, 0x4C, 0x28, 0x2B, 0x4E, 0x8B,
    0x36, 0xD5, 0x52, 0x9B, 0x92, 0x09, 0xBE, 0xD2, 0x32, 0x11, 0xAE, 0xB1, 0x1D, 0x81, 0xE9, 0xDB,
    0x2B, 0x5A, 0x92, 0xC1, 0xAB, 0x57, 0x30, 0xF1, 0x9C, 0x97, 0x35, 0x63, 0xB7, 0x03, 0xD3, 0xC9,
    0x68, 0x91, 0xCB, 0xC0, 0x9D, 0x7D, 0x60, 0xC4, 0x0F, 0x64, 0x41, 0x9B, 0x78, 0xC7, 0xF2, 0xF0,
    0x81, 0x96, 0x89, 0x7A, 0xAA, 0x90, 0x8C, 0x44, 0xA8, 0xE3, 0xD1, 0x20, 0xD1, 0x91, 0x9C, 0x95,
    0xBC, 0xA2, 0x77, 0x5B, 0xB4, 0x44, 0xA9, 0xDC, 0xD4, 0x6A, 0xF8, 0x27, 0xF2, 0xB1, 0x17, 0x32,
    0xE9, 0xCC, 0x32, 0xD0, 0x88, 0x91, 0x4B, 0xAC, 0x23, 0x21, 0xD0, 0xB6, 0x53, 0x67, 0x6C, 0xDB,
    0xC1, 0x63, 0xB8, 0x4F, 0xF3, 0x66, 0x8B, 0x51, 0x25, 0x33, 0xB9, 0x09, 0xEE, 0xB5, 0x28, 0x69,
    0x61, 0x22, 0xD7, 0x2E, 0x49, 0x37, 0x99, 0x09, 0xA5, 0x91, 0x6E, 0x6D, 0xCC, 0xE8, 0xD3, 0x11,
    0x10, 0x5C, 0x38, 0x83, 0x0D, 0x20, 0x9F, 0x9D, 0x4F, 0x31, 0xEF, 0xEB, 0x46, 0x02, 0x2C, 0xD5,
    0x49, 0xAD, 0xE6, 0xA6, 0x4B, 0x64, 0xC2, 0x5C, 0xC3, 0x71, 0xA3, 0xC1, 0x54, 0x01, 0x9E, 0xC1,
    0xA6, 0x46, 0xB6, 0xF0, 0x67, 0x03, 0x92, 0x5C, 0xBB, 0x46, 0x7B, 0xC1, 0x3C, 0xEB, 0xEF, 0xF2,
    0x5F, 0x09, 0xF5, 0xE8, 0x0E, 0x95, 0xD8, 0x9A, 0x21, 0x83, 0xE3, 0xFC, 0x50, 0x0A, 0x27, 0x0C,
    0xC6, 0x63, 0xB5, 0x28, 0x13, 0xBF, 0x85, 0x1E, 0xAE, 0xCA, 0x0D, 0x90, 0xD9, 0xDF, 0xE4, 0x4B,
    0x63, 0x62, 0x6D, 0x04, 0x0A, 0xD6, 0xE1, 0x80, 0xD3, 0x74, 0xB4, 0x60, 0xE2, 0x3F, 0xC9, 0xA6,
    0x91, 0x8F, 0x40, 0x6D, 0x95, 0xD6, 0xD5, 0x78, 0x30, 0x31, 0x09, 0xAB, 0x19, 0x2F, 0xC0, 0x69,
    0x06, 0x4F, 0x76, 0x9C, 0x16, 0x61, 0xBD, 0xA3, 0xB6, 0xC6, 0x38, 0x4D, 0x7D, 0x7E, 0xF2, 0xDC,
    0x18, 0x56, 0xA2, 0x4E, 0x6B, 0x74, 0xA5, 0xEA, 0x02, 0xF6, 0x03, 0x56, 0xDD, 0x5A, 0x7A, 0xAC,
    0xBA, 0x8D, 0x74, 0xFE, 0xB3, 0xD0, 0xFC, 0x5D, 0xC7, 0xD0, 0xFE, 0xBE, 0xFE, 0x50, 0xFF, 0x67,
    0x96, 0xC1, 0x82, 0xAE, 0xB5, 0x33, 0xE5, 0x65, 0x00, 0x56, 0x9D, 0x58, 0x52, 0xD1, 0x31, 0xDC,
    0xC9, 0x1F, 0x19, 0x2F, 0x7F, 0x32, 0x93, 0x97, 0x3F, 0x30, 0x5E, 0xAE, 0x6D, 0x0C, 0xFE, 0x02,
    0x63, 0x38, 0x7D, 0xC9, 0x18, 0xBC, 0x8D, 0xE1, 0x8C, 0x97, 0x75, 0x0C, 0x31, 0x73, 0xEB, 0xFA,
    0x2B, 0x2C, 0xB2, 0xB8, 0xAC, 0x49, 0xE0, 0xB6, 0xB2, 0xC1, 0xDE, 0xB6, 0xB8, 0xD1, 0x15, 0x68,
    0xE5, 0xF4, 0xDA, 0x6D, 0x9D, 0xD5, 0x3A, 0x94, 0xCC, 0xD7, 0xBD, 0xD6, 0x90, 0xCE, 0x57, 0x56,
    0x63, 0xD6, 0x42, 0xAD, 0xA1, 0xD7, 0x50, 0xAB, 0xCC, 0x2E, 0xF6, 0xD2, 0xC5, 0xDA, 0x8A, 0x8B,
    0x0D, 0x35, 0x77, 0xAE, 0x96, 0x68, 0x2C, 0xA3, 0x86, 0xD5, 0x02, 0xFA, 0x71, 0x28, 0xB1, 0xD2,
    0x50, 0xEB, 0x9B, 0x8F, 0x44, 0x34, 0x7E, 0xE4, 0x83, 0x51, 0x67, 0x98, 0x51, 0x92, 0x06, 0x21,
    0xEF, 0xB8, 0x19, 0x35, 0x7D, 0xA9, 0xD5, 0x8E, 0xD5, 0xB8, 0xE0, 0xFC, 0xAF, 0x46, 0x2F, 0x21,
    0x63, 0x6E, 0xD1, 0x70, 0xD2, 0x97, 0x2A, 0xD9, 0xC8, 0xB6, 0xC0, 0x2D, 0xE5, 0xB0, 0x59, 0xDF,
    0xB6, 0xC5, 0xDB, 0xE0, 0x03, 0xB7, 0xF3, 0x41, 0xB7, 0xF3, 0x41, 0xD8, 0xF9, 0x80, 0xDE, 0x30,
    0x1F, 0xB8, 0xE8, 0x03, 0x4F, 0xBF, 0x94, 0x64, 0xE5, 0x36, 0xFA, 0x20, 0xB3, 0xDA, 0xC4, 0x25,
    0x45, 0x1F, 0x9C, 0xD5, 0xDA, 0x58, 0xCB, 0x6C, 0xA5, 0x69, 0x6D, 0x51, 0x38, 0x36, 0xF2, 0x17,
    0x6B, 0xC3, 0xAE, 0x26, 0x9B, 0x5D, 0xAD, 0xDF, 0xD5, 0xC6, 0xA5, 0x96, 0x87, 0x58, 0xD3, 0x91,
    0xA7, 0xF2, 0xF1, 0xBB, 0x12, 0x6B, 0x1C, 0x81, 0xFA, 0x20, 0xB5, 0xBC, 0xD5, 0xC8, 0x90, 0x1A,
    0x49, 0xA8, 0x0F, 0x56, 0x36, 0xB1, 0x07, 0x58, 0x77, 0xE4, 0x8F, 0xF3, 0xBF, 0xC3, 0x6D, 0xAC,
    0x80, 0xA6, 0x2B, 0x70, 0xB3, 0x8E, 0x6D, 0x36, 0x96, 0x76, 0x45, 0xE7, 0x9D, 0xE7, 0x12, 0x2E,
    0xDA, 0x9A, 0x13, 0xC9, 0x5A, 0x0E, 0xCF, 0x69, 0xED, 0x99, 0xC5, 0x5C, 0xCC, 0xF2, 0x6B, 0xEB,
    0xC5, 0xE4, 0x8C, 0x2D, 0xA0, 0xCE, 0x6A, 0x07, 0xF6, 0xDA, 0x43, 0xC6, 0x5F, 0x66, 0xF4, 0x5B,
    0x99, 0xD7, 0x3D, 0x1D, 0x9D, 0x98, 0x72, 0x4C, 0x65, 0x56, 0x67, 0x53, 0x16, 0x16, 0xA0, 0xC6,
    0xB5, 0xF1, 0x15, 0x3D, 0x5B, 0xD9, 0x7F, 0x95, 0xF6, 0x49, 0xC9, 0x48, 0xDA, 0xC2, 0xE4, 0x46,
    0x8F, 0xBC, 0x00, 0x08, 0x06, 0x3E, 0x10, 0x4C, 0x71, 0x12, 0x34, 0x5C, 0x08, 0xC9, 0x39, 0x38,
    0x8E, 0x4D, 0x86, 0xBD, 0x37, 0xC0, 0x5F, 0xE9, 0x8E, 0x3B, 0x17, 0x28, 0xE3, 0x6B, 0x39, 0x4D,
    0xEA, 0x59, 0xA8, 0xA7, 0x74, 0xAC, 0x44, 0xF3, 0x4B, 0xAA, 0x59, 0xE9, 0x4B, 0xBD, 0xDE, 0x17,
    0x1C, 0x8A, 0x5E, 0x34, 0x26, 0xBF, 0x61, 0xC3, 0x54, 0x9D, 0xA9, 0x2C, 0x3E, 0xB8, 0x9F, 0xBD,
    0xDA, 0x13, 0xAB, 0x8B, 0x78, 0x62, 0xF3, 0xFD, 0x7B, 0x62, 0x65, 0x26, 0xE5, 0xD6, 0x44, 0x97,
    0xE0, 0x01, 0x72, 0xCA, 0x91, 0x14, 0x1F, 0x2A, 0x38, 0x75, 0x04, 0x01, 0x43, 0xD1, 0x8B, 0x18,
    0x58, 0x29, 0x4F, 0x83, 0x0A, 0x3E, 0x1D, 0x51, 0x5F, 0x0D, 0x6E, 0x35, 0xBB, 0x37, 0x2E, 0xAD,
    0xC1, 0xAE, 0x9F, 0xBB, 0x9F, 0xB2, 0xDD, 0xC4, 0x88, 0x9D, 0xA8, 0xBC, 0x26, 0x26, 0xB5, 0x49,
    0x57, 0xD7, 0x65, 0x79, 0x50, 0x93, 0x7F, 0x1B, 0x52, 0x18, 0x96, 0xEA, 0xC9, 0x42, 0x5A, 0x97,
    0x6D, 0x05, 0xFF, 0xD8, 0x23, 0xE3, 0x6F, 0x0F, 0xB0, 0x5E, 0x02, 0x55, 0xC1, 0x0C, 0xA1, 0xAD,
    0x91, 0xAB, 0x25, 0x8C, 0xE8, 0x8B, 0x6D, 0x83, 0xEB, 0xCF, 0x84, 0x94, 0x49, 0x55, 0xE0, 0xE5,
    0x3D, 0x2D, 0x6D, 0x02, 0x32, 0x2A, 0xD4, 0x94, 0xB1, 0x9C, 0x2C, 0xDC, 0xFF, 0x80, 0x81, 0x9B,
    0x0D, 0x28, 0x4B, 0x06, 0xF4, 0x9B, 0xD5, 0x4A, 0x1D, 0xF1, 0xF3, 0x02, 0x43, 0x7E, 0xB3, 0x2A,
    0x65, 0xF8, 0x51, 0x29, 0xF5, 0xD1, 0x54, 0xFC, 0x52, 0xF4, 0x1D, 0x87, 0x5B, 0x94, 0xF2, 0x44,
    0x38, 0x5A, 0xB5, 0xFF, 0xE9, 0x08, 0x0D, 0xB4, 0x55, 0x4D, 0xA4, 0x43, 0x7D, 0xE7, 0xD2, 0x5A,
    0x95, 0xDA, 0xE0, 0x66, 0x95, 0x04, 0xF7, 0x40, 0x8D, 0x88, 0x8D, 0x5C, 0x46, 0x0C, 0x44, 0x5D,
    0xE7, 0xBB, 0x51, 0x6A, 0x99, 0xA5, 0x7D, 0x43, 0x8C, 0x77, 0x70, 0x15, 0x5A, 0x5E, 0xBD, 0x01,
    0x2D, 0xAF, 0x24, 0x84, 0xBC, 0xD7, 0x03, 0x1E, 0x49, 0x57, 0xC8, 0x9D, 0xFC, 0x31, 0x82, 0xA2,
    0x91, 0x4F, 0x21, 0x32, 0x2A, 0x6C, 0x4A, 0x0A, 0x39, 0x38, 0xAD, 0x02, 0xA5, 0x88, 0x26, 0x59,
    0x80, 0x1F, 0x08, 0x94, 0x40, 0xAF, 0x0D, 0x87, 0xDB, 0x64, 0x5E, 0x5B, 0xAA, 0x51, 0x72, 0x1F,
    0x6C, 0x0B, 0x63, 0x4B, 0xDC, 0xD2, 0xB6, 0xB0, 0x69, 0x13, 0xB3, 0x87, 0xE6, 0x70, 0x95, 0xC8,
    0xB7, 0xA9, 0xCB, 0x64, 0xCC, 0x07, 0x53, 0x68, 0x32, 0xAC, 0x36, 0xB6, 0x17, 0x93, 0xDE, 0xB9,
    0xA5, 0x56, 0x9D, 0xC4, 0xDA, 0x43, 0xE3, 0x37, 0xAD, 0x3D, 0x45, 0x14, 0xB0, 0xA6, 0x89, 0x74,
    0xA9, 0xB5, 0xF5, 0x7E, 0xAD, 0x8B, 0x77, 0x0B, 0xCE, 0xB2, 0x3E, 0xA1, 0x9E, 0xD3, 0x74, 0xDB,
    0xCB, 0x23, 0x99, 0x41, 0x6F, 0xE8, 0xB9, 0x09, 0xFE, 0x18, 0x33, 0xAB, 0xB6, 0x5A, 0xCE, 0xD0,
    0x5A, 0x3D, 0x48, 0xFA, 0x14, 0xB5, 0xAF, 0xA4, 0x93, 0x54, 0x85, 0x79, 0x0F, 0x83, 0xFD, 0xB1,
    0x0A, 0xCA, 0x1E, 0xC3, 0xA9, 0x11, 0x38, 0xBD, 0x51, 0xA6, 0x2A, 0xD6, 0x1E, 0x01, 0x96, 0x70,
    0x44, 0x4B, 0xCE, 0x30, 0xA5, 0x27, 0x31, 0xAF, 0x2D, 0x59, 0x03, 0xF7, 0x63, 0xDA, 0x20, 0x9F,
    0x2F, 0x1E, 0x71, 0x4B, 0xE2, 0xD0, 0xEA, 0x92, 0x39, 0x90, 0xFA, 0x62, 0xEA, 0x40, 0x75, 0x5A,
    0x7C, 0x41, 0xB1, 0x14, 0xAB, 0x55, 0xCC, 0x1E, 0xEC, 0xAC, 0x5B, 0xAA, 0xAB, 0xB3, 0xDD, 0xAC,
    0x7B, 0xA1, 0x6A, 0x09, 0x76, 0xB6, 0x15, 0x4B, 0xED, 0xBA, 0x4D, 0x55, 0x3B, 0x71, 0x8E, 0x30,
    0x71, 0xF7, 0xCC, 0xA4, 0xEB, 0xCC, 0x0E, 0x9D, 0xDF, 0x2C, 0x29, 0xA3, 0xAD, 0xDB, 0x58, 0xF5,
    0xA8, 0x32, 0xB9, 0xCC, 0x75, 0xE7, 0x41, 0x6F, 0xDA, 0x16, 0x04, 0xB6, 0x41, 0x3A, 0x4D, 0x39,
    0xE7, 0x90, 0xA0, 0x5B, 0x92, 0x89, 0xF6, 0x7B, 0x80, 0xB7, 0xAD, 0x49, 0x69, 0xB9, 0xED, 0xF6,
    0x4C, 0x70, 0xA4, 0xE7, 0x76, 0x7B, 0xBB, 0xED, 0xD3, 0x05, 0x76, 0x7B, 0xA5, 0xED, 0x9B, 0x3C,
    0xB7, 0x41, 0x0F, 0x6D, 0x53, 0xF4, 0x78, 0xE4, 0x16, 0xE9, 0x71, 0x5F, 0xEC, 0x83, 0x5D, 0xD4,
    0x26, 0xD8, 0xB4, 0xF7, 0xD6, 0xB2, 0x2F, 0xC5, 0x76, 0x5F, 0xB6, 0xED, 0x6A, 0x02, 0xF7, 0x4D,
    0xDC, 0x6E, 0x8B, 0x89, 0x6C, 0xB8, 0x83, 0x70, 0x62, 0xBB, 0xBD, 0x2E, 0x9B, 0xE3, 0x6E, 0xAF,
    0x33, 0x73, 0xE3, 0x36, 0x6F, 0x76, 0x4D, 0x54, 0xD2, 0x33, 0x42, 0x79, 0xA3, 0x22, 0x77, 0xA0,
    0x92, 0x4E, 0x75, 0xE4, 0x6D, 0x8C, 0xDF, 0x1D, 0x94, 0x03, 0xC1, 0x43, 0xBA, 0xC1, 0x24, 0x15,
    0xA3, 0x30, 0x10, 0x5B, 0x71, 0x35, 0x77, 0x1F, 0xEC, 0xE2, 0x43, 0xEE, 0xDD, 0x61, 0xF5, 0x55,
    0x3E, 0x2E, 0x7C, 0x3C, 0xE7, 0xE3, 0x6A, 0x35, 0xC0, 0xF2, 0x3E, 0xAC, 0x26, 0x4C, 0x7C, 0x91,
    0x5A, 0x8D, 0x39, 0x8F, 0x0A, 0xAE, 0xB0, 0xBC, 0x71, 0xEE, 0xEC, 0x25, 0x7D, 0xEE, 0xEC, 0xA5,
    0xDD, 0x3F, 0x7B, 0x99, 0x5E, 0x72, 0xF6, 0x92, 0xBD, 0xF2, 0xEC, 0xC5, 0x04, 0x89, 0x19, 0xB1,
    0x48, 0x91, 0xA8, 0x43, 0xA2, 0x08, 0x61, 0xE4, 0xEC, 0x80, 0xDA, 0xA3, 0x35, 0xE1, 0xD1, 0xC6,
    0x48, 0x81, 0xE4, 0xE0, 0x1B, 0x36, 0x48, 0x9B, 0x25, 0xB7, 0xFF, 0x9B, 0x9A, 0x8E, 0xEE, 0x3C,
    0x1D, 0x3D, 0xC8, 0x11, 0xB6, 0x2C, 0xA3, 0xCE, 0x8B, 0xD3, 0x8D, 0xA4, 0x16, 0x2B, 0xD1, 0x8D,
    0xEB, 0x91, 0x24, 0x13, 0x54, 0x96, 0xAA, 0x3C, 0xC8, 0x2E, 0xC9, 0x02, 0x14, 0x94, 0xE4, 0x03,
    0x65, 0x9B, 0xEE, 0x33, 0x01, 0xA5, 0x41, 0xD5, 0x11, 0xEA, 0x96, 0xD0, 0x18, 0xF8, 0x8D, 0x09,
    0x3C, 0xB7, 0x0F, 0xB3, 0xC1, 0x64, 0x10, 0x0C, 0x46, 0x83, 0xC1, 0xA0, 0x37, 0x80, 0xE2, 0xD5,
    0xCC, 0x74, 0xE2, 0x7E, 0x82, 0xE8, 0xB9, 0x15, 0xA8, 0x6E, 0x82, 0x45, 0x89, 0xC5, 0x74, 0x2D,
    0xB7, 0xD4, 0x1B, 0x0D, 0x76, 0xC7, 0x27, 0x9E, 0x39, 0x42, 0xE4, 0x2F, 0x76, 0xE6, 0xF1, 0xB9,
    0x69, 0xF0, 0xD1, 0xFD, 0xCE, 0xD6, 0xC2, 0xEA, 0xB6, 0x9D, 0xE8, 0x68, 0xBE, 0xB9, 0x74, 0x6B,
    0x39, 0x02, 0x7A, 0x55, 0xF9, 0xFE, 0x7B, 0x91, 0x63, 0xAD, 0xDC, 0x72, 0x9F, 0xD7, 0xA6, 0x46,
    0x2C, 0x1E, 0xAB, 0x2D, 0xE1, 0x01, 0x4C, 0x4F, 0x97, 0x1A, 0xA9, 0x18, 0x11, 0xF9, 0xC8, 0x42,
    0xF0, 0x2A, 0xD1, 0x9D, 0x47, 0xFF, 0x47, 0x89, 0xED, 0x25, 0x3E, 0x6F, 0x98, 0x44, 0x5C, 0x78,
    0xFF, 0x65, 0x98, 0x45, 0xF4, 0x86, 0x19, 0xE9, 0x05, 0xB9, 0xC7, 0x8E, 0x27, 0x8C, 0x58, 0x8A,
    0xC8, 0x2A, 0x8A, 0x8D, 0x61, 0x20, 0x9F, 0x14, 0xD8, 0xB7, 0xDB, 0x71, 0x60, 0x61, 0xED, 0x35,
    0x30, 0xF0, 0xBC, 0xFE, 0x29, 0x87, 0x70, 0x3C, 0x98, 0xE9, 0xC1, 0x51, 0x5D, 0x53, 0x8C, 0x7B,
    0x53, 0xE2, 0x1C, 0x4B, 0x1D, 0x38, 0x84, 0x1D, 0x70, 0x20, 0x8C, 0x10, 0x7B, 0x8E, 0x90, 0x18,
    0x58, 0x0A, 0xFC, 0x36, 0x70, 0x0D, 0xB2, 0x3A, 0x72, 0x42, 0x64, 0xB2, 0xC2, 0xD4, 0x74, 0x66,
    0x59, 0x0E, 0x4B, 0x2E, 0xEA, 0x68, 0x93, 0xC9, 0xAF, 0x03, 0x3F, 0x90, 0x41, 0xF7, 0xE7, 0x07,
    0x9D, 0x70, 0x16, 0x19, 0x79, 0x3C, 0x41, 0x65, 0x0F, 0xFE, 0x78, 0x26, 0xB7, 0x3A, 0xC8, 0x10,
    0x37, 0x1B, 0xC4, 0xFF, 0x24, 0xDE, 0xB3, 0x96, 0xD6, 0xAD, 0xB3, 0x58, 0x38, 0x23, 0xFF, 0xD5,
    0x9A, 0x90, 0x59, 0x0E, 0x28, 0xC2, 0xF9, 0x23, 0xB4, 0x98, 0x11, 0xC0, 0xFA, 0x4F, 0xA5, 0xBE,
    0x4F, 0x2E, 0x2F, 0xA9, 0x92, 0xC6, 0x82, 0x60, 0xA2, 0x4E, 0xB6, 0x09, 0x0F, 0x40, 0x36, 0x8E,
    0xBB, 0x6E, 0x87, 0x53, 0xA0, 0x1C, 0x5E, 0xE5, 0xFA, 0x8C, 0x87, 0x34, 0xAF, 0x05, 0xDF, 0xE9,
    0xA0, 0xD3, 0x73, 0x83, 0xAE, 0x2E, 0x30, 0xE8, 0xFC, 0x62, 0x83, 0x66, 0x80, 0x31, 0x35, 0x0E,
    0xCE, 0xD4, 0x5A, 0x20, 0x22, 0xC6, 0xFE, 0x80, 0xCC, 0x79, 0x44, 0xB3, 0x7B, 0xB3, 0x9A, 0xB8,
    0xC2, 0x41, 0x06, 0xE8, 0x17, 0x67, 0x66, 0x9A, 0x5E, 0x2C, 0xC7, 0x45, 0x3C, 0x50, 0x22, 0x86,
    0xD2, 0x02, 0x05, 0x7F, 0xD1, 0x19, 0x7E, 0xD2, 0x13, 0xCB, 0xBB, 0x03, 0xB1, 0xBA, 0x3B, 0x12,
    0xEB, 0xA3, 0x60, 0xF8, 0x8B, 0x89, 0xD8, 0xB8, 0x99, 0x38, 0xC3, 0x6E, 0x72, 0xB0, 0x27, 0x72,
    0xB7, 0x6E, 0x64, 0x4C, 0x1C, 0x89, 0x39, 0xA5, 0x43, 0xC7, 0x03, 0x87, 0xD2, 0x0E, 0x41, 0x5C,
    0x31, 0xC7, 0x5D, 0xAA, 0xED, 0x41, 0xBF, 0x0D, 0x5E, 0xC4, 0x2F, 0x77, 0x2E, 0xEA, 0x97, 0x6D,
    0xF4, 0x8B, 0xF9, 0x23, 0xFF, 0xA2, 0x7F, 0x2D, 0xBF, 0x48, 0xF4, 0xCB, 0xFC, 0x9C, 0x3F, 0xCE,
    0xFC, 0x52, 0x45, 0xBF, 0x94, 0x4C, 0xD0, 0x3D, 0xE5, 0xE4, 0xCE, 0x2F, 0x2F, 0xDB, 0x4D, 0xCA,
    0xC5, 0xF7, 0xD5, 0x51, 0x0E, 0x58, 0xE6, 0xF7, 0xE3, 0x37, 0xDB, 0x46, 0xFA, 0x1B, 0x2F, 0xDB,
    0x46, 0x26, 0xFB, 0xF7, 0x6A, 0x53, 0x13, 0x65, 0xDC, 0xAF, 0xDA, 0x6E, 0x32, 0xB1, 0x4D, 0x6C,
    0x69, 0xF7, 0xEA, 0xD8, 0x99, 0xA9, 0x58, 0xCC, 0x00, 0xC0, 0xED, 0x83, 0xB7, 0x8B, 0x35, 0xB5,
    0x4E, 0x5B, 0x1A, 0x24, 0x06, 0x58, 0x50, 0x7B, 0x50, 0x2E, 0xF7, 0x36, 0xFC, 0x7A, 0xC2, 0x4D,
    0x45, 0x6D, 0x9F, 0x4D, 0x9A, 0x7F, 0x89, 0xAE, 0xA7, 0x96, 0x67, 0x4A, 0x0A, 0xA9, 0x78, 0x83,
    0x1C, 0x70, 0xAC, 0x13, 0x0D, 0x23, 0x70, 0x7A, 0xC9, 0x17, 0x95, 0x96, 0xAF, 0x32, 0x74, 0x86,
    0xB4, 0xAB, 0x02, 0xA7, 0xE3, 0xE9, 0x90, 0x1D, 0xBA, 0xE3, 0x98, 0x5C, 0xF3, 0x9B, 0x8A, 0x0D,
    0x64, 0x3B, 0x9C, 0xB8, 0xA3, 0xD4, 0x4C, 0x88, 0x92, 0x77, 0x79, 0x32, 0x1B, 0xF8, 0xE5, 0x23,
    0xE8, 0x6C, 0xE1, 0x74, 0xC8, 0xE8, 0x7E, 0xB6, 0xB3, 0x25, 0xB1, 0xB3, 0x26, 0x9E, 0x15, 0x49,
    0x64, 0x75, 0x50, 0xFC, 0x1A, 0x25, 0x33, 0x42, 0x2C, 0x27, 0xF0, 0x73, 0x1D, 0xB5, 0x07, 0xD8,
    0x99, 0x65, 0xCF, 0x7D, 0x72, 0x9B, 0x59, 0x3E, 0xBA, 0xA2, 0x36, 0xFE, 0x96, 0x72, 0x70, 0x24,
    0x67, 0x8F, 0x24, 0xF0, 0xB1, 0x8A, 0xE7, 0xD7, 0xB7, 0x70, 0xAA, 0xA6, 0x7A, 0xF1, 0x9A, 0xF3,
    0xA7, 0xA6, 0x58, 0xE6, 0xF5, 0xF2, 0xF5, 0xC9, 0x08, 0x9F, 0x92, 0xC5, 0x8E, 0x3C, 0xD1, 0xA0,
    0x62, 0x89, 0x30, 0x31, 0x85, 0x60, 0x7A, 0xC1, 0xD4, 0x83, 0xC3, 0x74, 0x38, 0x53, 0x16, 0x4B,
    0x79, 0x64, 0x1F, 0x84, 0xEC, 0x7B, 0x50, 0x60, 0xFB, 0xC1, 0xD9, 0x2E, 0xEA, 0xC2, 0xCA, 0xB5,
    0xFD, 0x7F, 0x52, 0xAE, 0xCF, 0x9D, 0xFD, 0x7C, 0x63, 0xB8, 0x02, 0xCD, 0x60, 0x27, 0xFA, 0x26,
    0xE2, 0x38, 0x15, 0x9D, 0x4D, 0xA0, 0x97, 0x9B, 0xBF, 0x56, 0xE5, 0x8B, 0x03, 0x7E, 0x90, 0x42,
    0x14, 0x06, 0xFC, 0xE0, 0x72, 0xA2, 0xA5, 0x97, 0xC9, 0x8E, 0x21, 0x9B, 0xC0, 0x67, 0x43, 0x19,
    0xE5, 0xE7, 0xBF, 0x11, 0x02, 0x93, 0x1A, 0xAA, 0x81, 0xD0, 0xA5, 0x28, 0x71, 0xD8, 0x59, 0x83,
    0x5B, 0x43, 0xAD, 0x53, 0xD0, 0x84, 0xDA, 0x31, 0x88, 0x58, 0x56, 0x47, 0x33, 0x03, 0x6D, 0x62,
    0x88, 0x51, 0xE6, 0xFA, 0x13, 0xBE, 0xEB, 0x87, 0x48, 0x1A, 0xFF, 0x83, 0x09, 0x59, 0xC7, 0xCF,
    0x2A, 0x19, 0xA7, 0x85, 0x2B, 0x64, 0xC3, 0x09, 0x51, 0xDB, 0xDE, 0x3F, 0xD4, 0xB5, 0x8B, 0xB7,
    0xF7, 0xDA, 0x60, 0x85, 0x73, 0x0B, 0xE4, 0x85, 0x6B, 0xEF, 0x2C, 0xD9, 0xE3, 0x95, 0x25, 0x18,
    0x1A, 0x93, 0x1D, 0xBF, 0x56, 0x2D, 0x5F, 0xAE, 0xF6, 0xBF, 0x65, 0xD9, 0xD7, 0x2D, 0xFB, 0xD2,
    0x65, 0x5F, 0xBD, 0xEC, 0x0B, 0x18, 0xBE, 0x86, 0xFD, 0x07, 0xCD, 0x59, 0xBF, 0x93, 0xE5, 0xC4,
    0x11, 0x9E, 0xF7, 0xE4, 0x5B, 0x55, 0xF1, 0x02, 0x39, 0xB9, 0x72, 0x95, 0x97, 0x2A, 0xE5, 0x76,
    0xA0, 0x3F, 0x41, 0xA2, 0x1C, 0x10, 0x10, 0x40, 0xC0, 0x12, 0x40, 0x40, 0x6E, 0x82, 0xFD, 0x13,
    0x24, 0xBF, 0x0B, 0x1C, 0x38, 0xD9, 0xC4, 0x4E, 0x4D, 0x00, 0x55, 0xF8, 0x08, 0x2E, 0x75, 0x60,
    0x6E, 0x54, 0x47, 0x48, 0x70, 0xCF, 0x38, 0x74, 0x80, 0x0C, 0x6B, 0x57, 0x9D, 0x09, 0x4E, 0xE6,
    0x84, 0xD1, 0x9E, 0x47, 0x6A, 0x7F, 0x5F, 0xF7, 0xE8, 0xED, 0xBB, 0x5D, 0x1F, 0x50, 0xC6, 0x57,
    0x66, 0x6F, 0x77, 0xBA, 0x4F, 0x1A, 0xB5, 0x7A, 0xFA, 0x77, 0xB7, 0x9C, 0x73, 0x2E, 0x93, 0x06,
    0xAB, 0x2B, 0xC4, 0xB9, 0x63, 0xC1, 0x8F, 0x73, 0x5C, 0x83, 0x4B, 0x09, 0x7A, 0xDC, 0x56, 0x50,
    0xDA, 0xC5, 0x5A, 0xDE, 0x7D, 0x4D, 0x26, 0xE7, 0x27, 0xE7, 0xCA, 0xD9, 0xC9, 0xE8, 0x5C, 0x2E,
    0x4E, 0x06, 0x52, 0x71, 0xD8, 0x65, 0x60, 0x33, 0x28, 0x28, 0x67, 0x05, 0x5E, 0x5E, 0x26, 0x08,
    0xC5, 0x7D, 0x80, 0x2F, 0x86, 0x8C, 0xE0, 0x91, 0x81, 0x7F, 0xD9, 0x45, 0xFC, 0xBC, 0xAC, 0x40,
    0x1F, 0x90, 0x3F, 0xEB, 0xE3, 0xD2, 0x2A, 0x31, 0xA9, 0x0C, 0x18, 0xE9, 0xD9, 0x40, 0x30, 0x30,
    0x2A, 0x58, 0x93, 0x7F, 0x40, 0x70, 0x62, 0x7C, 0x80, 0x57, 0xDB, 0xE0, 0x7C, 0x7C, 0xC0, 0xC9,
    0x56, 0x22, 0xE2, 0xAE, 0x22, 0xFE, 0x17, 0xB2, 0x3C, 0x25, 0x9B, 0x31, 0x93, 0xB2, 0xCD, 0x45,
    0x4A, 0x30, 0x54, 0xB6, 0x6B, 0x91, 0x5A, 0xEE, 0x4B, 0xDD, 0xE0, 0xFE, 0x07, 0xD9, 0x27, 0xC6,
    0x4B, 0x48, 0xC5, 0xB8, 0xF9, 0x60, 0x23, 0x90, 0x04, 0x90, 0x1A, 0x17, 0x94, 0x15, 0xCA, 0xA8,
    0x23, 0x62, 0x5B, 0x94, 0x6A, 0x76, 0x0D, 0xC9, 0x0D, 0x39, 0x39, 0xF1, 0x86, 0xF0, 0xDC, 0x0B,
    0x12, 0x16, 0x04, 0x27, 0x31, 0x05, 0xEC, 0x80, 0xAC, 0xBC, 0x6D, 0x71, 0x7A, 0xB7, 0x22, 0x28,
    0xA3, 0xB6, 0x26, 0xB7, 0x12, 0x7D, 0xFD, 0x46, 0xF4, 0xE5, 0x05, 0x41, 0x6B, 0xDA, 0xEA, 0x71,
    0xFE, 0x77, 0x5F, 0xC7, 0x3D, 0x72, 0xE7, 0x83, 0xEA, 0xA7, 0x0C, 0x4A, 0x85, 0xE0, 0x48, 0xCE,
    0x08, 0xBC, 0x4C, 0x00, 0x09, 0xF6, 0xD7, 0xC1, 0xA8, 0x04, 0xB0, 0xA8, 0xA0, 0x90, 0xBF, 0x13,
    0x94, 0x13, 0x2E, 0x00, 0x48, 0x97, 0x28, 0x08, 0x2B, 0x05, 0x33, 0xF5, 0x50, 0x42, 0xB0, 0x78,
    0xAE, 0x84, 0x34, 0xCB, 0x3D, 0x28, 0xB6, 0x33, 0x41, 0x06, 0xEE, 0x4A, 0xDA, 0xD1, 0xA0, 0xEF,
    0xF3, 0x67, 0x04, 0xD4, 0x16, 0xFE, 0x32, 0xB5, 0xAC, 0xBE, 0x34, 0x82, 0xFE, 0xDE, 0xEC, 0xFC,
    0x76, 0x16, 0xD5, 0x8A, 0x5C, 0x01, 0xF7, 0x84, 0xF7, 0x20, 0x02, 0x18, 0xDF, 0x84, 0x83, 0x81,
    0xAD, 0x11, 0x0C, 0xE2, 0xB9, 0x7E, 0xAD, 0x17, 0x07, 0xB3, 0x90, 0x11, 0x20, 0x21, 0xBF, 0x99,
    0x6C, 0x78, 0x96, 0x4C, 0xB2, 0x49, 0xB9, 0x28, 0x47, 0x05, 0xBE, 0x57, 0x20, 0xAD, 0x81, 0x4A,
    0x41, 0x64, 0x34, 0x18, 0xE8, 0x0D, 0xEC, 0x0C, 0x34, 0x06, 0xF6, 0x42, 0x2B, 0x86, 0x0D, 0xD5,
    0x42, 0x89, 0x6F, 0x7A, 0x67, 0x0A, 0xBA, 0xAF, 0x48, 0x36, 0x16, 0x54, 0x3C, 0x90, 0x3E, 0x83,
    0xF4, 0xE3, 0x15, 0x75, 0xAB, 0xCD, 0xA2, 0xBA, 0x44, 0x8D, 0x84, 0x3F, 0xD4, 0x8C, 0x1A, 0xED,
    0x31, 0x10, 0x35, 0x5A, 0xA7, 0x0E, 0x16, 0x0C, 0xA1, 0xD1, 0xBE, 0x43, 0x84, 0x46, 0x3B, 0x29,
    0xE2, 0x64, 0x25, 0x11, 0x59, 0x2B, 0xE2, 0xB7, 0x38, 0x6A, 0x05, 0x04, 0xB6, 0x97, 0x48, 0xAB,
    0x74, 0x60, 0x75, 0x44, 0x8E, 0xC0, 0x9D, 0xEC, 0xCC, 0x17, 0xB3, 0x4F, 0x3A, 0x43, 0xF2, 0xFB,
    0xBD, 0x21, 0xC5, 0xAF, 0x06, 0x43, 0xCA, 0x17, 0xC7, 0x88, 0x24, 0xC1, 0x90, 0x3A, 0x99, 0x0C,
    0xB9, 0xBB, 0x9A, 0x0D, 0x99, 0x94, 0x55, 0x15, 0xCF, 0x1E, 0xF1, 0x86, 0x8C, 0x14, 0x3F, 0x91,
    0x61, 0x41, 0x7A, 0xE8, 0xA5, 0xE7, 0x31, 0xC9, 0x0B, 0x65, 0xE0, 0x3B, 0x97, 0xF1, 0xE8, 0xC7,
    0x7A, 0x70, 0x35, 0xD3, 0xC6, 0x0C, 0xAC, 0x37, 0x03, 0x1B, 0xCD, 0x4C, 0x27, 0x0B, 0x2A, 0x6A,
    0x4E, 0x8C, 0x42, 0xD1, 0x8B, 0x6F, 0xBF, 0x1D, 0x7D, 0xC6, 0xC0, 0xE9, 0xB9, 0xF9, 0xFA, 0x4C,
    0x00, 0xC1, 0x57, 0x00, 0xD9, 0xE8, 0x5B, 0x82, 0xBE, 0x3C, 0x04, 0x17, 0xBE, 0x21, 0x10, 0xFE,
    0x29, 0xA7, 0x04, 0x73, 0x45, 0xBF, 0x8B, 0x5E, 0xA7, 0x1E, 0x16, 0xC1, 0x64, 0x2C, 0x8D, 0xEA,
    0x01, 0x54, 0x22, 0x7D, 0xAD, 0x32, 0x27, 0x51, 0x7D, 0xD5, 0x03, 0xDD, 0x4F, 0x06, 0x8B, 0x83,
    0xE6, 0x58, 0x5E, 0x1F, 0xE1, 0x6E, 0x09, 0x3C, 0xAB, 0xCC, 0xB0, 0x19, 0x30, 0xA5, 0xD7, 0x35,
    0x0C, 0x88, 0xF0, 0x88, 0x0F, 0xA1, 0x37, 0xB9, 0xC8, 0xB0, 0x0E, 0x6A, 0x9C, 0x6A, 0x9B, 0x5F,
    0xF2, 0x08, 0x59, 0x5B, 0x5E, 0xAE, 0x9D, 0xE7, 0x0A, 0x56, 0xB8, 0x72, 0xA7, 0xB1, 0x9B, 0xCD,
    0xE4, 0xD6, 0x02, 0x84, 0x45, 0x07, 0x63, 0x35, 0x72, 0xAA, 0x41, 0x81, 0x76, 0x54, 0x04, 0x3E,
    0x55, 0x04, 0x75, 0xA6, 0xE0, 0xD5, 0xF9, 0xE8, 0x3A, 0xB5, 0xAE, 0x3E, 0xC8, 0x0B, 0x60, 0x20,
    0xC8, 0xE7, 0x33, 0x18, 0xF0, 0x12, 0x0A, 0x09, 0x16, 0xCC, 0xF3, 0x4B, 0x9A, 0x70, 0x69, 0x99,
    0x61, 0xE6, 0xC7, 0x16, 0x13, 0x16, 0x93, 0xBF, 0xBE, 0xD6, 0xBA, 0xAA, 0xA9, 0xBE, 0x11, 0xD5,
    0xDA, 0xEB, 0xDA, 0xE9, 0xDA, 0xEA, 0xAA, 0x3E, 0x72, 0xEE, 0xD6, 0x60, 0xEF, 0x76, 0x93, 0xCB,
    0x0E, 0x16, 0x0A, 0x23, 0xC1, 0xEA, 0x6F, 0x8D, 0xA9, 0x34, 0xE2, 0xF0, 0x52, 0xAE, 0x88, 0x65,
    0x58, 0xA9, 0xF2, 0x5B, 0xA3, 0xA7, 0x19, 0x68, 0xB4, 0xD9, 0x67, 0x9D, 0x16, 0xA7, 0x13, 0xB3,
    0xA0, 0xB3, 0x18, 0xFD, 0xDC, 0xD1, 0x5C, 0x29, 0x4D, 0x84, 0xA2, 0x16, 0x9E, 0x4F, 0x9A, 0xDB,
    0x90, 0x1E, 0x50, 0x63, 0x3A, 0xDA, 0x8E, 0x7E, 0xA6, 0x78, 0x22, 0xB5, 0x41, 0xCD, 0x6D, 0x47,
    0x0D, 0x93, 0xDA, 0x4F, 0x49, 0x2D, 0x45, 0xE4, 0xBE, 0xDD, 0xD0, 0x47, 0x49, 0x67, 0x87, 0x75,
    0xDE, 0x74, 0x2B, 0x69, 0x42, 0x82, 0xA0, 0x52, 0x61, 0x4D, 0xE0, 0x7B, 0x69, 0x0F, 0x03, 0xF6,
    0x77, 0x76, 0xF5, 0x42, 0x27, 0x53, 0x3A, 0xE0, 0x8A, 0x41, 0xF8, 0x18, 0x47, 0xE4, 0x3A, 0xAB,
    0x4B, 0x43, 0x00, 0xA9, 0x58, 0xF4, 0xE1, 0x6B, 0x54, 0xC2, 0x55, 0x2D, 0xBF, 0xF6, 0xD2, 0x78,
    0xC6, 0xD5, 0x56, 0x4D, 0xAC, 0x05, 0x11, 0xAC, 0xB0, 0xED, 0x44, 0x7D, 0xE4, 0x99, 0xAE, 0x6B,
    0x8B, 0x40, 0xE6, 0x9C, 0x66, 0xD1, 0x62, 0x91, 0xCC, 0x12, 0xA3, 0x6A, 0x72, 0x2B, 0x11, 0x71,
    0xD7, 0x90, 0xE5, 0xD6, 0x7E, 0xF3, 0xFE, 0xF1, 0x3D, 0xC1, 0xFD, 0x2B, 0xBE, 0xE1, 0xE7, 0x48,
    0xE2, 0xC6, 0x32, 0x46, 0xC1, 0x95, 0x55, 0x1A, 0xCE, 0xDC, 0xAE, 0x59, 0xD2, 0x1E, 0xB3, 0x5D,
    0x2E, 0x7F, 0x3D, 0xD5, 0x68, 0x5A, 0xD0, 0xDF, 0xF9, 0x22, 0x54, 0x1A, 0xCE, 0x90, 0x29, 0x22,
    0x3F, 0x79, 0x2F, 0x22, 0xCE, 0x7D, 0xAF, 0x90, 0xD3, 0xC9, 0x42, 0x7E, 0xA7, 0x27, 0x9D, 0xAC,
    0x94, 0xAA, 0x12, 0xD9, 0x21, 0x36, 0x6F, 0x66, 0xC6, 0xC4, 0x8C, 0x41, 0xAE, 0x47, 0x9A, 0x7E,
    0xF0, 0xE6, 0xA0, 0x46, 0x32, 0xC6, 0xCA, 0xCA, 0xDD, 0x78, 0xCB, 0xC4, 0x7B, 0x64, 0x42, 0xFE,
    0x41, 0x74, 0xBA, 0x95, 0x3F, 0x67, 0x4A, 0x45, 0x58, 0x09, 0x56, 0x98, 0x25, 0xD1, 0x6D, 0xCF,
    0x36, 0x70, 0x61, 0xBE, 0x22, 0x94, 0x03, 0x77, 0x82, 0xCE, 0x83, 0x32, 0xD4, 0x7A, 0xD7, 0x2F,
    0x34, 0x4F, 0xAF, 0xD3, 0x3C, 0x56, 0x67, 0x82, 0x1A, 0x56, 0xFE, 0x53, 0xB0, 0x58, 0x30, 0x9E,
    0xA9, 0x01, 0x97, 0x89, 0xAE, 0x48, 0x7C, 0xF9, 0xC5, 0x9C, 0x33, 0x55, 0x87, 0x12, 0x67, 0xF2,
    0xE4, 0xF3, 0xDD, 0xBA, 0x55, 0xCA, 0x9D, 0xB7, 0x00, 0xEE, 0x6E, 0xDE, 0xB1, 0x83, 0x1F, 0xDB,
    0xF1, 0x7F, 0x08, 0x95, 0x9E, 0xDC, 0x78, 0x95, 0xFA, 0xE4, 0x09, 0x7F, 0xC4, 0x15, 0x72, 0x78,
    0x99, 0x15, 0xA3, 0x3C, 0x0C, 0xAB, 0xC8, 0x39, 0xE4, 0x10, 0x54, 0x0E, 0x41, 0xE5, 0x10, 0x54,
    0x0E, 0x31, 0x1C, 0x5D, 0x93, 0xC3, 0x1F, 0xA2, 0x8D, 0xCD, 0x15, 0xFC, 0x1D, 0xCE, 0xEE, 0x7F,
    0x19, 0x64, 0xAD, 0xBF, 0xB7, 0x18, 0xC7, 0x4A, 0x0A, 0x21, 0x68, 0xF5, 0x11, 0x7F, 0x53, 0xD6,
    0x1B, 0xF0, 0x69, 0x4A, 0x61, 0x57, 0x86, 0x79, 0x83, 0x8C, 0x0F, 0x57, 0x8E, 0x8B, 0xFE, 0xB7,
    0x46, 0x08, 0xC7, 0x93, 0x58, 0x52, 0x2E, 0xD4, 0x52, 0x30, 0xA3, 0x2C, 0x45, 0x53, 0x18, 0x0E,
    0xBF, 0xAB, 0x07, 0x84, 0x4B, 0xFC, 0xAB, 0x87, 0x1C, 0x06, 0xF9, 0xDC, 0xED, 0x7D, 0x12, 0xFA,
    0xCF, 0xE0, 0xE4, 0xE4, 0x54, 0x5E, 0x31, 0x55, 0x33, 0x9E, 0x58, 0xF9, 0x26, 0x96, 0x5C, 0xC4,
    0x52, 0x8D, 0x81, 0x86, 0x22, 0xCB, 0x35, 0x4B, 0x3B, 0x4B, 0xD6, 0x2E, 0xF9, 0x1A, 0xB0, 0x31,
    0x50, 0x20, 0xAE, 0x1D, 0x50, 0x19, 0x0D, 0xCC, 0x91, 0x66, 0x6B, 0xA0, 0x97, 0x8B, 0x93, 0x93,
    0xB7, 0x44, 0x93, 0x3B, 0x93, 0x92, 0x7A, 0xCB, 0x37, 0x03, 0xEC, 0xD4, 0xE7, 0x46, 0xA3, 0x32,
    0x18, 0x30, 0x25, 0x43, 0x8E, 0x07, 0x09, 0xF2, 0xEC, 0x6B, 0x45, 0x10, 0xA5, 0xC4, 0x12, 0xE5,
    0xDB, 0xFF, 0x42, 0x1E, 0x7C, 0x63, 0x10, 0xAD, 0xFC, 0xF8, 0xBB, 0x45, 0x06, 0x9D, 0x4B, 0x66,
    0xA6, 0x61, 0xAD, 0xD2, 0xD2, 0x4A, 0xFD, 0xD9, 0x03, 0xD6, 0xA3, 0x94, 0x2B, 0x93, 0x3C, 0x84,
    0x1D, 0x58, 0x25, 0x82, 0xAB, 0x6C, 0x28, 0x3A, 0xB0, 0x95, 0x75, 0x59, 0xBF, 0x80, 0xAD, 0xE0,
    0x22, 0xF2, 0x3F, 0x13, 0x72, 0x57, 0x6A, 0x33, 0x80, 0x7E, 0x61, 0x80, 0x7D, 0x57, 0x9A, 0x8A,
    0xD9, 0x10, 0x21, 0x79, 0x37, 0xCC, 0xA7, 0xEF, 0xB7, 0x2A, 0xB9, 0x56, 0xF3, 0x6C, 0xAB, 0xC2,
    0x6C, 0xEB, 0xF9, 0x7D, 0xAC, 0x1E, 0xE9, 0xFA, 0xC2, 0x59, 0x24, 0xB4, 0xA0, 0xA7, 0xC1, 0x82,
    0x39, 0xAB, 0x65, 0x50, 0xD5, 0x9A, 0x30, 0x57, 0x37, 0x58, 0xC9, 0xD7, 0xE6, 0xE3, 0x67, 0xB8,
    0x2A, 0x5F, 0xA5, 0x32, 0x59, 0x2A, 0x77, 0xE5, 0xC7, 0xCC, 0x03, 0x65, 0x23, 0x97, 0xEB, 0xC7,
    0xBA, 0x6A, 0x7E, 0x30, 0x76, 0x37, 0xCA, 0xFA, 0xCA, 0x37, 0xB4, 0xDB, 0xCE, 0xC5, 0x0C, 0x9E,
    0xED, 0x9B, 0x92, 0x0E, 0xF5, 0xD4, 0x1A, 0x7B, 0xFC, 0x85, 0xF3, 0x94, 0x78, 0xAB, 0x51, 0xAD,
    0xC3, 0x8A, 0x6C, 0x8B, 0x55, 0x3D, 0xD5, 0xA9, 0xAB, 0x22, 0x72, 0x74, 0xF5, 0x08, 0x32, 0x4C,
    0x9A, 0xE9, 0xB4, 0x52, 0x83, 0x4D, 0x94, 0xAB, 0x8D, 0xA6, 0x38, 0x6D, 0xA4, 0x34, 0x39, 0x3C,
    0x5B, 0x39, 0x74, 0x97, 0x12, 0xD0, 0x9C, 0x55, 0xB6, 0x4C, 0x58, 0x25, 0xE0, 0x7E, 0x6D, 0x7D,
    0xAB, 0x77, 0x1B, 0x72, 0x25, 0xDA, 0x1A, 0x4C, 0xCE, 0x6A, 0x60, 0x8F, 0xD2, 0x9E, 0xDB, 0x07,
    0x2D, 0x6C, 0x8B, 0xB0, 0xD6, 0xE6, 0x74, 0x4A, 0x09, 0x52, 0x51, 0xA9, 0x25, 0x30, 0xFB, 0x60,
    0x39, 0x31, 0x98, 0x15, 0x04, 0x7D, 0x99, 0x32, 0x80, 0xBA, 0x4E, 0xBB, 0xC2, 0x41, 0xC1, 0xFA,
    0xED, 0x83, 0x0E, 0xEE, 0xFB, 0x06, 0xAC, 0x07, 0x32, 0x51, 0x45, 0x59, 0xB9, 0xB2, 0xA3, 0x2D,
    0x40, 0x42, 0x94, 0xD3, 0x1E, 0x74, 0x94, 0x97, 0x46, 0x5B, 0xCB, 0xFC, 0xEE, 0x52, 0x64, 0x94,
    0xD9, 0x37, 0x56, 0x55, 0x77, 0xFE, 0x7F, 0x55, 0xD5, 0x7F, 0xB9, 0x16, 0x5D, 0x36, 0xC0, 0x1B,
    0xD0, 0x16, 0x82, 0xED, 0xB9, 0x8E, 0x51, 0x61, 0xA7, 0x27, 0xEA, 0xEA, 0x19, 0x1D, 0x44, 0xEF,
    0x87, 0xE2, 0x1F, 0x58, 0xFB, 0x14, 0x61, 0x1F, 0x01, 0xB7, 0xE2, 0x0A, 0x1F, 0xE9, 0x35, 0x8F,
    0x30, 0xF4, 0x70, 0x75, 0x97, 0x2B, 0x2B, 0x7D, 0x76, 0x24, 0xBC, 0xCB, 0x36, 0x92, 0xFD, 0x70,
    0x13, 0xEB, 0x91, 0xEF, 0xBC, 0xAE, 0x0E, 0xD6, 0x24, 0x7A, 0xF2, 0x4E, 0x57, 0x8B, 0x50, 0x8D,
    0xD3, 0x66, 0x8C, 0xAB, 0x7A, 0xFC, 0x89, 0xE5, 0xEA, 0xDF, 0xE9, 0x76, 0x75, 0x51, 0x6D, 0x50,
    0x36, 0x4B, 0x66, 0x1F, 0x58, 0x3E, 0x34, 0x5E, 0x9B, 0xDD, 0xD6, 0xE5, 0x9D, 0xB4, 0x3D, 0x3A,
    0x93, 0x7B, 0xC3, 0x78, 0x57, 0x3E, 0x9B, 0xFB, 0xB2, 0x66, 0x6F, 0xC5, 0x3C, 0x7C, 0x37, 0x93,
    0xDF, 0xA2, 0x1D, 0xF1, 0x2B, 0x8F, 0xD6, 0xF5, 0xFA, 0xBF, 0xA3, 0x73, 0x1B, 0x7E, 0x64, 0xA8,
    0x00, 0xAA, 0x3C, 0x4C, 0x79, 0x5B, 0x84, 0x80, 0x36, 0x6A, 0xE4, 0x32, 0x78, 0xDF, 0x52, 0x20,
    0x5B, 0xD9, 0x6D, 0xE4, 0x4D, 0x69, 0x57, 0x31, 0x69, 0x6A, 0xE1, 0xB4, 0x03, 0x3F, 0x0F, 0xF0,
    0xF0, 0x69, 0xFB, 0x01, 0x6D, 0xED, 0x53, 0xD9, 0xBE, 0x47, 0x15, 0xFC, 0x49, 0xB9, 0xFB, 0x2C,
    0xD4, 0xE7, 0xFE, 0xCD, 0x47, 0x41, 0xE6, 0xE7, 0xB3, 0x47, 0xE3, 0x7C, 0x5A, 0x65, 0x5F, 0x0D,
    0xA0, 0x98, 0x3D, 0xEC, 0x03, 0xDE, 0xC0, 0x86, 0x0F, 0xC9, 0x10, 0x21, 0x1C, 0xAF, 0xAE, 0x36,
    0xA3, 0xFB, 0xF1, 0x3B, 0x60, 0xA2, 0x7F, 0xE2, 0x8F, 0xAF, 0x39, 0xFC, 0xBB, 0x7A, 0x1F, 0x3F,
    0x3F, 0xA7, 0xB1, 0x53, 0x88, 0x2B, 0x2E, 0x30, 0x0A, 0x9A, 0x76, 0xC3, 0x89, 0x0D, 0x8B, 0x24,
    0x46, 0x3D, 0xC8, 0x19, 0x01, 0xD0, 0xD9, 0x32, 0x73, 0xC8, 0xC0, 0xDE, 0xC4, 0xE9, 0x28, 0x81,
    0x1D, 0x4B, 0x9C, 0x9C, 0x70, 0x62, 0x02, 0x83, 0xD9, 0xCA, 0x95, 0xB4, 0x99, 0x99, 0x05, 0x50,
    0x23, 0x85, 0x11, 0x75, 0x2A, 0x81, 0xEE, 0x88, 0x32, 0x77, 0x75, 0x47, 0xC5, 0x55, 0xF4, 0x3A,
    0x18, 0x5C, 0x43, 0xCA, 0xDA, 0xBC, 0x76, 0x37, 0xB4, 0xC4, 0xAF, 0xF1, 0x97, 0xC3, 0x98, 0xD6,
    0xDA, 0xD7, 0x9C, 0x6A, 0xC6, 0x8F, 0xD3, 0x8B, 0x52, 0xE3, 0xF7, 0xCA, 0x2A, 0x9B, 0x44, 0xCE,
    0x57, 0x70, 0x3E, 0xF6, 0xF6, 0x50, 0x72, 0x31, 0x6E, 0x66, 0xBC, 0x14, 0x1E, 0x8D, 0xB2, 0xA1,
    0xAD, 0xEF, 0xB1, 0xA0, 0xDD, 0xF9, 0x5B, 0x38, 0x0F, 0x72, 0xE7, 0x4B, 0x53, 0x3A, 0xE7, 0x3D,
    0x52, 0xE6, 0x4A, 0x90, 0x3B, 0x33, 0x48, 0xE9, 0x00, 0xD8, 0x45, 0xDB, 0x12, 0x1F, 0x88, 0x8F,
    0x47, 0x62, 0xC5, 0xB0, 0x99, 0xD1, 0x92, 0xC5, 0x17, 0xE9, 0x6B, 0xA7, 0x85, 0x89, 0xC8, 0xD2,
    0x7E, 0xBC, 0x62, 0xEC, 0xA2, 0x53, 0x3F, 0xD7, 0xC4, 0xA0, 0xF6, 0x69, 0x95, 0x6A, 0x62, 0x45,
    0x4C, 0xEC, 0xF9, 0x0B, 0x79, 0xFC, 0xBA, 0x26, 0xE3, 0x06, 0xBB, 0x76, 0xF5, 0x44, 0x53, 0xE8,
    0x70, 0x1A, 0x76, 0x1A, 0x71, 0x12, 0x63, 0x85, 0xD1, 0x53, 0x80, 0x6D, 0x89, 0x0F, 0xC4, 0xC7,
    0x23, 0xB1, 0x48, 0x3A, 0xBE, 0x28, 0xBE, 0x36, 0x32, 0xB1, 0xB0, 0x14, 0x19, 0x8C, 0xA0, 0xD0,
    0x8B, 0xF1, 0x44, 0xA9, 0x3D, 0x90, 0xDB, 0xE3, 0xA5, 0x11, 0xAB, 0x85, 0x83, 0x80, 0x9D, 0xD7,
    0x24, 0xD1, 0x59, 0xC3, 0x0D, 0x26, 0x72, 0x0D, 0x0B, 0x3D, 0x8B, 0x95, 0x5E, 0xBE, 0x10, 0x8E,
    0x7B, 0xE4, 0xD1, 0x58, 0xD0, 0x63, 0xBE, 0xEA, 0x21, 0x54, 0xD8, 0xAB, 0x02, 0x64, 0xEF, 0xA2,
    0x67, 0x70, 0x10, 0xF9, 0x8B, 0xF4, 0xF4, 0xC5, 0x0F, 0xA5, 0xE3, 0xFB, 0x52, 0x28, 0xFF, 0x39,
    0x39, 0x8F, 0xC3, 0xAA, 0x9A, 0xAC, 0xA1, 0xEC, 0x8E, 0xF3, 0xC8, 0xC9, 0xC0, 0x60, 0x60, 0xA7,
    0x60, 0xB6, 0x52, 0x8F, 0x42, 0x5E, 0x3A, 0xBE, 0x64, 0x58, 0x46, 0x92, 0x53, 0x44, 0x0A, 0x9B,
    0x4D, 0x92, 0x60, 0x6B, 0x48, 0x6E, 0x29, 0xC1, 0xC6, 0x42, 0xCE, 0x1A, 0xBF, 0xE5, 0xB1, 0x65,
    0x1C, 0xC6, 0x0A, 0xFE, 0x66, 0x75, 0xE3, 0x15, 0xE6, 0x91, 0x95, 0x8C, 0xA4, 0x56, 0xA2, 0x55,
    0x98, 0x49, 0xAD, 0x64, 0x29, 0x46, 0x6A, 0xA5, 0x4D, 0x2B, 0x3A, 0x2D, 0xF0, 0x6D, 0x20, 0x1D,
    0xCA, 0x31, 0x0B, 0x86, 0xCC, 0x3F, 0x1B, 0x0C, 0x91, 0x4F, 0xBB, 0x88, 0x0C, 0xCE, 0x90, 0x6D,
    0x88, 0x88, 0xBB, 0x86, 0x2C, 0xB7, 0xF2, 0xB8, 0x79, 0xA2, 0xFF, 0x11, 0x81, 0xD5, 0x55, 0x6B,
    0xED, 0x06, 0x2A, 0x2A, 0x98, 0xE3, 0xAA, 0x0B, 0x8E, 0x62, 0xBA, 0x68, 0x45, 0xE0, 0x27, 0x35,
    0xA4, 0x32, 0xED, 0x2D, 0xC5, 0x81, 0xAA, 0x5A, 0xE7, 0x03, 0x8F, 0x79, 0x78, 0x90, 0x82, 0x9A,
    0xB5, 0x0B, 0xA0, 0x3D, 0xBC, 0xB8, 0xB7, 0x8E, 0xDE, 0xB4, 0x8C, 0xC6, 0xCA, 0xCB, 0x63, 0x58,
    0x7C, 0xA0, 0x2D, 0x06, 0x3F, 0x26, 0x1C, 0x9F, 0x22, 0x46, 0xFE, 0x9E, 0xF5, 0xF9, 0x80, 0xA6,
    0xEA, 0x69, 0xB5, 0xFB, 0x97, 0x33, 0x65, 0x13, 0x05, 0xA2, 0xE6, 0x83, 0xE7, 0xE4, 0x25, 0x74,
    0x31, 0xE8, 0x70, 0x92, 0xA0, 0x32, 0x51, 0x90, 0xDB, 0xFF, 0x32, 0xBB, 0x97, 0x98, 0xE0, 0xE0,
    0xEE, 0x3A, 0xE2, 0x3C, 0x9E, 0xF7, 0xB9, 0x3B, 0x56, 0xF1, 0x7B, 0x98, 0x5F, 0x81, 0xC5, 0x32,
    0x02, 0x58, 0x60, 0xD4, 0xB9, 0x0F, 0x71, 0x0E, 0x40, 0x78, 0xF3, 0xE4, 0x0E, 0xB5, 0x1B, 0x67,
    0x7C, 0x3A, 0x81, 0x81, 0xA8, 0x12, 0xB3, 0x68, 0x93, 0xDD, 0x68, 0x56, 0xCF, 0x09, 0x9B, 0x15,
    0x98, 0x50, 0xFF, 0x0C, 0x7F, 0x38, 0x53, 0x52, 0x29, 0xEF, 0xEB, 0xBC, 0x66, 0x52, 0x58, 0x34,
    0xDE, 0x66, 0xA3, 0xF8, 0xF7, 0x04, 0xFC, 0xA3, 0xD8, 0x7D, 0xDD, 0x37, 0xEA, 0x94, 0xCF, 0x9E,
    0xDF, 0xD1, 0xF8, 0xA0, 0x94, 0x0B, 0xD2, 0x7F, 0x80, 0x5A, 0xFB, 0x22, 0x7A, 0x94, 0x18, 0x5B,
    0x22, 0xAA, 0x1E, 0x8D, 0x1A, 0x75, 0xD4, 0xDC, 0x91, 0x7F, 0x5C, 0xB9, 0xE7, 0x0F, 0xCE, 0xCF,
    0xC9, 0xA5, 0xD0, 0x66, 0x83, 0x9E, 0x9F, 0xF5, 0x09, 0x21, 0x03, 0x27, 0xE5, 0xC0, 0xEA, 0x85,
    0xE7, 0x67, 0x31, 0x53, 0x47, 0xC8, 0xF3, 0xE3, 0xFA, 0x87, 0xF6, 0x45, 0xE4, 0xD2, 0xE7, 0x75,
    0x46, 0x68, 0x8D, 0x61, 0x1A, 0x5F, 0x9B, 0xC5, 0xCB, 0x88, 0x17, 0x27, 0xAF, 0xAA, 0xDD, 0x98,
    0xD7, 0x30, 0xB8, 0xA9, 0x1C, 0xC6, 0x2B, 0x72, 0xE8, 0xBF, 0xAB, 0x1C, 0x2E, 0xEE, 0x7C, 0x2B,
    0x39, 0xAC, 0x0F, 0xE4, 0x40, 0x9D, 0x9A, 0x7A, 0xDC, 0x66, 0xB8, 0xA2, 0x72, 0x59, 0xA6, 0x41,
    0x4D, 0x14, 0xD9, 0xEE, 0x09, 0x17, 0xDF, 0x7B, 0xF8, 0x32, 0x2D, 0xAA, 0xD1, 0xA7, 0x5F, 0xA8,
    0xED, 0xD8, 0xC1, 0xF3, 0xF8, 0xBE, 0x2C, 0xBA, 0x50, 0x16, 0x7D, 0x0A, 0x75, 0xD1, 0x6F, 0xE8,
    0x64, 0x1B, 0x15, 0x56, 0xAF, 0x19, 0x6F, 0xB5, 0x44, 0x09, 0xBF, 0x27, 0x06, 0xBC, 0x71, 0xCB,
    0x87, 0x85, 0x65, 0x7C, 0xAF, 0x9F, 0x1D, 0xBA, 0xBB, 0x0A, 0xA1, 0x0F, 0xDD, 0xA7, 0x10, 0xD2,
    0x2C, 0x77, 0xB5, 0x4A, 0xA9, 0x7C, 0x3C, 0x47, 0x6F, 0x9E, 0x5F, 0xBB, 0x74, 0xE6, 0xC5, 0x40,
    0x2B, 0x53, 0xD4, 0x14, 0xF3, 0x07, 0xE3, 0xD6, 0xEA, 0x8E, 0xF2, 0xED, 0x0E, 0x8B, 0xDC, 0xFF,
    0x05, 0x82, 0xC0, 0x60, 0x1F, 0x17, 0x38, 0x12, 0x19, 0xCC, 0x2F, 0x73, 0xFD, 0x58, 0x12, 0x93,
    0x47, 0x8C, 0x76, 0x9C, 0x64, 0x30, 0x44, 0x3C, 0x64, 0x9B, 0xC4, 0x6B, 0x29, 0x11, 0x3F, 0xA6,
    0x21, 0x51, 0x64, 0x70, 0xBD, 0x22, 0x94, 0x83, 0x21, 0xFD, 0xD3, 0x11, 0x84, 0x0C, 0x43, 0x44,
    0x87, 0xA7, 0x16, 0x36, 0x8C, 0x0E, 0x82, 0x83, 0x22, 0x0C, 0x1D, 0x9C, 0xAB, 0x6A, 0xF0, 0x48,
    0xE4, 0x6F, 0xFC, 0xCE, 0x92, 0xE8, 0xBC, 0x69, 0xC8, 0x74, 0x8F, 0x70, 0x8A, 0xAB, 0x7F, 0x5A,
    0x4E, 0xED, 0x12, 0x95, 0x1B, 0xC2, 0x08, 0x90, 0xF3, 0x25, 0xD0, 0xB7, 0x4F, 0xC0, 0xF4, 0x29,
    0x70, 0xB3, 0xB7, 0x9E, 0x2A, 0x06, 0x9A, 0x2A, 0xA6, 0x0E, 0x0D, 0x24, 0x6F, 0xD0, 0x30, 0xD3,
    0x38, 0x11, 0xAA, 0x2D, 0x72, 0x98, 0xC1, 0x76, 0xD1, 0x80, 0x2B, 0xB3, 0xA3, 0xF3, 0x83, 0x40,
    0x22, 0x07, 0xA6, 0x72, 0xDA, 0x69, 0x82, 0x59, 0x33, 0xFA, 0x0E, 0x4A, 0x8A, 0x0E, 0x73, 0x96,
    0xF5, 0xE8, 0x5C, 0xFB, 0xA4, 0x47, 0x6D, 0x87, 0x52, 0x31, 0x1D, 0x14, 0x0E, 0xD9, 0x98, 0x75,
    0xF0, 0xE1, 0x21, 0xD7, 0x7E, 0xDE, 0xE3, 0xFC, 0xAC, 0x73, 0xEB, 0xC9, 0xB3, 0xD9, 0xD0, 0x31,
    0xC8, 0xC5, 0x29, 0xCA, 0x4D, 0x1B, 0xF0, 0xD3, 0x4E, 0x75, 0x6C, 0xB4, 0xD6, 0x11, 0xFA, 0xC0,
    0x09, 0x59, 0xA2, 0x79, 0x32, 0xED, 0x5D, 0xBD, 0x37, 0x98, 0x45, 0x00, 0xDF, 0x09, 0x41, 0xF9,
    0x43, 0x64, 0x75, 0x92, 0xEA, 0xFC, 0x1C, 0x47, 0x7C, 0x48, 0x9B, 0x69, 0xD5, 0x64, 0xE7, 0x94,
    0xD5, 0xA0, 0x68, 0x3A, 0x6F, 0x28, 0x8C, 0xC7, 0xF2, 0x91, 0x54, 0x65, 0x1C, 0xE0, 0x20, 0xAE,
    0xAE, 0x59, 0x9B, 0x88, 0x7D, 0xFA, 0xCB, 0x4C, 0x10, 0x7E, 0x60, 0xE3, 0xA9, 0x46, 0xB7, 0xB2,
    0x31, 0x0C, 0x22, 0xFA, 0xCD, 0xCA, 0xA9, 0x5B, 0x34, 0x2E, 0x8E, 0x44, 0x68, 0xFC, 0xF2, 0xCF,
    0x39, 0x51, 0xE7, 0x03, 0xBD, 0x8F, 0xB5, 0x34, 0xB0, 0x01, 0x91, 0x7E, 0x22, 0x79, 0x69, 0xD4,
    0xC1, 0x40, 0x0D, 0x3B, 0xD1, 0x59, 0x70, 0x39, 0xD1, 0x4E, 0x76, 0x1C, 0x7E, 0x20, 0xDF, 0x90,
    0x75, 0xCD, 0x38, 0x45, 0xA5, 0x03, 0xDE, 0xDE, 0xAD, 0x2D, 0x70, 0xC4, 0x88, 0x72, 0x3C, 0x5F,
    0x4E, 0x8F, 0x4B, 0x34, 0xC4, 0x2D, 0xBF, 0x5F, 0xD4, 0x44, 0x4A, 0x1D, 0xE8, 0xE9, 0x54, 0x7F,
    0x06, 0xDF, 0x6C, 0xED, 0xD8, 0xEA, 0x84, 0xCD, 0x82, 0x70, 0x7A, 0xF6, 0x82, 0xE8, 0x87, 0x8C,
    0x56, 0x3E, 0x9F, 0x6D, 0xC0, 0xA2, 0x1F, 0x35, 0xF6, 0x33, 0x96, 0xFD, 0xC8, 0x85, 0x88, 0xD9,
    0xCA, 0x67, 0xDA, 0x0B, 0xCC, 0x30, 0x6B, 0xB0, 0xA6, 0xDF, 0x38, 0xA2, 0x9C, 0xBF, 0x0D, 0x52,
    0x2F, 0x88, 0x44, 0xE4, 0x0D, 0x7E, 0x82, 0xB1, 0x2F, 0x1D, 0xC3, 0x82, 0xF4, 0x0B, 0xD2, 0x2E,
    0x88, 0x8B, 0xC8, 0x39, 0x91, 0x7F, 0x03, 0x4D, 0xD0, 0x31, 0x4E, 0xC3, 0x30, 0x14, 0x06, 0xE0,
    0x97, 0x46, 0x80, 0xC4, 0xF2, 0x8E, 0x10, 0x6E, 0xC0, 0x11, 0xDC, 0xBD, 0x87, 0xE8, 0x11, 0x7A,
    0x84, 0x54, 0x2C, 0x1D, 0xE1, 0x08, 0xEC, 0x0C, 0x1C, 0xC1, 0x91, 0x32, 0x30, 0x62, 0xC4, 0x01,
    0x1A, 0x89, 0xEE, 0x8D, 0x14, 0x0F, 0xA9, 0xF2, 0xEC, 0x9F, 0xE7, 0x34, 0x09, 0xD8, 0x8B, 0x3F,
    0xD9, 0x7A, 0x7E, 0xFF, 0x23, 0xDA, 0xE1, 0x85, 0x96, 0x75, 0x07, 0x84, 0x3F, 0x19, 0x00, 0xD5,
    0x22, 0x05, 0xDA, 0x19, 0x79, 0x92, 0xDC, 0xAC, 0xAF, 0x62, 0x9C, 0xA8, 0x0C, 0x3C, 0xDD, 0x16,
    0x48, 0x85, 0xB8, 0xE7, 0xF1, 0xD6, 0x08, 0x51, 0x86, 0x8D, 0xF0, 0x58, 0xC9, 0xF8, 0x55, 0x24,
    0x7B, 0x88, 0xDC, 0x78, 0x95, 0x6D, 0x0B, 0xB8, 0xB2, 0x06, 0x7B, 0xB9, 0x5F, 0x93, 0x75, 0x06,
    0xAD, 0xA9, 0xF1, 0x2C, 0xE0, 0x3D, 0xA1, 0xB2, 0x79, 0xAF, 0xFA, 0x14, 0x6C, 0x9B, 0x07, 0x54,
    0x42, 0xA2, 0x3A, 0x46, 0x1C, 0xD1, 0x5E, 0xF5, 0x81, 0xF3, 0xD8, 0x13, 0xAA, 0x90, 0x89, 0x3D,
    0x00, 0x93, 0xF0, 0xD6, 0x63, 0x33, 0xE0, 0x3C, 0xC0, 0x3A, 0xDD, 0x18, 0xC0, 0x1D, 0xDE, 0x3B,
    0x0D, 0x66, 0x1B, 0x8D, 0x24, 0x8F, 0x1D, 0xB6, 0x9D, 0x76, 0x65, 0xF4, 0x77, 0x78, 0xF3, 0x8D,
    0xE2, 0xC7, 0xA7, 0x3E, 0x35, 0xBC, 0x43, 0x8D, 0xE2, 0xEB, 0x55, 0x33, 0x44, 0xDA, 0x5D, 0x72,
    0x3C, 0xC5, 0xB1, 0x6D, 0x4E, 0x63, 0x28, 0xB0, 0x92, 0x29, 0x7B, 0xA0, 0x5B, 0x84, 0x49, 0xD9,
    0xF8, 0xAD, 0x9F, 0x07, 0x53, 0x26, 0xB9, 0x59, 0x9C, 0xB4, 0x4C, 0x30, 0xFB, 0xFF, 0x90, 0xB4,
    0xC6, 0x65, 0x39, 0xFF, 0x02, 0xED, 0x99, 0xB1, 0x72, 0xDC, 0x36, 0x10, 0x86, 0x41, 0x72, 0xE4,
    0x9B, 0x11, 0x0B, 0x56, 0x69, 0xEC, 0x82, 0x7D, 0x1A, 0x3E, 0x02, 0xF8, 0x08, 0x2A, 0x74, 0x95,
    0x8B, 0x3C, 0x82, 0x1E, 0x81, 0xEC, 0x52, 0xA4, 0xC9, 0x23, 0xA8, 0xF6, 0x4B, 0x90, 0x8F, 0x70,
    0x93, 0x36, 0x0D, 0x0B, 0x3B, 0x6D, 0x50, 0x30, 0x33, 0x74, 0x42, 0x12, 0xC1, 0xEE, 0xBF, 0xC0,
    0x91, 0xD4, 0x9D, 0xAC, 0x28, 0x72, 0x72, 0xF6, 0x98, 0xC5, 0xAD, 0x74, 0x02, 0x97, 0xC0, 0xFE,
    0x1F, 0x17, 0xBB, 0x90, 0x52, 0x4A, 0x77, 0x8A, 0xAF, 0x66, 0x84, 0xB5, 0x96, 0x4D, 0x64, 0x6D,
    0x49, 0x36, 0xB1, 0xB6, 0x16, 0xDB, 0x92, 0x4D, 0xAD, 0x3D, 0x90, 0xCD, 0xAC, 0x35, 0x64, 0xF3,
    0xB9, 0xE9, 0xC9, 0xEA, 0x49, 0x0F, 0x6C, 0x47, 0xCD, 0x8E, 0x9A, 0x3E, 0x9F, 0xD8, 0x9D, 0xC9,
    0x2C, 0xBB, 0xEB, 0x52, 0xB2, 0xB1, 0x3D, 0xEC, 0xC8, 0x61, 0x62, 0xDB, 0x84, 0x1C, 0xA6, 0xB6,
    0x8C, 0xC8, 0x21, 0x0D, 0x22, 0x87, 0xF9, 0xEC, 0x6E, 0x75, 0xB6, 0xB0, 0xEE, 0x72, 0x0E, 0x35,
    0x59, 0xE7, 0xB0, 0x21, 0x3B, 0xD1, 0xEC, 0xE8, 0xA2, 0xD9, 0xB1, 0x8D, 0xED, 0x1F, 0xFB, 0xFD,
    0x0F, 0xB6, 0x4E, 0xC8, 0xC7, 0xCE, 0xB6, 0x3B, 0xF2, 0xE9, 0x7E, 0xC9, 0xE8, 0x19, 0xB1, 0x35,
    0x39, 0x9E, 0x6D, 0x0A, 0x5E, 0x94, 0x1D, 0xF4, 0x8C, 0xA5, 0x56, 0x23, 0xE6, 0xAC, 0xCE, 0x5F,
    0x6F, 0xDE, 0xC3, 0x56, 0xD3, 0x2A, 0x2E, 0x0F, 0xAC, 0xFF, 0x3B, 0xC6, 0xBF, 0xA1, 0x70, 0x45,
    0x3C, 0xE7, 0x1D, 0xCF, 0x30, 0xA7, 0xCF, 0x96, 0x97, 0xD1, 0x69, 0xBB, 0x7F, 0x6B, 0x8D, 0x8B,
    0x4F, 0x84, 0xD8, 0xB9, 0xCF, 0x3B, 0xFB, 0xDE, 0x1A, 0x1E, 0x69, 0x78, 0xA4, 0xE1, 0x91, 0x86,
    0x97, 0x6B, 0xD8, 0x89, 0xB1, 0x3D, 0x8D, 0x74, 0x63, 0x23, 0xFE, 0x99, 0xBE, 0x99, 0xF7, 0x95,
    0x1F, 0xA3, 0xFD, 0xBD, 0x73, 0x43, 0x7E, 0x86, 0x86, 0x7C, 0xD6, 0x8D, 0x39, 0xBF, 0x24, 0x4C,
    0x18, 0xD3, 0x5F, 0x7E, 0xE2, 0x7B, 0x59, 0xF6, 0x1D, 0x56, 0x15, 0x8B, 0xFA, 0x3B, 0xAF, 0xFA,
    0x0C, 0xCF, 0x99, 0xC9, 0xD8, 0x5E, 0xDD, 0x64, 0xF2, 0xA4, 0x5C, 0x6C, 0x03, 0x9C, 0x12, 0xDC,
    0xE7, 0x6E, 0xC0, 0xD7, 0x99, 0xD0, 0x75, 0x75, 0x7B, 0x3A, 0xDA, 0x45, 0x0F, 0xAB, 0x65, 0x7C,
    0x25, 0xD1, 0x6D, 0xC4, 0x8F, 0xD0, 0x17, 0xC9, 0x3C, 0x1C, 0x8D, 0x9D, 0xCC, 0xCB, 0x80, 0xCA,
    0x8A, 0x1D, 0x64, 0x13, 0xE8, 0xCB, 0xC7, 0x02, 0x0A, 0x8F, 0x39, 0x3B, 0xAC, 0x7A, 0xA6, 0xD0,
    0xA1, 0x95, 0x62, 0xC5, 0x1D, 0x4F, 0xD0, 0xA1, 0x97, 0x80, 0x98, 0x36, 0x02, 0x41, 0xB5, 0x22,
    0xC7, 0x8E, 0x4A, 0xA6, 0x30, 0xA3, 0xE0, 0x3A, 0xC7, 0xB9, 0x50, 0xE8, 0x69, 0xAC, 0xC8, 0xCE,
    0x42, 0x25, 0x91, 0xCB, 0x14, 0x96, 0x2C, 0x6B, 0x46, 0x34, 0x76, 0x2B, 0x1A, 0x53, 0xB2, 0x31,
    0xBD, 0x09, 0x25, 0xD3, 0x98, 0x6F, 0x68, 0x54, 0x51, 0xF3, 0x11, 0xAF, 0x56, 0xCD, 0xCF, 0x72,
    0x33, 0xD1, 0x7F, 0xD2, 0xF3, 0x75, 0x4B, 0xE1, 0xFD, 0xAE, 0x44, 0x90, 0x11, 0x62, 0x0E, 0x70,
    0xCA, 0x61, 0x29, 0x58, 0x24, 0xCD, 0x5F, 0x7F, 0x7F, 0xBF, 0x15, 0xFB, 0xB2, 0x48, 0xC4, 0x73,
    0xDC, 0x9D, 0xED, 0x8A, 0x8F, 0x9D, 0xE8, 0x9C, 0xC9, 0x5B, 0x54, 0x70, 0x12, 0x29, 0x0C, 0x16,
    0x25, 0x39, 0x29, 0xB2, 0xB3, 0x0C, 0xC6, 0x5D, 0xD9, 0x04, 0x0A, 0x74, 0xAF, 0x7B, 0xA8, 0x99,
    0x8F, 0xF0, 0xE9, 0xDD, 0x9D, 0xB9, 0x2A, 0xC9, 0x75, 0xD6, 0xE7, 0xBA, 0x40, 0xB9, 0x4C, 0x0A,
    0x39, 0x2F, 0x3C, 0x47, 0xA8, 0xCB, 0x84, 0xBA, 0x62, 0xC2, 0x2A, 0xF4, 0x88, 0x55, 0x55, 0x43,
    0x35, 0x60, 0x6D, 0xA0, 0xCE, 0xE5, 0x99, 0x09, 0x39, 0x8E, 0x69, 0x73, 0x54, 0xB1, 0xDD, 0xD1,
    0xBC, 0x6A, 0xA6, 0x8A, 0x69, 0xCB, 0x28, 0x6F, 0x39, 0x87, 0xC5, 0x8C, 0xF0, 0x23, 0x70, 0x42,
    0xD5, 0x20, 0x54, 0x8D, 0x92, 0xEB, 0x26, 0xC9, 0x75, 0xB3, 0x73, 0xF7, 0x81, 0x28, 0x53, 0x3B,
    0xF8, 0x28, 0x53, 0xE4, 0xCF, 0x96, 0xA9, 0x72, 0x94, 0xE5, 0x78, 0x66, 0xC7, 0x54, 0x39, 0xC7,
    0xC8, 0x6E, 0xB6, 0x47, 0x10, 0x65, 0xC9, 0x58, 0x80, 0xA8, 0x90, 0x60, 0xB9, 0x78, 0x25, 0xFC,
    0x2B, 0xCA, 0x6F, 0x62, 0x0E, 0x01, 0x90, 0xD2, 0x25, 0x4C, 0x12, 0xA5, 0x14, 0x41, 0xC9, 0x47,
    0x0E, 0xA6, 0x48, 0x60, 0x3B, 0x12, 0x30, 0x26, 0xE4, 0xCF, 0xE6, 0x53, 0x8B, 0x37, 0x8E, 0x97,
    0x06, 0x22, 0x05, 0x49, 0x04, 0xA0, 0x53, 0x80, 0x52, 0x1D, 0xA9, 0xE4, 0xD9, 0x32, 0x97, 0xB8,
    0xC1, 0xE0, 0x06, 0xE3, 0x23, 0x06, 0xEE, 0x14, 0xE0, 0x54, 0xA0, 0x53, 0x01, 0x4F, 0x05, 0x3E,
    0x15, 0x00, 0xF5, 0x23, 0x75, 0xF0, 0x42, 0x79, 0x4C, 0x20, 0x5D, 0x50, 0x2A, 0x91, 0x08, 0x74,
    0x7A, 0x5A, 0x95, 0xA7, 0x58, 0x4B, 0x9A, 0x62, 0xDE, 0x1C, 0xA6, 0xE9, 0xF4, 0x0D, 0xD3, 0x97,
    0xC7, 0x14, 0x32, 0x40, 0x04, 0x91, 0x00, 0xDB, 0x0A, 0xB2, 0x42, 0x3E, 0x10, 0xA0, 0xE9, 0xE8,
    0xF9, 0xB4, 0x53, 0x08, 0x0E, 0xE0, 0x04, 0x9B, 0x08, 0x3B, 0x93, 0x79, 0x16, 0xCC, 0xCB, 0x4A,
    0x92, 0xC5, 0xAC, 0x96, 0x9B, 0x5D, 0x2C, 0x9B, 0x5C, 0x32, 0x21, 0xFF, 0x47, 0xB7, 0xDB, 0xCD,
    0x96, 0xF5, 0x7E, 0x7D, 0xBF, 0x63, 0x1E, 0xF4, 0x98, 0x21, 0x1C, 0xF3, 0xF5, 0xFD, 0x82, 0x12,
    0x5F, 0xB0, 0xB9, 0xA0, 0x80, 0x0A, 0x83, 0xAD, 0xD1, 0xA9, 0x3F, 0xF3, 0x43, 0x6A, 0x49, 0x03,
    0x9F, 0xA2, 0x31, 0x14, 0x88, 0xB3, 0x2F, 0x10, 0x57, 0x34, 0x2E, 0x0A, 0x44, 0x4F, 0x23, 0xDF,
    0x98, 0x07, 0x1A, 0xB1, 0x45, 0xEB, 0xC1, 0x17, 0x88, 0x32, 0x0F, 0x93, 0x83, 0x84, 0xCE, 0xD3,
    0x98, 0x82, 0x94, 0x36, 0xD9, 0xD0, 0x18, 0x91, 0x43, 0x1A, 0x6C, 0x7D, 0x81, 0xD8, 0x0B, 0x95,
    0x83, 0x50, 0xB9, 0xA5, 0x31, 0x14, 0x88, 0x2A, 0x41, 0x91, 0x59, 0x33, 0x95, 0x3B, 0xA2, 0xB1,
    0x96, 0x42, 0xB1, 0xE4, 0xAD, 0xB9, 0x90, 0x42, 0x11, 0x5B, 0xB2, 0x1D, 0x50, 0x20, 0x62, 0xC9,
    0x22, 0x0B, 0xD6, 0x25, 0xA2, 0x88, 0x26, 0x41, 0x12, 0x51, 0xA4, 0x71, 0x4F, 0xB9, 0xBE, 0xE7,
    0x80, 0xEA, 0x81, 0x08, 0x55, 0xCD, 0x94, 0x1A, 0xBE, 0xAB, 0xC4, 0x1B, 0xDB, 0x72, 0x62, 0xA8,
    0x90, 0x5D, 0x79, 0xB7, 0x6B, 0x4C, 0xC8, 0x9D, 0xE5, 0x97, 0x9B, 0x3B, 0x6F, 0xD4, 0x1E, 0xEA,
    0x97, 0x8C, 0x85, 0xB6, 0x7F, 0xA1, 0xA8, 0xB4, 0x48, 0x5E, 0xF6, 0x47, 0x0B, 0x38, 0x55, 0x75,
    0x58, 0x2D, 0xED, 0x5A, 0xEA, 0x16, 0xBD, 0xA6, 0x2B, 0x3E, 0xE6, 0xB8, 0x35, 0xBD, 0x7D, 0x2E,
    0xF4, 0xA6, 0x2F, 0x45, 0xEF, 0xB9, 0xF6, 0xA6, 0x93, 0xF6, 0x66, 0x4D, 0x6F, 0x68, 0x6F, 0x0A,
    0xDF, 0xDE, 0x2C, 0xE9, 0xE5, 0xF6, 0xA6, 0x3C, 0xB6, 0x37, 0xEE, 0x97, 0xF8, 0x93, 0xF4, 0x8E,
    0x1B, 0x7A, 0xE7, 0xD0, 0xE6, 0x08, 0xBD, 0x25, 0xD3, 0x9B, 0x4A, 0x41, 0x79, 0xA4, 0xB7, 0x5B,
    0xD1, 0xEB, 0x64, 0x0B, 0xF4, 0xF2, 0xDC, 0x1C, 0xC3, 0xBB, 0x89, 0x64, 0x29, 0x6C, 0x6B, 0xF1,
    0x0C, 0x37, 0xF1, 0xDF, 0xB9, 0x8D, 0x8A, 0x49, 0x8E, 0xFD, 0x52, 0x0C, 0x08, 0x21, 0x19, 0x75,
    0x0E, 0x12, 0x00, 0x59, 0x10, 0xAB, 0x7B, 0x02, 0xB6, 0x91, 0x8C, 0x9A, 0x5C, 0x7C, 0x46, 0x7D,
    0xC0, 0x96, 0x3D, 0xD9, 0xD4, 0xE4, 0x93, 0x68, 0xEB, 0xD9, 0xF2, 0xAD, 0x6A, 0xEB, 0xEB, 0x80,
    0x33, 0xD7, 0xB7, 0xD6, 0xF9, 0x25, 0x5B, 0x67, 0xF5, 0xFA, 0xE7, 0x05, 0x81, 0x13, 0x02, 0xB7,
    0xD8, 0xD3, 0xA9, 0x04, 0x70, 0x9B, 0xD7, 0xC0, 0x5B, 0xD7, 0x84, 0x57, 0xFF, 0xF2, 0xF7, 0xF4,
    0xE7, 0xB7, 0xE0, 0xBE, 0xFA, 0x0E, 0xC5, 0xA7, 0x14, 0xA3, 0xB1, 0x40, 0xE9, 0x57, 0x9F, 0x0A,
    0x7D, 0xD9, 0x70, 0x52, 0x0C, 0xFF, 0xA2, 0x7A, 0xEB, 0xE8, 0x9A, 0x97, 0x99, 0xB9, 0xB0, 0xC8,
    0xCC, 0xA9, 0x64, 0x3C, 0xD5, 0xCC, 0x8F, 0x16, 0xA7, 0xA1, 0x06, 0xF6, 0xEA, 0x35, 0x41, 0xD5,
    0x52, 0xE8, 0x6F, 0x97, 0xD4, 0xFB, 0x56, 0x3D, 0x15, 0xEA, 0x33, 0xA1, 0xDE, 0xBD, 0x75, 0x2B,
    0xEA, 0xDD, 0x6E, 0x88, 0x62, 0x5A, 0x5A, 0xF5, 0x25, 0xFD, 0x0B, 0xEA, 0xD9, 0x1E, 0x84, 0xFE,
    0x6E, 0x41, 0xFF, 0x86, 0x7A, 0x2D, 0xD4, 0x37, 0xEB, 0x8C, 0x1A, 0x85, 0x8C, 0xCA, 0x6D, 0x7E,
    0xEB, 0xE9, 0x4F, 0xE1, 0xBB, 0x5B, 0xD1, 0xEF, 0x32, 0x6A, 0xA0, 0xFF, 0x58, 0xE8, 0x63, 0xFD,
    0x10, 0x45, 0x4A, 0x82, 0x32, 0xC8, 0x01, 0x31, 0x1E, 0x48, 0x81, 0xE0, 0xCB, 0xE7, 0x81, 0x6A,
    0x51, 0xC8, 0xA0, 0x79, 0xAE, 0x39, 0xEF, 0x05, 0x92, 0x8E, 0xEE, 0x3E, 0xAA, 0x0B, 0xA7, 0x3A,
    0x17, 0xE0, 0xD2, 0x59, 0xAD, 0x40, 0x8C, 0x7C, 0xB6, 0xF4, 0x5D, 0x93, 0xCF, 0x8F, 0xB9, 0xF9,
    0x46, 0xE6, 0xE7, 0x27, 0x13, 0xE5, 0x34, 0x0E, 0xDC, 0x10, 0x50, 0x11, 0x04, 0xAB, 0x85, 0x18,
    0x0F, 0xA4, 0xF8, 0xAA, 0xC8, 0xFC, 0xE7, 0x1D, 0x54, 0x73, 0x90, 0x96, 0xBD, 0x5C, 0xE5, 0xD0,
    0xEB, 0xF5, 0x69, 0xDA, 0xBB, 0x3A, 0x7E, 0xB7, 0x22, 0xF6, 0xB0, 0x5B, 0x11, 0x8B, 0x60, 0xF9,
    0x70, 0x1D, 0x2B, 0x8B, 0x40, 0xE2, 0xE7, 0x22, 0x56, 0x8E, 0x3D, 0xF3, 0x59, 0x2A, 0x88, 0xC9,
    0x1F, 0x7B, 0xE2, 0x3C, 0xAD, 0x19, 0x3C, 0xB1, 0xA9, 0xEC, 0xE6, 0x89, 0xF4, 0x3D, 0x9E, 0xD8,
    0x18, 0xC4, 0xE2, 0xD8, 0xF3, 0x39, 0xC4, 0xBE, 0x25, 0x62, 0x0D, 0x93, 0xCA, 0xC4, 0x26, 0x42,
    0x6C, 0x2C, 0xC4, 0xF2, 0x71, 0x67, 0x79, 0x82, 0x58, 0xAA, 0x23, 0xF8, 0x3D, 0xC3, 0x2E, 0x8F,
    0xC3, 0x8C, 0xB4, 0xD7, 0x2D, 0x9D, 0x2A, 0x6B, 0x5E, 0x6E, 0xD5, 0x06, 0x88, 0x91, 0x6B, 0xB2,
    0x7E, 0x23, 0x0E, 0x84, 0x79, 0x12, 0xBD, 0x67, 0xA4, 0xB8, 0x20, 0x7A, 0x5F, 0xCD, 0xCA, 0x22,
    0xEF, 0xFD, 0xB2, 0xEA, 0x9D, 0x9A, 0x5F, 0x41, 0x97, 0x95, 0x53, 0x90, 0xBD, 0xBA, 0x3A, 0xB9,
    0x94, 0xFF, 0x91, 0xD2, 0x7A, 0x43, 0xE9, 0x61, 0x93, 0x57, 0x8D, 0xF4, 0x70, 0xEB, 0xBC, 0x2A,
    0x3D, 0x54, 0x83, 0x1E, 0x4A, 0x49, 0x0F, 0x15, 0x51, 0x2D, 0xBA, 0xCA, 0xAB, 0xA5, 0x50, 0x8A,
    0x1E, 0x2A, 0x9B, 0x17, 0x94, 0xF6, 0x1B, 0x4A, 0xC7, 0x13, 0x94, 0x7E, 0x38, 0xF6, 0x50, 0x7C,
    0x38, 0xDF, 0x4A, 0x5E, 0x5D, 0x9F, 0x00, 0x84, 0x7A, 0x77, 0xDE, 0xEE, 0xF8, 0x37, 0x72, 0x34,
    0x68, 0xE9, 0x19, 0xBF, 0x59, 0x2F, 0x8C, 0xFD, 0x89, 0x3B, 0x36, 0x11, 0xE5, 0xEA, 0xA4, 0x18,
    0x5F, 0x09, 0x99, 0x4F, 0x25, 0xCB, 0xEF, 0xD8, 0xFF, 0x59, 0xFE, 0x0B, 0x3B, 0xB6, 0xDE, 0x90,
    0x95, 0x7B, 0xB2, 0xEC, 0xA2, 0xA3, 0x8B, 0x36, 0x1D, 0x94, 0x4B, 0x86, 0x9E, 0x2C, 0xE5, 0xC9,
    0x6A, 0xFE, 0xCD, 0x8E, 0xDD, 0x1E, 0xF3, 0xDF, 0xA2, 0x3B, 0x3F, 0xBD, 0x63, 0x57, 0xE3, 0x8B,
    0x77, 0x50, 0x8F, 0x33, 0x07, 0x71, 0xBE, 0x18, 0xE6, 0x9E, 0xDF, 0x3B, 0x41, 0x9E, 0xFA, 0x51,
    0xE3, 0x94, 0xDB, 0xEF, 0xD5, 0xE2, 0xA8, 0xEC, 0x89, 0x06, 0x44, 0x3C, 0x6A, 0xC8, 0xF5, 0xED,
    0x33, 0x5C, 0xCB, 0x94, 0x56, 0xF3, 0xC4, 0x3F, 0x18, 0x6B, 0x0D, 0x93, 0xC2, 0x9C, 0x61, 0xE6,
    0x15, 0xCA, 0x33, 0xEC, 0xB6, 0x4E, 0xF3, 0xF6, 0xA1, 0x91, 0xBF, 0xF1, 0xC8, 0xBF, 0x01, 0xED,
    0x99, 0x3D, 0x6E, 0xE3, 0x56, 0x10, 0xC7, 0x47, 0x24, 0x2C, 0x01, 0x56, 0xC1, 0x26, 0xDB, 0xC4,
    0x05, 0xFB, 0x34, 0x3C, 0x02, 0xD5, 0x6D, 0xEB, 0xC2, 0xCA, 0x16, 0xB9, 0x41, 0x1A, 0x1F, 0x81,
    0x3A, 0x82, 0x9B, 0xF4, 0x2A, 0x52, 0x04, 0x6E, 0xF6, 0x08, 0xE4, 0x11, 0x98, 0x1B, 0x08, 0x81,
    0xAB, 0xA4, 0x88, 0xB0, 0x60, 0x00, 0x3A, 0x4B, 0x72, 0x32, 0x33, 0xFF, 0x79, 0x92, 0x6C, 0xCB,
    0x86, 0xD7, 0xC6, 0x06, 0x4A, 0x64, 0x7A, 0xF1, 0x66, 0xD7, 0x7C, 0x1C, 0x3E, 0xCE, 0xFB, 0xCD,
    0xC7, 0x9B, 0xA5, 0x29, 0xF3, 0x15, 0x51, 0xC9, 0xDC, 0xD3, 0x84, 0xE5, 0x5A, 0x24, 0x3A, 0xD6,
    0xB9, 0x8E, 0xEB, 0x82, 0x7F, 0xFA, 0xC0, 0x6D, 0xD9, 0x11, 0x71, 0xC7, 0x2D, 0x51, 0xDE, 0x71,
    0x63, 0xA3, 0x5E, 0x8F, 0x8F, 0x6B, 0x92, 0x4B, 0x67, 0xBE, 0xBB, 0x60, 0x79, 0xB6, 0xE8, 0x44,
    0xCF, 0xF7, 0xDC, 0x99, 0xCE, 0x36, 0x35, 0xCD, 0xF6, 0xAE, 0x8A, 0x64, 0x18, 0x88, 0xCE, 0x6C,
    0x0D, 0x7B, 0xAE, 0xB3, 0x1B, 0x1D, 0x8B, 0xDE, 0xF4, 0xF1, 0xFD, 0x11, 0xBF, 0xC7, 0x9C, 0xCB,
    0x61, 0x26, 0x63, 0xC4, 0xBC, 0x12, 0x21, 0xCA, 0xE5, 0xE5, 0x94, 0x0C, 0x1F, 0x3B, 0x15, 0xEB,
    0x58, 0xC5, 0xC9, 0xB9, 0x09, 0xA2, 0x29, 0x44, 0xA1, 0x53, 0x28, 0xE6, 0x5A, 0x45, 0x62, 0x0A,
    0x29, 0xC1, 0xAD, 0x93, 0x8B, 0x07, 0x2B, 0xB1, 0x2F, 0xE3, 0xC5, 0x93, 0xE2, 0xAF, 0xB9, 0x5C,
    0x84, 0xAF, 0xFF, 0x12, 0x61, 0x46, 0x7B, 0x5A, 0xA8, 0xEA, 0x8B, 0x17, 0xA8, 0xF6, 0x25, 0xDD,
    0x59, 0x67, 0x09, 0x91, 0x43, 0x4C, 0x21, 0x68, 0x54, 0xDE, 0xAA, 0x6D, 0xF4, 0xAF, 0x24, 0x5B,
    0x24, 0x56, 0xC9, 0xFF, 0x2E, 0x45, 0x4B, 0x5E, 0x25, 0x32, 0xBE, 0x9B, 0x25, 0xA6, 0x31, 0xB5,
    0xB1, 0x5C, 0xD9, 0x54, 0x99, 0x49, 0x99, 0xED, 0x41, 0x6E, 0xBF, 0xFE, 0x6E, 0x79, 0xCF, 0x68,
    0x87, 0xC3, 0xD6, 0xB4, 0xA7, 0x6B, 0x59, 0x6E, 0xC1, 0xBF, 0xCA, 0x0D, 0xC2, 0x17, 0x47, 0x2A,
    0x94, 0x80, 0xF7, 0xB2, 0x3E, 0x8A, 0xAE, 0xE9, 0x72, 0x45, 0xFB, 0xAF, 0xFF, 0xFD, 0xE6, 0x9F,
    0xB5, 0x31, 0xAB, 0x75, 0xDE, 0x33, 0xC1, 0x6C, 0x91, 0xBD, 0x59, 0x4D, 0xD3, 0xA8, 0x65, 0x8A,
    0xBD, 0xEE, 0x79, 0x58, 0xA1, 0x23, 0x6F, 0x4D, 0x94, 0xFE, 0xF1, 0x35, 0xBC, 0x5B, 0x19, 0x95,
    0xD5, 0xC1, 0xBB, 0x95, 0xD5, 0xA4, 0x4D, 0x75, 0x62, 0x3E, 0x60, 0x36, 0x7B, 0xD8, 0xA8, 0x6D,
    0x5A, 0xA1, 0x0F, 0xA7, 0x5D, 0xDA, 0x19, 0xD3, 0x53, 0x36, 0x45, 0x11, 0x94, 0x1C, 0x21, 0x16,
    0xDB, 0xA7, 0x46, 0xEA, 0x36, 0x0F, 0xEC, 0x89, 0x68, 0x99, 0xA9, 0x3D, 0xB3, 0x95, 0xC5, 0x80,
    0xB2, 0xC5, 0xEC, 0x1E, 0xB3, 0x6D, 0x5E, 0x32, 0xD8, 0xC3, 0x59, 0x67, 0x61, 0xA3, 0x58, 0xDB,
    0x46, 0x71, 0xAD, 0xBB, 0x21, 0xFA, 0x5C, 0xD7, 0xA3, 0x78, 0x81, 0x2F, 0x07, 0x8C, 0x40, 0x18,
    0x01, 0x31, 0x02, 0x63, 0x04, 0xC8, 0x08, 0x94, 0x11, 0x30, 0x7B, 0x96, 0x05, 0xDD, 0x20, 0x46,
    0x1B, 0x01, 0x37, 0x02, 0x6F, 0x78, 0x43, 0x4B, 0x20, 0x8E, 0x1C, 0x39, 0x67, 0x6E, 0x0B, 0x5D,
    0x0C, 0xB3, 0x38, 0x6D, 0x81, 0x3D, 0x27, 0x31, 0xF5, 0x74, 0x33, 0x18, 0x75, 0xEA, 0x60, 0x6F,
    0xD4, 0x3D, 0x8F, 0x3A, 0x33, 0x81, 0xC3, 0xE6, 0xE4, 0x19, 0x3B, 0x94, 0x37, 0xC1, 0xB0, 0xD9,
    0x4A, 0x42, 0x3A, 0x70, 0x03, 0x6D, 0x80, 0x0D, 0xAC, 0x01, 0x35, 0x90, 0x66, 0xA0, 0x3D, 0xCA,
    0xD9, 0x41, 0x85, 0xB0, 0xD4, 0xB0, 0x20, 0x36, 0x0D, 0x91, 0xE2, 0x27, 0x9F, 0xD5, 0x4F, 0x14,
    0x8B, 0xD1, 0x85, 0x17, 0x2F, 0x13, 0x08, 0x35, 0xC4, 0xE9, 0x72, 0x64, 0x69, 0xBA, 0x8B, 0x07,
    0x63, 0x2A, 0xFA, 0x45, 0x6D, 0x61, 0x46, 0x8B, 0x51, 0x07, 0x25, 0x9D, 0x19, 0x2C, 0x6B, 0xD2,
    0xDE, 0x4C, 0x08, 0xB4, 0xAA, 0x40, 0xED, 0x51, 0x06, 0xB4, 0x6C, 0xF0, 0xF5, 0x54, 0xDB, 0x7A,
    0x31, 0xEE, 0xAD, 0xBA, 0x19, 0x5D, 0xA0, 0xC8, 0xF1, 0x2A, 0x87, 0x4A, 0xB1, 0xEE, 0xB7, 0x57,
    0x13, 0xDD, 0x95, 0xBC, 0x4D, 0x2C, 0x6A, 0xD9, 0x44, 0xB1, 0xEE, 0x0C, 0xEC, 0x54, 0x46, 0xA3,
    0xB9, 0x7D, 0xD1, 0xDC, 0x8F, 0x6B, 0xB3, 0xFF, 0x6C, 0x5C, 0xFB, 0x86, 0xE6, 0x06, 0xD1, 0xCC,
    0x5C, 0x8A, 0x3F, 0xAB, 0xC8, 0x6C, 0xB9, 0x94, 0xFF, 0xC6, 0x16, 0xA6, 0xAA, 0x6C, 0xB7, 0x58,
    0x1A, 0x2F, 0x77, 0x23, 0x5E, 0xCE, 0x6E, 0xE2, 0xC5, 0x4E, 0x94, 0x1B, 0x0C, 0xC5, 0xB4, 0xB3,
    0xA4, 0x91, 0x37, 0xE6, 0x8E, 0xE5, 0xEA, 0x78, 0xA3, 0xDC, 0xA4, 0x57, 0x23, 0x67, 0x5C, 0x59,
    0xE1, 0xA5, 0xC1, 0xAB, 0xFC, 0x53, 0x2D, 0xCC, 0x91, 0xEE, 0xF7, 0x9C, 0x8A, 0x7A, 0x63, 0x8B,
    0xD3, 0xE5, 0x36, 0xAB, 0xD8, 0x3E, 0x45, 0x06, 0xE0, 0xC4, 0xB6, 0x2E, 0xE9, 0x35, 0x7D, 0xE4,
    0x8D, 0x66, 0x61, 0x5E, 0x09, 0x7C, 0x91, 0x3A, 0xF8, 0xEC, 0xB0, 0x63, 0xDD, 0xF8, 0x67, 0x14,
    0x10, 0x83, 0xF3, 0x32, 0xBB, 0xE3, 0x92, 0x6B, 0x5B, 0xAC, 0x95, 0x69, 0x69, 0x67, 0xE9, 0xB3,
    0x68, 0xEC, 0x93, 0xC4, 0x59, 0x8F, 0x39, 0x74, 0xED, 0xB9, 0xC6, 0xB7, 0xBB, 0x99, 0x23, 0x87,
    0x75, 0xEE, 0x0A, 0xBF, 0xE7, 0x33, 0x9D, 0xA5, 0x6E, 0xC3, 0x12, 0x82, 0x19, 0x62, 0x59, 0xDA,
    0x29, 0x4B, 0x85, 0xB3, 0x34, 0xB5, 0xBC, 0x19, 0x1F, 0x7E, 0xDE, 0x7C, 0x69, 0xD7, 0x60, 0xCC,
    0x75, 0xC6, 0x6D, 0xC1, 0x3D, 0xFF, 0x21, 0xB7, 0x58, 0xF6, 0x41, 0xF2, 0xA7, 0xD6, 0x6B, 0xE2,
    0x6A, 0x40, 0x6D, 0xEE, 0x7E, 0x14, 0x5B, 0xD2, 0xFC, 0x7A, 0x7F, 0xC6, 0x7C, 0xF5, 0x6F, 0xAE,
    0x24, 0xEF, 0x5E, 0xF7, 0x13, 0xCC, 0x5C, 0xF4, 0x40, 0xB6, 0xE8, 0xCF, 0x6E, 0xD2, 0x66, 0xFB,
    0xAF, 0xB4, 0x01, 0x64, 0xAF, 0xD5, 0x49, 0xF4, 0x11, 0x7B, 0xAC, 0xBB, 0xDF, 0x23, 0x67, 0xEA,
    0xFE, 0xC7, 0x8C, 0xF4, 0x35, 0x75, 0xF7, 0x4B, 0xF9, 0x76, 0xFE, 0x83, 0x20, 0x91, 0xB3, 0x9D,
    0xF1, 0xA9, 0x18, 0xC0, 0x7D, 0x69, 0xED, 0x1F, 0x09, 0xB1, 0xAD, 0xD5, 0xD9, 0x95, 0x75, 0x85,
    0xE2, 0x1D, 0xB9, 0x7E, 0xA5, 0xBC, 0xAF, 0xCF, 0xDF, 0x13, 0xDE, 0x1B, 0xD6, 0x11, 0xD6, 0xA5,
    0xEB, 0xFC, 0x20, 0xEB, 0x0C, 0xEB, 0x0E, 0xDF, 0x11, 0xBE, 0x6B, 0xF3, 0x9D, 0xFA, 0x8B, 0x2B,
    0x7A, 0xEA, 0xBA, 0xC4, 0xED, 0x91, 0xBD, 0x5A, 0x5F, 0xDE, 0xED, 0x95, 0xE1, 0xBE, 0xCF, 0x9F,
    0x5A, 0xBD, 0x53, 0xAA, 0xFB, 0x98, 0x2B, 0xD5, 0xE6, 0xB6, 0x6B, 0x73, 0x31, 0xB8, 0x5B, 0x5F,
    0xCA, 0xFB, 0x8B, 0x41, 0xBF, 0x24, 0xB3, 0x2E, 0x5A, 0x6A, 0x0B, 0x4C, 0x1E, 0x1F, 0x31, 0xC7,
    0xE6, 0xE3, 0x59, 0xE8, 0x81, 0xCE, 0x64, 0xEB, 0xB6, 0xB5, 0xBB, 0x2D, 0xD6, 0xF0, 0xAA, 0x66,
    0xDF, 0x98, 0x6F, 0x70, 0xF2, 0x64, 0x24, 0x90, 0x82, 0x3D, 0x83, 0xFC, 0x8E, 0x90, 0xC7, 0x52,
    0x9F, 0xA8, 0x9C, 0xBB, 0x94, 0x19, 0x90, 0xA1, 0xDC, 0xF0, 0x22, 0x90, 0x4A, 0xB7, 0x4E, 0xC8,
    0x2A, 0xD7, 0xFB, 0xE3, 0xEC, 0xB1, 0x53, 0x78, 0x79, 0x8B, 0xC4, 0xBC, 0xB0, 0xA2, 0xA3, 0xD6,
    0xC4, 0xAD, 0x35, 0x6F, 0xB2, 0xD6, 0x6A, 0xF8, 0xE4, 0xFC, 0x85, 0xAD, 0xC1, 0x03, 0x22, 0x31,
    0x9C, 0x88, 0xC2, 0x21, 0xD1, 0x0B, 0x93, 0x50, 0xD0, 0xFA, 0x47, 0x84, 0x53, 0x68, 0x59, 0xD9,
    0xF4, 0x91, 0x3F, 0x3D, 0x71, 0x1F, 0x4B, 0x60, 0x34, 0xCA, 0x3F, 0x43, 0x4B, 0xF9, 0xC9, 0xA7,
    0x55, 0x38, 0x64, 0xC8, 0x0E, 0xA0, 0x2B, 0xBD, 0x51, 0x4B, 0x6F, 0xB4, 0xED, 0x8F, 0x79, 0xE8,
    0xCD, 0x13, 0x0C, 0xBC, 0xE9, 0x3D, 0xCD, 0x68, 0xD3, 0x1B, 0x40, 0xEF, 0x29, 0x6D, 0xB2, 0x66,
    0x53, 0xCD, 0x78, 0x9C, 0x00, 0xA6, 0xCE, 0xA9, 0x58, 0xDA, 0x6C, 0x9E, 0x37, 0x66, 0x72, 0xB6,
    0x13, 0xB0, 0x15, 0xC8, 0x8B, 0xC7, 0x0F, 0x67, 0x2B, 0x72, 0x30, 0x9D, 0x4C, 0x1C, 0xCE, 0xD6,
    0x38, 0x3A, 0xF9, 0x41, 0xAA, 0x27, 0x10, 0x46, 0xC0, 0x8D, 0xC0, 0x1E, 0x01, 0xC4, 0xA7, 0x85,
    0xCF, 0xC4, 0x73, 0xAE, 0xC5, 0x75, 0xFA, 0x1B, 0x92, 0x9D, 0xC3, 0x59, 0xBD, 0x39, 0x9C, 0x6D,
    0x69, 0xCD, 0xBA, 0xBB, 0x94, 0x06, 0x6A, 0xA3, 0x10, 0xC6, 0xBC, 0x1D, 0x45, 0x05, 0x5C, 0xB2,
    0x32, 0x2B, 0xBD, 0xE1, 0xFA, 0x95, 0x70, 0x75, 0x98, 0x46, 0xA1, 0x17, 0xB8, 0xA2, 0x6D, 0xAB,
    0x2A, 0xD8, 0xCE, 0x5A, 0xCF, 0x69, 0x83, 0x26, 0xE0, 0x91, 0xE1, 0xEA, 0x4D, 0xE1, 0xD0, 0x0E,
    0xF6, 0xFF, 0x63, 0x12, 0xED, 0x0D, 0xB2, 0xF3, 0xC9, 0xF9, 0x83, 0x2C, 0xAD, 0x9E, 0xFE, 0xE3,
    0x22, 0x45, 0x29, 0xB0, 0xCA, 0xC1, 0x23, 0xA6, 0x27, 0x5E, 0xD9, 0x64, 0xAE, 0xAD, 0xF8, 0xE4,
    0x39, 0xBF, 0x76, 0x6C, 0x17, 0x6F, 0xD8, 0x3E, 0x2F, 0xCA, 0x7E, 0x61, 0x27, 0xEC, 0x74, 0xF9,
    0xB0, 0x13, 0x86, 0x46, 0x84, 0x77, 0x22, 0x24, 0x26, 0x5B, 0x27, 0x0C, 0xBD, 0x08, 0xC9, 0x95,
    0x0A, 0xBD, 0xD0, 0xFB, 0x64, 0x27, 0xEC, 0xA0, 0xE9, 0xFD, 0x07, 0xED, 0x98, 0xBD, 0x6E, 0xE3,
    0x46, 0x10, 0x80, 0x97, 0x22, 0x62, 0x03, 0xA7, 0x82, 0xD5, 0x55, 0x29, 0xD8, 0x5F, 0xA3, 0x47,
    0xA0, 0xBA, 0x6B, 0x5D, 0x9C, 0x92, 0x22, 0x0F, 0xA1, 0x47, 0x20, 0xFB, 0x34, 0x6E, 0xD2, 0x5F,
    0x79, 0x77, 0x4D, 0xDE, 0xE0, 0x96, 0x8F, 0xA0, 0xBC, 0x81, 0x0A, 0xA7, 0x49, 0x8A, 0xB0, 0xD0,
    0x01, 0xBA, 0x80, 0xE4, 0x64, 0xFE, 0x49, 0xCA, 0x92, 0x63, 0xC0, 0x36, 0x60, 0x1B, 0x22, 0x20,
    0xCE, 0x42, 0xDC, 0x9F, 0xD9, 0x9D, 0x6F, 0x66, 0x67, 0x37, 0x84, 0x7C, 0x97, 0x7C, 0x08, 0xF8,
    0x44, 0x48, 0x5B, 0x14, 0x09, 0x00, 0x90, 0x9C, 0xA1, 0xDC, 0xA1, 0x4C, 0xDB, 0x39, 0x6C, 0xE9,
    0xFF, 0x0F, 0x09, 0x2C, 0xC3, 0xF8, 0x79, 0x57, 0x89, 0xE4, 0xCF, 0x58, 0x11, 0xF6, 0x2C, 0xE7,
    0xD0, 0xB1, 0x5C, 0x00, 0xB0, 0x2C, 0xBF, 0x41, 0xCD, 0xD5, 0x36, 0x71, 0xCB, 0xD5, 0xAA, 0x82,
    0xFA, 0xCD, 0x20, 0x64, 0x6D, 0xB8, 0xE3, 0xF9, 0x1D, 0xE0, 0x1A, 0x45, 0x8E, 0x7A, 0x74, 0xAC,
    0x1E, 0x3E, 0x35, 0x36, 0xA7, 0xA7, 0xC1, 0x51, 0x80, 0x15, 0xCD, 0xE1, 0xFB, 0xEA, 0x17, 0xE8,
    0x43, 0x01, 0xA8, 0x4D, 0x09, 0xA1, 0xEC, 0xB9, 0xCD, 0x32, 0xB6, 0x3C, 0x46, 0xCD, 0x4A, 0x5D,
    0xA2, 0xE4, 0xB9, 0x8C, 0x64, 0xF3, 0x40, 0x79, 0xD8, 0x9F, 0x8E, 0x63, 0xE3, 0x9A, 0x1E, 0xA6,
    0x17, 0xE9, 0xF9, 0x33, 0xEA, 0x69, 0x7A, 0xDB, 0x3C, 0x6C, 0x5E, 0x3E, 0x4F, 0xFA, 0x83, 0xE6,
    0x7D, 0xD9, 0x85, 0x15, 0x2D, 0x62, 0x0D, 0xD4, 0x9E, 0xD6, 0x32, 0xFE, 0x43, 0x15, 0x60, 0x46,
    0x43, 0xAD, 0x42, 0xB9, 0xF1, 0x95, 0x7A, 0xF3, 0x91, 0xDE, 0x05, 0xAF, 0x26, 0xF4, 0x62, 0xBB,
    0x25, 0x69, 0x43, 0xFD, 0x66, 0x5D, 0x89, 0xA3, 0x14, 0xBB, 0x05, 0xB6, 0x8A, 0xDB, 0xAC, 0xC7,
    0x8F, 0x75, 0x7A, 0x60, 0xC9, 0xA0, 0x86, 0x23, 0x4B, 0xE2, 0xF0, 0x3D, 0x35, 0x05, 0xD8, 0x64,
    0xAC, 0x62, 0xC1, 0x0A, 0x97, 0xF0, 0xDB, 0x4F, 0xD0, 0x45, 0x54, 0xA0, 0xEC, 0x49, 0x81, 0x05,
    0xD3, 0x91, 0xF3, 0x14, 0xB2, 0xD3, 0x6F, 0xA9, 0xC3, 0xF5, 0xA5, 0xAD, 0xF4, 0x23, 0x7D, 0x4A,
    0xFF, 0x32, 0x56, 0x00, 0x1A, 0x57, 0x75, 0x18, 0xB1, 0xD5, 0x4C, 0xD8, 0xCA, 0x78, 0x7A, 0x3C,
    0x3A, 0xCF, 0x20, 0x36, 0xCC, 0x16, 0x4E, 0xA9, 0x68, 0x78, 0xFD, 0x97, 0x39, 0xAD, 0xC2, 0xC5,
    0xE7, 0x70, 0xF1, 0xE9, 0xCC, 0xD6, 0x49, 0xB6, 0x4E, 0x3F, 0x6B, 0xF9, 0x9C, 0xF0, 0xD0, 0x34,
    0x78, 0x7B, 0x54, 0xDA, 0x77, 0xAB, 0x7F, 0x8C, 0xC0, 0x8A, 0x09, 0xDC, 0x0C, 0x04, 0x92, 0x69,
    0x60, 0x3B, 0x07, 0x21, 0xB0, 0x7A, 0xE6, 0x04, 0xDE, 0x7A, 0x7E, 0xBC, 0xE1, 0x68, 0xC6, 0xEB,
    0x28, 0xA1, 0x6D, 0xFC, 0x96, 0xFF, 0xA5, 0x0E, 0xFE, 0xB7, 0xD7, 0x46, 0xA9, 0x02, 0x4C, 0x6B,
    0x61, 0x0E, 0x9B, 0xF9, 0xDC, 0x73, 0xB0, 0xCE, 0x0B, 0x0F, 0x85, 0xD1, 0x9A, 0x06, 0x6F, 0x7A,
    0xF7, 0xC3, 0x2C, 0x23, 0x25, 0x6C, 0xE5, 0x9E, 0x4B, 0x6C, 0xF7, 0x4D, 0x4A, 0xCB, 0x4C, 0xCF,
    0x0E, 0x4B, 0xCA, 0xC6, 0x1C, 0x6A, 0xA1, 0x1A, 0xD6, 0xE8, 0x33, 0xC2, 0x0F, 0xFA, 0x92, 0x12,
    0x85, 0x53, 0x51, 0xC6, 0xD0, 0xCE, 0x4A, 0x1D, 0x6A, 0xA1, 0x1C, 0xF6, 0x4B, 0x2B, 0xD5, 0xAA,
    0xDC, 0x63, 0x96, 0x76, 0x47, 0x4A, 0xCA, 0x7D, 0x30, 0xAD, 0xEA, 0xE0, 0x3E, 0x18, 0xDC, 0x2B,
    0x83, 0xF3, 0x1F, 0xDC, 0x03, 0xC2, 0xE0, 0x03, 0x83, 0x17, 0x8C, 0xFC, 0x60, 0xE2, 0x09, 0x0B,
    0xB5, 0x42, 0xA9, 0x9F, 0x9C, 0x71, 0x8B, 0x3D, 0x1B, 0x85, 0xB3, 0x52, 0xF3, 0xA9, 0xC9, 0xBA,
    0x3B, 0xCD, 0xC2, 0x1C, 0xA1, 0x59, 0x99, 0xE6, 0xA2, 0x15, 0xC6, 0x0A, 0x25, 0xAE, 0x68, 0x95,
    0x69, 0xA5, 0x1A, 0x5A, 0x66, 0x13, 0x4D, 0xA5, 0x64, 0x37, 0xCA, 0xED, 0x46, 0x29, 0x5E, 0x8A,
    0xDC, 0x07, 0x91, 0xE1, 0xB6, 0xDC, 0x09, 0x4E, 0xD2, 0x1E, 0xE7, 0xD7, 0xC9, 0x5A, 0x49, 0xFF,
    0xB4, 0x5A, 0xB2, 0x30, 0x99, 0x2E, 0x8B, 0x32, 0x1F, 0x94, 0xFA, 0x81, 0xFB, 0xB9, 0x73, 0x3A,
    0xB0, 0x1B, 0xCC, 0xDD, 0xB1, 0x3F, 0x07, 0xB5, 0xE8, 0x83, 0x03, 0x1D, 0x1C, 0xF2, 0xCA, 0x1B,
    0x6F, 0xCE, 0xF4, 0x3E, 0x3D, 0xBD, 0xCA, 0xAA, 0xB3, 0x5B, 0xC0, 0x34, 0xC6, 0x5C, 0x4A, 0x53,
    0x0C, 0xB9, 0xDB, 0x69, 0x50, 0x29, 0xDB, 0x57, 0x49, 0x6F, 0xB8, 0x80, 0x1B, 0x77, 0x6B, 0x03,
    0xB4, 0x04, 0xCB, 0x77, 0xE0, 0x2F, 0x5D, 0x8F, 0x00, 0xA1, 0xD0, 0xD2, 0xCA, 0x4B, 0x58, 0xD3,
    0x4A, 0x33, 0x07, 0x79, 0xE1, 0x98, 0x47, 0x77, 0x02, 0xF0, 0x06, 0x5F, 0xAA, 0x33, 0xDB, 0x4F,
    0x16, 0x99, 0xD7, 0xDF, 0xD5, 0x16, 0x62, 0x0C, 0xC9, 0x26, 0x70, 0xB4, 0x3E, 0x72, 0xEB, 0xAC,
    0xC9, 0x58, 0xFE, 0x70, 0x95, 0x29, 0xD4, 0xB9, 0xCA, 0xB8, 0x9D, 0x44, 0xEC, 0x85, 0x39, 0x87,
    0x7E, 0x7E, 0xF7, 0xF1, 0x75, 0x31, 0xBF, 0xD8, 0xCE, 0xBE, 0x28, 0x98, 0x5D, 0x0A, 0x1A, 0x7E,
    0xE1, 0x57, 0xD0, 0x08, 0x60, 0x2B, 0x9B, 0xF5, 0xB9, 0x86, 0x8B, 0xAC, 0xB5, 0xD8, 0xFE, 0xE6,
    0x53, 0x88, 0xD5, 0x43, 0xE3, 0xF4, 0xEC, 0x80, 0xE5, 0xEE, 0xCC, 0xF2, 0x21, 0xCB, 0xF3, 0x4E,
    0x82, 0x46, 0x09, 0x7F, 0xB0, 0xA4, 0xCA, 0x95, 0x1C, 0xB2, 0x81, 0xFB, 0x79, 0xCF, 0x4D, 0xD0,
    0x8E, 0xEB, 0xED, 0xAB, 0x8C, 0xCB, 0xE7, 0x58, 0xF8, 0xC0, 0x2C, 0x35, 0xDC, 0xE7, 0xDC, 0x36,
    0x3A, 0x99, 0xF9, 0x59, 0xED, 0x78, 0x69, 0xA8, 0xE7, 0x6D, 0x5F, 0x2C, 0x5B, 0xA7, 0x1E, 0x3B,
    0x8D, 0x79, 0x62, 0x0F, 0xC7, 0xA5, 0x7D, 0xCF, 0x6F, 0x3C, 0x43, 0x92, 0xE3, 0xE3, 0xB3, 0x11,
    0x3B, 0xC1, 0x42, 0x04, 0x63, 0x56, 0xF4, 0xAC, 0x75, 0x89, 0x07, 0xD9, 0x25, 0x1A, 0xB3, 0x5D,
    0xC0, 0x9F, 0xE8, 0x2F, 0xFB, 0x4C, 0x80, 0x12, 0xAE, 0x6A, 0x0E, 0x33, 0xC0, 0xE6, 0xA1, 0x55,
    0x4E, 0x22, 0x79, 0xC7, 0x89, 0x27, 0xF9, 0xBA, 0x1C, 0x1D, 0x53, 0x33, 0x81, 0x72, 0x2A, 0xF4,
    0x1B, 0xD7, 0xA4, 0x7F, 0xD0, 0xE6, 0x8F, 0xFB, 0xDE, 0x61, 0x40, 0xA4, 0x37, 0xEE, 0x4E, 0x68,
    0x79, 0x1C, 0x35, 0xC2, 0xAA, 0xD4, 0xF3, 0x7F, 0xB3, 0xE0, 0x37, 0x4D, 0x30, 0x36, 0x18, 0x37,
    0xF7, 0x98, 0x04, 0xAC, 0xE1, 0x3A, 0x36, 0x27, 0xDD, 0x21, 0x51, 0x1F, 0x6D, 0x0F, 0xDE, 0x8A,
    0x7E, 0x79, 0x2D, 0xF9, 0xE2, 0xB5, 0x24, 0x8B, 0x7B, 0xC9, 0x14, 0xE5, 0x78, 0xFF, 0xB7, 0x9C,
    0xEC, 0x03, 0x48, 0x82, 0x08, 0x9A, 0x87, 0x08, 0x25, 0xDD, 0xE8, 0x48, 0x94, 0x8A, 0xCB, 0xEA,
    0xAE, 0x9B, 0xAC, 0x6E, 0x69, 0xF2, 0xEA, 0x69, 0x4A, 0xE2, 0x0D, 0xFB, 0xA2, 0xC6, 0x66, 0x0A,
    0x79, 0xFF, 0xD2, 0xA2, 0x14, 0x35, 0xA5, 0xD5, 0x6F, 0x97, 0x92, 0x5C, 0x97, 0xB5, 0x27, 0xD5,
    0x19, 0x3B, 0x6F, 0xB1, 0x1F, 0x32, 0xB2, 0xB7, 0x57, 0xB7, 0xD7, 0xEC, 0xD9, 0xB0, 0x75, 0xFC,
    0x06, 0xA7, 0x3E, 0xB8, 0x3B, 0x18, 0x5F, 0x07, 0xF8, 0x0D, 0x4E, 0xE2, 0x4D, 0xEF, 0x77, 0x1A,
    0x56, 0xFB, 0xD8, 0x4D, 0xE0, 0xFF, 0x95, 0x2E, 0xBD, 0x94, 0x7B, 0x49, 0xE3, 0x2E, 0x97, 0x9C,
    0xBD, 0x2E, 0x0C, 0x96, 0xB7, 0x52, 0x65, 0xA5, 0x2B, 0x1F, 0x37, 0x3C, 0x41, 0x69, 0x67, 0xB7,
    0x5C, 0x43, 0x49, 0x81, 0xB3, 0xB8, 0xCB, 0x2F, 0xC5, 0x8E, 0x17, 0x94, 0xC9, 0xD3, 0x29, 0x80,
    0x6E, 0xBD, 0xBE, 0x37, 0x2A, 0x82, 0xC1, 0x29, 0x0C, 0xD3, 0xB0, 0x16, 0xDB, 0xC9, 0x85, 0x85,
    0x1D, 0x7B, 0xED, 0x18, 0x9C, 0xE9, 0x41, 0x30, 0xEF, 0xA7, 0xD7, 0x6E, 0xC3, 0xD1, 0xEE, 0x94,
    0x5D, 0x98, 0x8E, 0x89, 0xCC, 0x0F, 0x64, 0xA1, 0x32, 0xF6, 0x2C, 0x71, 0xEF, 0x52, 0xB9, 0x57,
    0xD9, 0xA8, 0xAC, 0x45, 0x8A, 0x55, 0xE0, 0x9B, 0xF5, 0x3F, 0xFA, 0x31, 0xAB, 0x2C, 0x99, 0x3E,
    0xE1, 0x95, 0xB2, 0x01, 0x22, 0x56, 0x77, 0xC6, 0x46, 0x96, 0x40, 0x77, 0xDB, 0x8E, 0x64, 0x4A,
    0xBB, 0x31, 0x2D, 0xD8, 0x1A, 0x2A, 0x96, 0xB9, 0x9F, 0x62, 0x8F, 0xDD, 0xEA, 0x8C, 0x52, 0x80,
    0x78, 0xCF, 0x5B, 0x9D, 0x33, 0xBD, 0x4F, 0x47, 0xAF, 0x1B, 0xC6, 0x2E, 0x8F, 0xED, 0x8A, 0xC6,
    0x4C, 0x62, 0x06, 0x19, 0xEE, 0x74, 0x36, 0xF7, 0xB9, 0x28, 0x7E, 0xB1, 0xF4, 0xDA, 0xDE, 0x3C,
    0x6C, 0xCF, 0xC3, 0x0E, 0x3D, 0x6C, 0xD2, 0xC3, 0x3E, 0x3D, 0xDA, 0xAA, 0x87, 0xDD, 0x7A, 0xD8,
    0xB0, 0xC7, 0xD7, 0x98, 0xA9, 0x07, 0xF0, 0xD4, 0xAB, 0x1D, 0xD9, 0xBC, 0xCF, 0x6C, 0x3F, 0x56,
    0x64, 0x96, 0x2C, 0xC1, 0xF2, 0x04, 0xCB, 0x14, 0x2C, 0x57, 0xB0, 0x6C, 0x61, 0xC8, 0x17, 0xFC,
    0x2A, 0xCE, 0x2E, 0xE2, 0x32, 0x8B, 0xD8, 0xFB, 0xE9, 0x5D, 0xCE, 0x61, 0xEE, 0xF0, 0xB2, 0x99,
    0xFF, 0x0F, 0xED, 0x57, 0x3B, 0x6E, 0xDB, 0x40, 0x14, 0x5C, 0x92, 0x85, 0x00, 0xAB, 0x60, 0xE5,
    0xCA, 0x85, 0xFA, 0x34, 0x3C, 0x02, 0xD9, 0xA5, 0x75, 0xE3, 0x2A, 0x45, 0x8E, 0xA0, 0x23, 0x90,
    0x47, 0xF0, 0x11, 0x52, 0x1A, 0x3E, 0x44, 0xC8, 0x23, 0x38, 0x37, 0x70, 0xE1, 0xF4, 0x2A, 0x18,
    0x40, 0x08, 0x44, 0xBE, 0xBC, 0x37, 0xF3, 0x96, 0x96, 0x6C, 0xC9, 0x4E, 0xE0, 0x08, 0x89, 0x82,
    0x2C, 0x20, 0xBD, 0x87, 0xFD, 0x71, 0x77, 0x66, 0x76, 0x96, 0x0C, 0xA1, 0x6D, 0xCE, 0x6E, 0x82,
    0x95, 0x4C, 0xFA, 0x7C, 0x83, 0x2C, 0x97, 0xB1, 0x60, 0xB6, 0x10, 0x91, 0x1E, 0x59, 0xB9, 0xAE,
    0x65, 0xC5, 0x6C, 0x95, 0x4B, 0x87, 0xEC, 0xDD, 0xA7, 0x74, 0x0C, 0xAF, 0x17, 0x8C, 0xCB, 0x25,
    0x93, 0xEE, 0xA7, 0xB2, 0xD9, 0x94, 0x2D, 0xA6, 0x4C, 0xA4, 0x9A, 0xB2, 0x38, 0x9F, 0x0C, 0x53,
    0xD6, 0x4F, 0x59, 0x13, 0xB3, 0xCB, 0xE9, 0xB9, 0xE1, 0x08, 0x59, 0x0F, 0x6C, 0x76, 0xB2, 0xD6,
    0x10, 0x2B, 0x0D, 0x8F, 0x7A, 0x88, 0x7F, 0xA5, 0x54, 0x21, 0x11, 0x6B, 0x28, 0xE4, 0xEB, 0xD5,
    0x07, 0x59, 0xFB, 0x16, 0x04, 0x53, 0x65, 0xC8, 0x00, 0x25, 0x32, 0x80, 0x55, 0x68, 0xB2, 0x46,
    0x96, 0xB4, 0x32, 0x56, 0xAC, 0xEB, 0x33, 0x6B, 0x4C, 0x44, 0xDE, 0x8B, 0x8F, 0xB3, 0xE7, 0xCC,
    0x35, 0xDA, 0xDC, 0xF9, 0xB0, 0xC0, 0x32, 0xCE, 0x6E, 0x92, 0xB6, 0x79, 0x85, 0x07, 0x51, 0xF2,
    0x76, 0xE3, 0xE2, 0x49, 0x2C, 0x3D, 0xB6, 0x23, 0xA2, 0x3E, 0xC2, 0xE3, 0xDA, 0xE3, 0xCA, 0x63,
    0xC7, 0x48, 0x16, 0xE4, 0x5B, 0x9C, 0x7F, 0xEB, 0xD7, 0x87, 0xD4, 0x63, 0x86, 0xB8, 0xD1, 0xCD,
    0x6B, 0x6C, 0xE5, 0x0A, 0x5A, 0x2A, 0x1D, 0x88, 0xC2, 0xA3, 0x51, 0x6A, 0x51, 0xF7, 0xD7, 0x03,
    0xA0, 0xA5, 0x34, 0x71, 0xAE, 0xFF, 0xFA, 0x79, 0x83, 0x7E, 0x5E, 0x29, 0xC9, 0xE7, 0xD8, 0x6D,
    0x26, 0x77, 0x9E, 0xE5, 0x7E, 0xD8, 0xF7, 0x67, 0x8F, 0xFD, 0xE2, 0xD8, 0x53, 0xD5, 0xD6, 0xE1,
    0xB2, 0xBC, 0xE6, 0x06, 0xDD, 0xFF, 0x32, 0xD9, 0xEC, 0x8D, 0xB1, 0x3D, 0xD4, 0xD7, 0x5E, 0xBF,
    0xDA, 0xAD, 0x6F, 0xD9, 0x8F, 0xD4, 0x46, 0x01, 0xE0, 0xF4, 0x36, 0x3E, 0xA0, 0xF3, 0xE3, 0x79,
    0xFF, 0xC2, 0x6A, 0xDA, 0x81, 0x73, 0x97, 0x82, 0xA1, 0xDD, 0x42, 0x95, 0xA1, 0xBA, 0x69, 0xE6,
    0x36, 0x5A, 0x2B, 0x33, 0x1B, 0xAD, 0x9A, 0x49, 0x1D, 0x0C, 0xFB, 0x21, 0xD7, 0x3A, 0xB4, 0x15,
    0x12, 0x60, 0xDB, 0xB9, 0x34, 0x18, 0xAB, 0x03, 0xB1, 0x22, 0x9D, 0x13, 0x2B, 0xD4, 0xF5, 0x52,
    0x37, 0xE4, 0x06, 0x08, 0xDE, 0xF9, 0x15, 0xD0, 0x70, 0xDD, 0xE2, 0xDC, 0x0F, 0x88, 0xA9, 0x03,
    0x10, 0xE2, 0x46, 0x23, 0x9C, 0x47, 0x89, 0x0E, 0x2B, 0x97, 0x58, 0x6F, 0x1E, 0x01, 0x25, 0x9C,
    0x33, 0x80, 0x98, 0x72, 0xC5, 0xFB, 0x79, 0xA5, 0x72, 0x7E, 0xF3, 0x3F, 0x54, 0x48, 0x0D, 0x52,
    0x81, 0xD4, 0x1F, 0xD5, 0x47, 0xED, 0x29, 0x6E, 0x8A, 0x68, 0x4A, 0x8D, 0x4F, 0xAA, 0x93, 0xD5,
    0xF9, 0xA5, 0x62, 0x6E, 0xD8, 0xEB, 0xD8, 0x5A, 0xAE, 0x3E, 0xCA, 0x3D, 0x46, 0x75, 0x76, 0xE5,
    0x4A, 0x35, 0x13, 0x53, 0x7F, 0xC2, 0xEB, 0xF7, 0xC2, 0x0E, 0x32, 0x98, 0x57, 0x5A, 0x17, 0x46,
    0x47, 0x2A, 0x3D, 0x98, 0x57, 0x6A, 0xC1, 0xAE, 0x52, 0x0B, 0xC1, 0x19, 0xB5, 0xC6, 0x8B, 0x75,
    0xAE, 0x47, 0x8A, 0x4F, 0x99, 0x4F, 0x0C, 0x37, 0x65, 0x1E, 0x28, 0xEA, 0xE1, 0xC5, 0xF9, 0xCD,
    0x6C, 0x6D, 0x0D, 0x40, 0x2D, 0x84, 0x4A, 0x85, 0xE9, 0x28, 0xB0, 0xA4, 0x96, 0xA7, 0x16, 0xF7,
    0xCC, 0x3D, 0x95, 0x4A, 0xA9, 0xEA, 0x5E, 0xFC, 0xD0, 0xBB, 0xA4, 0xEB, 0x28, 0xF1, 0x23, 0xC7,
    0x43, 0xE5, 0xE2, 0xC1, 0xD7, 0x31, 0x38, 0xD5, 0xB2, 0x3F, 0xC6, 0x76, 0xF4, 0x3F, 0x75, 0x3D,
    0x1C, 0x06, 0x82, 0xDB, 0xE4, 0xA6, 0xB7, 0xFF, 0x59, 0xCF, 0x3E, 0x49, 0xDB, 0xBB, 0x0B, 0x8D,
    0xF1, 0x45, 0x0F, 0x53, 0x96, 0xDF, 0xC9, 0x71, 0xD9, 0x95, 0x88, 0xE7, 0x55, 0xE9, 0xF6, 0x54,
    0x77, 0x7E, 0xEC, 0x69, 0x5B, 0xB9, 0x73, 0x5F, 0xAE, 0x3D, 0xFA, 0xA1, 0xD3, 0x6D, 0x3C, 0x2F,
    0x26, 0x45, 0xD3, 0x1D, 0x34, 0xAC, 0x5A, 0x85, 0xEE, 0x0A, 0xA9, 0xE8, 0x5E, 0x23, 0x4F, 0xB7,
    0x6E, 0x1D, 0x1A, 0x36, 0xAD, 0xCA, 0x86, 0x75, 0xDA, 0x06, 0xAD, 0xC2, 0xBD, 0x1A, 0x77, 0x2F,
    0x9F, 0x6B, 0xDB, 0xBD, 0xD4, 0x84, 0x68, 0x43, 0x5B, 0xEE, 0xD5, 0xED, 0x73, 0xAF, 0xEC, 0x8F,
    0xB8, 0x97, 0xC2, 0xFD, 0x30, 0x81, 0x4D, 0xA8, 0x09, 0x34, 0x61, 0x8E, 0x20, 0xD7, 0xDD, 0x04,
    0x30, 0xE1, 0x25, 0xB8, 0x84, 0xF6, 0x29, 0xB0, 0x7F, 0xA7, 0x7E, 0xEB, 0x5F, 0xD0, 0xEF, 0x7C,
    0x08, 0xB7, 0xB6, 0xD7, 0x5A, 0xBE, 0x80, 0x2C, 0xEB, 0x08, 0x6F, 0xE3, 0xBB, 0x4C, 0xA6, 0x6F,
    0xBB, 0x46, 0x56, 0x7A, 0x1B, 0x96, 0x2F, 0x5C, 0x8D, 0x8F, 0xBE, 0x58, 0xE1, 0x16, 0xCB, 0xE9,
    0x8B, 0x2B, 0xF8, 0xA2, 0x0A, 0x2C, 0xA5, 0x2F, 0x36, 0xBB, 0xBE, 0x38, 0x40, 0x53, 0xE1, 0x5F,
    0xF0, 0x45, 0x7C, 0x1D, 0xF0, 0xDB, 0x80, 0x5F, 0x06, 0xFC, 0x2E, 0xE0, 0x57, 0xC1, 0xA1, 0x6F,
    0x82, 0xD3, 0x72, 0xBF, 0xF9, 0x33, 0xF5, 0xFC, 0x00, 0xBD, 0x55, 0x3D, 0x6E, 0x9C, 0x40, 0x18,
    0x1D, 0x16, 0xD9, 0x9B, 0x88, 0x82, 0xC6, 0xA9, 0xB6, 0xE0, 0x08, 0x1C, 0x01, 0xFA, 0x34, 0x5B,
    0x64, 0x95, 0x32, 0x47, 0xD8, 0x23, 0x80, 0x92, 0x22, 0x65, 0x72, 0xA0, 0x28, 0x83, 0xE2, 0x03,
    0x98, 0x26, 0x3D, 0x8E, 0x7C, 0x00, 0x0A, 0x2C, 0x6D, 0x01, 0xBC, 0xBC, 0x37, 0xC3, 0x7A, 0x41,
    0x5A, 0x39, 0xDE, 0x28, 0xCA, 0x98, 0xFD, 0x98, 0xF9, 0xF8, 0xE6, 0x9B, 0xF7, 0xBE, 0x9F, 0xF1,
    0x6E, 0xE7, 0xC6, 0x16, 0x7E, 0xB4, 0x7F, 0x7A, 0x7B, 0xF3, 0x77, 0x7E, 0xD5, 0x3F, 0xF7, 0xBA,
    0xD4, 0x72, 0xB7, 0xC3, 0x0B, 0xC7, 0xA5, 0xF6, 0xE6, 0xC6, 0x98, 0x6F, 0x26, 0x84, 0x89, 0x50,
    0x25, 0x68, 0x32, 0x54, 0x05, 0x8C, 0x1D, 0x0C, 0x0E, 0x06, 0x9D, 0x7B, 0xDA, 0xE9, 0x39, 0xCD,
    0xDC, 0xB3, 0x42, 0x1B, 0xA2, 0x8D, 0x50, 0xA7, 0xA8, 0x2C, 0xCA, 0x14, 0x26, 0xEE, 0x4D, 0x48,
    0xB3, 0xF2, 0x12, 0xCB, 0x1B, 0x13, 0xE4, 0x3C, 0x3F, 0xAA, 0x88, 0x20, 0xA3, 0x4D, 0x65, 0xFB,
    0x04, 0xF7, 0x18, 0x33, 0xDC, 0xA2, 0x2F, 0xB0, 0x46, 0x6B, 0x07, 0xEE, 0xC4, 0x21, 0x46, 0x89,
    0x2E, 0x46, 0xEE, 0x45, 0x1B, 0xC3, 0x9C, 0xC4, 0xF3, 0x92, 0xC7, 0xF3, 0x48, 0x22, 0xC8, 0x44,
    0xB2, 0x26, 0xB7, 0x14, 0x3F, 0xD0, 0x1B, 0x8B, 0xCF, 0x24, 0x99, 0x82, 0xDF, 0x05, 0x08, 0x95,
    0x30, 0x65, 0x46, 0xB0, 0x5E, 0x19, 0xED, 0x0D, 0xA9, 0x5A, 0xCA, 0xF5, 0x51, 0xAE, 0xC4, 0x87,
    0x98, 0xDB, 0x04, 0x25, 0x7D, 0x66, 0xC8, 0xC9, 0x8D, 0xC1, 0xB4, 0xF8, 0x08, 0xF9, 0x57, 0xF8,
    0xE8, 0x33, 0x6B, 0xE5, 0x33, 0x2E, 0xE5, 0xF3, 0xCA, 0x38, 0xA7, 0x97, 0xCB, 0x59, 0x8D, 0x9D,
    0x91, 0xCC, 0xF4, 0xE3, 0x6E, 0xFB, 0x77, 0x9E, 0x2F, 0x91, 0x45, 0x25, 0x99, 0xE6, 0x92, 0xAF,
    0xCD, 0x69, 0xFC, 0x6F, 0x46, 0xFF, 0x2E, 0x1A, 0xB6, 0x96, 0xCC, 0x4A, 0xC9, 0xF8, 0x89, 0xCF,
    0x0A, 0x65, 0xAC, 0x52, 0xE9, 0x2D, 0xC6, 0x79, 0x9F, 0x58, 0xD5, 0x64, 0x1F, 0xAB, 0x9A, 0xCB,
    0xCD, 0x43, 0xF0, 0x3D, 0xDF, 0x3C, 0x14, 0xC3, 0x1A, 0x75, 0x31, 0x00, 0xB1, 0x3F, 0x7E, 0xFE,
    0x9A, 0xBE, 0x25, 0x5D, 0x30, 0xE6, 0x49, 0x37, 0xF9, 0xB6, 0xFD, 0xD3, 0x31, 0x7B, 0xF0, 0xF4,
    0x00, 0xC7, 0x2F, 0x2C, 0x4F, 0xD6, 0x0D, 0x65, 0x73, 0x54, 0x24, 0xF4, 0x94, 0x1B, 0x15, 0xDC,
    0x34, 0x32, 0x2A, 0x2A, 0xC3, 0x36, 0x38, 0x2A, 0x0A, 0x2A, 0x1A, 0xDA, 0x9D, 0x52, 0x31, 0xBC,
    0x27, 0xB3, 0x6C, 0x3C, 0x29, 0x0E, 0x01, 0x15, 0xB3, 0x53, 0xA7, 0x76, 0xEE, 0xE6, 0xD9, 0x73,
    0xFD, 0xB9, 0x54, 0x84, 0xA8, 0x97, 0x8A, 0xE8, 0x04, 0xC3, 0x2B, 0x12, 0xE4, 0x57, 0x0C, 0xB3,
    0x79, 0xB3, 0x9D, 0x9C, 0x66, 0xB8, 0x06, 0xBE, 0x9A, 0x0D, 0x88, 0xCF, 0x1D, 0x5B, 0xF4, 0x29,
    0xD8, 0x04, 0x16, 0xFA, 0x2C, 0x60, 0x38, 0x10, 0xF0, 0xB0, 0x82, 0x88, 0x0A, 0xFA, 0xBD, 0x8F,
    0xD6, 0xDA, 0x5D, 0x42, 0x22, 0x77, 0x8B, 0x5F, 0x9A, 0x7F, 0x91, 0x28, 0x45, 0xFF, 0x2D, 0x55,
    0x6C, 0xE0, 0x3B, 0x5D, 0x4C, 0x15, 0xED, 0x86, 0x18, 0x9F, 0x50, 0xAF, 0xA9, 0x70, 0x71, 0xD9,
    0xA3, 0x49, 0x11, 0xCE, 0x14, 0x0A, 0xD2, 0x10, 0xAA, 0x2D, 0xEF, 0xD4, 0xEF, 0x95, 0x0F, 0xF9,
    0x52, 0xC1, 0x90, 0x2F, 0x15, 0xA1, 0xEB, 0xED, 0x99, 0x82, 0x79, 0x5B, 0x3A, 0x65, 0xC8, 0x99,
    0x97, 0x88, 0x8A, 0xDC, 0xC7, 0x21, 0x91, 0xE9, 0xE3, 0x07, 0x2A, 0x7E, 0xEE, 0x5D, 0x3A, 0x18,
    0xF2, 0x00, 0x0E, 0xB0, 0x4B, 0x9A, 0x4F, 0xB4, 0xE6, 0xA1, 0x23, 0xE7, 0x32, 0xE1, 0xF2, 0x35,
    0xC8, 0xAC, 0x77, 0x55, 0xD6, 0xBA, 0x14, 0x77, 0xD2, 0xB6, 0x0E, 0x86, 0xEA, 0xC1, 0x8E, 0xB9,
    0xB9, 0xC6, 0x28, 0x17, 0xF3, 0x90, 0xBB, 0xA8, 0x9F, 0xFF, 0xCB, 0xFA, 0x97, 0xFE, 0x8E, 0x85,
    0x26, 0x02, 0xAA, 0x1E, 0x81, 0x10, 0x39, 0x01, 0xE3, 0x74, 0xE4, 0x54, 0x68, 0xAA, 0x80, 0xD3,
    0x88, 0x53, 0xFE, 0x27, 0xE0, 0x45, 0x56, 0x33, 0x08, 0x07, 0x91, 0x31, 0x6E, 0x11, 0x71, 0x11,
    0x68, 0xC1, 0xBB, 0x94, 0x0B, 0xC5, 0x53, 0xFC, 0x85, 0x57, 0xAC, 0x74, 0x80, 0x60, 0xAB, 0xC0,
    0x06, 0xA1, 0x2E, 0xA7, 0xA6, 0xE5, 0x82, 0x37, 0x3F, 0x19, 0xF3, 0x42, 0xF4, 0x8B, 0x9C, 0x8B,
    0x86, 0x8B, 0xDE, 0x1D, 0x20, 0xDF, 0xC0, 0x34, 0x6D, 0x8C, 0xA2, 0xA8, 0x38, 0xA9, 0x1D, 0x14,
    0x50, 0x81, 0x6F, 0xDC, 0xCD, 0xEC, 0x47, 0xEC, 0x8B, 0x3E, 0xF1, 0xA5, 0x3E, 0x71, 0xB3, 0x87,
    0xD9, 0x85, 0xB4, 0xF2, 0x9D, 0x34, 0x55, 0x41, 0xE4, 0xB2, 0x72, 0xDC, 0x96, 0x0E, 0x8B, 0x6D,
    0xDD, 0x62, 0x5B, 0x7D, 0xD1, 0xB6, 0xC0, 0x6F, 0x9B, 0x1A, 0x66, 0x2A, 0xC2, 0xD8, 0x6F, 0x5B,
    0xA2, 0x2B, 0xE6, 0xE8, 0x82, 0x05, 0xBA, 0xB5, 0xEF, 0xE9, 0xB3, 0xA4, 0x7E, 0x03, 0xED, 0x53,
    0x3B, 0x72, 0x83, 0x30, 0x10, 0x5D, 0xF0, 0x64, 0x28, 0x28, 0xA8, 0x52, 0xB9, 0xE0, 0x08, 0x1C,
    0x41, 0x1C, 0x22, 0xF7, 0xF0, 0x11, 0xA0, 0xCF, 0x75, 0xD2, 0x8B, 0x23, 0x70, 0x83, 0x50, 0xD0,
    0x47, 0x85, 0x0A, 0x3C, 0x23, 0x78, 0x79, 0xCB, 0xC7, 0xC6, 0x4E, 0xE1, 0xCC, 0x24, 0xA5, 0x19,
    0xBD, 0x01, 0xA4, 0xDD, 0xD5, 0xBE, 0xDD, 0xB7, 0x91, 0x9D, 0xCA, 0x14, 0xE8, 0x0A, 0x60, 0xA8,
    0x80, 0xD1, 0xFA, 0x7C, 0x42, 0x73, 0xC0, 0x23, 0xA8, 0x9D, 0xDA, 0x1B, 0xFA, 0x65, 0xF4, 0x8F,
    0x18, 0x47, 0xC4, 0x3A, 0x89, 0xE0, 0xE4, 0x40, 0xA4, 0x44, 0x4E, 0x18, 0x02, 0x95, 0x8B, 0x27,
    0xE3, 0x92, 0x60, 0x5C, 0xE6, 0x8C, 0x33, 0xAD, 0x71, 0xB6, 0x36, 0x0E, 0xBB, 0x87, 0xB1, 0x20,
    0x62, 0xDC, 0x06, 0xC6, 0xF5, 0x37, 0xD8, 0x4E, 0x30, 0x11, 0x68, 0x08, 0xB5, 0x19, 0x44, 0x8A,
    0x20, 0x92, 0xCD, 0x40, 0x43, 0x74, 0x45, 0xB0, 0x8B, 0x8F, 0x63, 0x5E, 0x4D, 0x8C, 0x51, 0x98,
    0x9B, 0xF0, 0xBB, 0xD5, 0x3D, 0xDE, 0x33, 0xA0, 0x2F, 0x68, 0xFB, 0xF2, 0x86, 0x46, 0x04, 0x5F,
    0x28, 0x79, 0x75, 0x47, 0x78, 0x82, 0xFE, 0xF9, 0x12, 0x67, 0x8D, 0xA5, 0xF6, 0x5B, 0xAC, 0xC8,
    0x8E, 0x42, 0x1B, 0xB7, 0x07, 0xF9, 0xB6, 0x12, 0x33, 0xD2, 0x01, 0x25, 0x39, 0x33, 0x8D, 0x51,
    0x24, 0x67, 0x3A, 0xC6, 0x8B, 0x54, 0x4C, 0x98, 0xC7, 0xC2, 0xE3, 0x08, 0x35, 0xCD, 0x4A, 0x9A,
    0xC9, 0x05, 0xD1, 0x5A, 0xFB, 0x7C, 0xC9, 0x37, 0x18, 0x9F, 0x6B, 0x85, 0xF8, 0xCE, 0x02, 0xFB,
    0xE1, 0xF5, 0x2C, 0x5B, 0x78, 0x06, 0xDB, 0x1F, 0xAF, 0x7D, 0xE9, 0x8F, 0x20, 0xC7, 0xB9, 0xFE,
    0xEA, 0x1B, 0x03, 0xB5, 0xE6, 0x96, 0xAD, 0x75, 0xB1, 0x17, 0x8E, 0x2B, 0x8F, 0x96, 0xDF, 0x8C,
    0x41, 0x7B, 0x8D, 0x1B, 0x12, 0x7C, 0xCE, 0xF5, 0x7A, 0x2D, 0xB3, 0x50, 0xF9, 0x53, 0xD0, 0x3A,
    0x72, 0xDF, 0xA5, 0x2B, 0x47, 0xE6, 0x96, 0x4E, 0x5A, 0xD3, 0xC2, 0x6B, 0xCD, 0xAB, 0x4E, 0x6C,
    0xAB, 0x1C, 0x7E, 0x2E, 0xEE, 0xF3, 0x94, 0x36, 0xC5, 0xA0, 0xF6, 0xF4, 0xA2, 0xEF, 0xE5, 0x37,
    0x99, 0x7F, 0xC9, 0x5A, 0xC9, 0xEB, 0xBA, 0x71, 0xE6, 0x66, 0x8C, 0x9A, 0x65, 0xBB, 0xBB, 0x0E,
    0xEF, 0xA8, 0x49, 0x6F, 0xE9, 0x06, 0x59, 0xE2, 0x4C, 0x8E, 0xDD, 0x63, 0x45, 0x6E, 0x88, 0xFE,
    0x53, 0xD1, 0x95, 0xA3, 0x96, 0x0B, 0x2D, 0xE9, 0xBC, 0x2A, 0xF7, 0xC1, 0x0C, 0x7F, 0xB1, 0x62,
    0x9C, 0xB5, 0x1D, 0x35, 0x83, 0xB5, 0x56, 0xA5, 0xD2, 0x55, 0x8E, 0xCD, 0x59, 0x45, 0x6C, 0x3B,
    0x49, 0x58, 0x03, 0x83, 0x32, 0xA6, 0x82, 0x33, 0x4A, 0xC4, 0x8C, 0xF3, 0xEE, 0xA2, 0x96, 0x3B,
    0x89, 0x45, 0xB8, 0xCA, 0x77, 0xDF, 0xDA, 0x59, 0x67, 0x05, 0x3C, 0xD1, 0xAE, 0xA0, 0xE6, 0x4E,
    0xD7, 0x51, 0xE8, 0x4F, 0x3A, 0x0A, 0xC3, 0x7E, 0x14, 0x9E, 0x23, 0xFA, 0x1C, 0xD1, 0xBF, 0x8F,
    0xE8, 0x37, 0xC5, 0x56, 0xBD, 0x4E, 0xDB, 0x50, 0x14, 0xBE, 0x49, 0x04, 0x91, 0x9A, 0xC1, 0x13,
    0x13, 0x83, 0x77, 0x16, 0x3F, 0x41, 0xB1, 0x1F, 0x81, 0xA1, 0x86, 0x81, 0x81, 0x07, 0xE8, 0xD0,
    0x17, 0x28, 0xB2, 0x1F, 0x81, 0x85, 0x9D, 0x39, 0x4B, 0x5F, 0x80, 0xCA, 0x56, 0x9F, 0x00, 0x21,
    0x75, 0x37, 0x52, 0xBB, 0x74, 0xA9, 0xA9, 0x1C, 0x30, 0xD2, 0x8D, 0x4F, 0xCF, 0xCF, 0x3D, 0x37,
    0x4E, 0x94, 0x84, 0x08, 0xA9, 0xAA, 0x25, 0xCE, 0x77, 0x82, 0xEF, 0xF9, 0xFF, 0xF1, 0x35, 0x66,
    0x54, 0x35, 0xC6, 0x98, 0xD1, 0x43, 0x8D, 0x74, 0x7C, 0x4F, 0x74, 0xF2, 0xAD, 0x42, 0x02, 0xD0,
    0x1A, 0x03, 0xF8, 0x98, 0x31, 0xD1, 0x32, 0x20, 0x5A, 0xC7, 0x90, 0x05, 0xD0, 0x64, 0xF6, 0x38,
    0x84, 0xB6, 0x68, 0x2F, 0x43, 0xB0, 0xD0, 0x7C, 0x8E, 0x32, 0x0B, 0xF5, 0x6D, 0x8C, 0xC7, 0x6B,
    0x7B, 0x4C, 0xB4, 0xBD, 0x44, 0xFA, 0xD8, 0x7C, 0x45, 0xFA, 0xA7, 0xBE, 0x45, 0xFA, 0x54, 0x5B,
    0xA4, 0xCF, 0x75, 0x8B, 0x27, 0xE1, 0xA1, 0x29, 0x6C, 0x01, 0xF7, 0x4F, 0xD0, 0x66, 0xA4, 0xB3,
    0x89, 0x59, 0x33, 0xEB, 0xBF, 0x63, 0x5B, 0x89, 0x29, 0x00, 0xE6, 0xC6, 0x44, 0x00, 0x57, 0x48,
    0x83, 0x12, 0x9D, 0x3A, 0x0E, 0x72, 0xA4, 0xEF, 0xC3, 0x04, 0xA9, 0xD9, 0xE7, 0x17, 0x74, 0xAA,
    0x43, 0xD7, 0xD9, 0x3D, 0x23, 0xFE, 0x91, 0x0C, 0x79, 0x1E, 0xC3, 0xF5, 0x29, 0x58, 0x93, 0xA1,
    0x16, 0xFC, 0x2B, 0x5A, 0x52, 0x66, 0x00, 0x23, 0x0D, 0x05, 0x02, 0x04, 0x8A, 0xD5, 0x38, 0x00,
    0x8E, 0x74, 0x2B, 0xA4, 0x30, 0x4B, 0xD3, 0xB7, 0x0B, 0xF0, 0xAF, 0x34, 0x85, 0xD7, 0x1F, 0x11,
    0x88, 0x29, 0x63, 0xAD, 0x32, 0x73, 0x65, 0xC0, 0x33, 0xA5, 0x32, 0x95, 0x32, 0xB5, 0x32, 0x56,
    0x99, 0x8E, 0x19, 0x32, 0x9A, 0xA6, 0xD9, 0xFC, 0x83, 0x5A, 0xB0, 0xBB, 0x30, 0xE8, 0x46, 0x08,
    0x09, 0xEB, 0xA9, 0x27, 0x50, 0xB2, 0x9E, 0xD9, 0x19, 0xCC, 0xDE, 0xA0, 0x87, 0x6A, 0x64, 0x25,
    0x11, 0x9E, 0xC9, 0x94, 0x89, 0x94, 0x09, 0x94, 0x19, 0x29, 0x33, 0x50, 0xC6, 0x14, 0xCA, 0x48,
    0x5C, 0x18, 0x59, 0xA2, 0x45, 0x68, 0x95, 0x01, 0xCF, 0x94, 0xCA, 0xDC, 0x21, 0x83, 0x69, 0xBF,
    0x60, 0xCB, 0xAC, 0xB9, 0x56, 0xCD, 0xB5, 0x51, 0x0F, 0xEB, 0x5D, 0x18, 0x29, 0x1F, 0xCC, 0x4E,
    0xBC, 0x78, 0x4F, 0x21, 0xBE, 0xFA, 0x44, 0x65, 0x58, 0xB1, 0x9E, 0x3B, 0xA6, 0x53, 0xC7, 0x1A,
    0xD3, 0x77, 0x5E, 0xFA, 0xEF, 0x1F, 0x30, 0x2E, 0x4D, 0x0A, 0x23, 0xAE, 0xC2, 0x7A, 0x58, 0x3E,
    0x29, 0x70, 0x88, 0x23, 0x29, 0x59, 0xCE, 0xAC, 0x0C, 0xBF, 0x95, 0xE9, 0xB2, 0x26, 0x16, 0xC8,
    0xE0, 0xFA, 0x1C, 0xA1, 0x98, 0x73, 0x85, 0xA8, 0x02, 0x58, 0x1F, 0x8A, 0x2E, 0xE6, 0x6A, 0xBF,
    0x0A, 0x78, 0x32, 0x13, 0x39, 0xD2, 0x62, 0xCD, 0x50, 0x74, 0x5E, 0x2C, 0x2C, 0x84, 0x02, 0xB8,
    0x85, 0xE0, 0xB7, 0x45, 0x2B, 0xD0, 0x45, 0xEC, 0xD9, 0x8F, 0xC8, 0x9A, 0xE5, 0x27, 0xE8, 0x8D,
    0xFF, 0x06, 0xD8, 0xA3, 0xC1, 0xA3, 0x94, 0x0F, 0x0A, 0x49, 0x3D, 0xAB, 0x6F, 0xFD, 0x18, 0x27,
    0x6E, 0x89, 0x50, 0xBB, 0x04, 0x52, 0x6E, 0x6A, 0xCB, 0x59, 0x7A, 0x4E, 0x87, 0x62, 0x7A, 0x4F,
    0xB9, 0xCA, 0x78, 0x08, 0x3B, 0xF9, 0x41, 0xFB, 0x84, 0x03, 0xE1, 0x8D, 0xC2, 0xDD, 0x17, 0x28,
    0xF3, 0x6E, 0xAA, 0x2B, 0xC0, 0xAC, 0x61, 0x74, 0x2D, 0x2C, 0x0A, 0xB6, 0xE9, 0xF0, 0x5E, 0xBA,
    0xAA, 0x19, 0x99, 0x14, 0x5E, 0x50, 0x3C, 0x04, 0xDD, 0x0E, 0xC8, 0x14, 0xE4, 0x18, 0x79, 0x47,
    0xAE, 0xF2, 0xCC, 0x44, 0xF0, 0x53, 0x9C, 0xF7, 0xE1, 0x8C, 0xB5, 0x35, 0x07, 0xDE, 0x48, 0xA4,
    0x49, 0xD0, 0xB4, 0x2C, 0xCF, 0x95, 0x36, 0xEB, 0xA2, 0x7D, 0x39, 0x11, 0xBE, 0xC5, 0x79, 0xAE,
    0xAA, 0xC5, 0x18, 0xEC, 0x32, 0x45, 0x12, 0xF2, 0xCE, 0x87, 0xBD, 0x09, 0x3F, 0xCC, 0xFF, 0x79,
    0xAE, 0xA6, 0x37, 0xCB, 0xFF, 0x5A, 0x8F, 0x98, 0x4F, 0xF2, 0x5A, 0x9A, 0x58, 0xBE, 0x53, 0xE4,
    0xFD, 0xC8, 0xF9, 0x3A, 0x61, 0x9C, 0xE3, 0xEB, 0x97, 0xF4, 0x14, 0x0F, 0xC4, 0x14, 0x10, 0x96,
    0x2E, 0xEB, 0xB8, 0x9D, 0x73, 0xDA, 0x75, 0x78, 0xA8, 0xE4, 0xE2, 0x8C, 0x11, 0x29, 0xBC, 0xE1,
    0x34, 0x61, 0x5C, 0x6F, 0x94, 0xCA, 0x5C, 0xEE, 0x80, 0x7B, 0xE9, 0x99, 0xD3, 0x37, 0xEE, 0x61,
    0x2B, 0xF6, 0xD8, 0x2E, 0xDA, 0x67, 0x3F, 0x22, 0x5C, 0xFD, 0x54, 0xEF, 0x0C, 0xD0, 0xCF, 0x19,
    0x8A, 0x75, 0xAE, 0x97, 0xAC, 0x8B, 0xA3, 0x76, 0xB9, 0x2F, 0x25, 0xCE, 0xCE, 0xC5, 0x7D, 0xB5,
    0x43, 0x7E, 0x7C, 0x1E, 0x87, 0xD3, 0x9C, 0x71, 0x44, 0x5A, 0x36, 0x23, 0xE9, 0xCD, 0x5D, 0xC3,
    0xDA, 0xC5, 0xD0, 0xEA, 0xCC, 0x6A, 0x8F, 0x47, 0x98, 0xCF, 0x73, 0x5E, 0x21, 0x39, 0x7F, 0x31,
    0x39, 0x0E, 0x9C, 0xD7, 0xC2, 0x8D, 0x2B, 0xC7, 0x19, 0xC8, 0xF7, 0xDF, 0x23, 0xCD, 0x58, 0x6D,
    0x76, 0x72, 0x7A, 0x23, 0x36, 0x2B, 0x7A, 0x5B, 0xD9, 0x0A, 0x6A, 0x97, 0xFD, 0x40, 0xA2, 0xD3,
    0x19, 0xBA, 0xCD, 0xA2, 0x7E, 0x8F, 0x96, 0xBA, 0x3B, 0x59, 0x0C, 0xA6, 0xC6, 0xFD, 0x5A, 0x7E,
    0x7C, 0x1E, 0xF9, 0xC9, 0x44, 0xED, 0x36, 0x38, 0x48, 0xD3, 0x02, 0xDC, 0x22, 0xCC, 0xCD, 0x01,
    0x4D, 0xD9, 0xF7, 0x93, 0x6D, 0x02, 0x47, 0xD3, 0xE9, 0x17, 0xF8, 0x75, 0xC3, 0x02, 0x89, 0x18,
    0x11, 0x43, 0x73, 0x81, 0x46, 0x20, 0x67, 0xE8, 0x8C, 0xFF, 0x75, 0x84, 0x62, 0x95, 0x78, 0xEA,
    0x6E, 0x5B, 0xBC, 0x70, 0x24, 0x35, 0x58, 0x9C, 0xB9, 0x40, 0x67, 0x8C, 0xDB, 0xA8, 0x0B, 0x0B,
    0x81, 0x84, 0x3E, 0x91, 0x10, 0xC7, 0x94, 0x1F, 0x52, 0x53, 0x99, 0xE5, 0x8B, 0x5B, 0x0F, 0x0E,
    0x69, 0x3D, 0xD5, 0xFB, 0xBC, 0xA5, 0x1E, 0x0B, 0x5D, 0x56, 0x0E, 0xF8, 0xD2, 0x48, 0xD2, 0x85,
    0xDE, 0x18, 0x3A, 0x33, 0x90, 0x4B, 0x53, 0x96, 0x10, 0x90, 0xD9, 0x17, 0x78, 0x26, 0x81, 0x44,
    0xE4, 0x06, 0x12, 0xDF, 0xA1, 0x57, 0x72, 0xC7, 0x72, 0x0D, 0x59, 0x91, 0xFE, 0x67, 0xC0, 0xBB,
    0x40, 0x25, 0x20, 0x37, 0x9D, 0x8A, 0x80, 0xFC, 0x45, 0x08, 0xD1, 0x7B, 0x84, 0x02, 0x63, 0x81,
    0xD9, 0x47, 0xBD, 0x1B, 0xBA, 0x2B, 0x4C, 0x23, 0x20, 0xD7, 0x85, 0x17, 0xF1, 0xA9, 0xBF, 0x86,
    0xA1, 0x77, 0x88, 0x92, 0xAA, 0x3B, 0x58, 0x57, 0xB0, 0xAE, 0x47, 0xBF, 0x80, 0xF5, 0x5E, 0xA3,
    0x3B, 0xF6, 0x0D, 0x38, 0x74, 0x38, 0x81, 0xCA, 0xAD, 0xE1, 0xD2, 0x61, 0x0E, 0xCE, 0x0F, 0x70,
    0xB7, 0x2E, 0xDD, 0xC5, 0xFC, 0x3D, 0x3B, 0xE9, 0x55, 0xA2, 0xBF, 0x1D, 0xB6, 0xE0, 0xAA, 0x9C,
    0xE2, 0x5F, 0xAD, 0x52, 0xB1, 0x0D, 0xC2, 0x40, 0x0C, 0x74, 0x88, 0x22, 0x0A, 0x8A, 0x1F, 0x21,
    0x23, 0x64, 0x84, 0x30, 0x02, 0x05, 0xF4, 0x8C, 0x40, 0x49, 0x83, 0x9C, 0x0D, 0x18, 0x29, 0x3F,
    0x42, 0x36, 0x80, 0x11, 0x28, 0x52, 0x86, 0x1C, 0xCE, 0xDB, 0x0E, 0x22, 0x12, 0x5D, 0x5C, 0xF8,
    0xF4, 0x2F, 0xDB, 0x77, 0xBE, 0x7F, 0xCA, 0x4E, 0x94, 0x22, 0x8C, 0x8A, 0xF5, 0xA0, 0xD8, 0xBE,
    0x12, 0x6C, 0xD0, 0x25, 0xDC, 0xA2, 0xD1, 0x32, 0xA4, 0x88, 0xB5, 0x21, 0x2F, 0xD0, 0xEF, 0xBD,
    0xCE, 0xFB, 0x7C, 0x8E, 0xCF, 0x9D, 0x79, 0x9C, 0xD7, 0x23, 0x1F, 0x12, 0x8B, 0x24, 0x96, 0x96,
    0x0C, 0xE8, 0x69, 0x07, 0x8C, 0x54, 0xC9, 0xB4, 0x86, 0x9D, 0x2A, 0xF2, 0x1D, 0x55, 0xBC, 0x05,
    0x6C, 0xE3, 0x45, 0x8A, 0xA3, 0x76, 0xAC, 0x9D, 0x0A, 0xF3, 0xA6, 0x38, 0x9A, 0x56, 0x98, 0x46,
    0x5B, 0x2A, 0xC3, 0x53, 0x2F, 0xB8, 0x57, 0xAC, 0x06, 0x32, 0x23, 0x88, 0xFF, 0x18, 0xB4, 0xC0,
    0xB9, 0x4F, 0xCD, 0xE9, 0x6D, 0x6E, 0xF7, 0xC3, 0xE3, 0xBC, 0xDF, 0xC3, 0xCA, 0xE9, 0x2C, 0xA9,
    0xB9, 0x06, 0xE4, 0x91, 0x03, 0xCA, 0xC8, 0x0F, 0xB0, 0xDA, 0x5C, 0xFB, 0x5B, 0x8A, 0x16, 0x88,
    0xC8, 0x76, 0xDA, 0xB8, 0xC4, 0x5E, 0x3E, 0xC4, 0x7B, 0x12, 0x73, 0x20, 0xFA, 0x00, 0xE5, 0x56,
    0xBD, 0x8E, 0xD3, 0x40, 0x10, 0x5E, 0xDB, 0x5C, 0x2C, 0xE1, 0xC2, 0x34, 0x57, 0x51, 0xB8, 0xA7,
    0xF1, 0x13, 0x20, 0x5B, 0x3C, 0xC1, 0x15, 0x17, 0x51, 0xD2, 0x50, 0xD1, 0xA4, 0x85, 0x6A, 0xF3,
    0x08, 0x79, 0x04, 0x0A, 0x1A, 0xF2, 0x12, 0xF6, 0x23, 0xB8, 0x39, 0x68, 0x2D, 0x74, 0xF4, 0x29,
    0x82, 0xE4, 0xA0, 0xD8, 0xC3, 0xCC, 0x7C, 0xE3, 0xD8, 0x17, 0xDD, 0xC1, 0xD1, 0xD0, 0xB0, 0x52,
    0xF6, 0xDB, 0xD8, 0xBB, 0x33, 0xDF, 0xFC, 0xAE, 0x9D, 0xC3, 0x48, 0xE9, 0x16, 0x40, 0x0D, 0xE0,
    0x08, 0xA0, 0x12, 0x20, 0x4F, 0x83, 0x8A, 0xF6, 0xB2, 0x29, 0xD6, 0x97, 0xCE, 0x55, 0x83, 0x42,
    0x4E, 0x26, 0x61, 0x8D, 0x97, 0xB5, 0x73, 0x17, 0xD7, 0x11, 0x43, 0x4C, 0xF4, 0x8D, 0x0F, 0x7A,
    0x3E, 0x4E, 0x6D, 0x20, 0x33, 0xED, 0x62, 0x40, 0x0A, 0xC8, 0xF4, 0xF5, 0xAE, 0x60, 0x09, 0x09,
    0x43, 0xEF, 0x5C, 0xC4, 0xC0, 0xD2, 0x43, 0x40, 0x00, 0x70, 0xF7, 0x41, 0x30, 0x81, 0x9E, 0x6B,
    0x21, 0xA5, 0xC9, 0x59, 0xE6, 0x8A, 0x6A, 0x68, 0x28, 0xA1, 0x8F, 0xE5, 0x91, 0x9A, 0x24, 0x5C,
    0x5A, 0x21, 0x49, 0xCA, 0xFD, 0x62, 0xC9, 0xE6, 0x91, 0x8D, 0xEE, 0x31, 0x8B, 0x2D, 0xFD, 0xDC,
    0x6E, 0xB7, 0x34, 0x7C, 0x72, 0xEA, 0x0B, 0xEA, 0xDC, 0x7F, 0xBD, 0xA8, 0x64, 0xC1, 0xD3, 0x12,
    0xE3, 0xCA, 0xDC, 0xB4, 0x3B, 0xC7, 0xCA, 0xB0, 0xA0, 0x31, 0xFE, 0xB5, 0x26, 0x0D, 0x87, 0x5B,
    0x31, 0xB0, 0x94, 0x1A, 0x73, 0x8A, 0x93, 0xAA, 0xB4, 0xAC, 0x6A, 0xFE, 0xB4, 0x71, 0x7D, 0xB6,
    0x71, 0x7F, 0xB6, 0xD1, 0xD0, 0xFE, 0x8F, 0xEF, 0x13, 0xC9, 0x03, 0x1E, 0x99, 0x31, 0x29, 0xC8,
    0xB6, 0xF5, 0x0A, 0xA1, 0x58, 0xA7, 0xE9, 0xFC, 0xC8, 0x6D, 0x3B, 0x63, 0x31, 0x6E, 0xD3, 0xD1,
    0x9A, 0xDD, 0x2D, 0x3D, 0x80, 0xA3, 0xDF, 0x74, 0xBE, 0xD6, 0x67, 0xC7, 0x87, 0x66, 0x37, 0x8D,
    0x00, 0xC6, 0x46, 0xD0, 0x96, 0xC0, 0x57, 0xA9, 0x95, 0x23, 0x36, 0x7A, 0x98, 0x09, 0x5E, 0x21,
    0x36, 0x46, 0xF0, 0x55, 0x0A, 0x1B, 0x32, 0x98, 0x50, 0xC0, 0x82, 0x6A, 0x77, 0x9F, 0x60, 0x37,
    0x13, 0x5C, 0xFC, 0x1B, 0xC1, 0xAE, 0x6A, 0xB4, 0xC3, 0x70, 0x01, 0x8B, 0x1B, 0x4B, 0xFE, 0xD5,
    0x67, 0xBF, 0x75, 0xC6, 0xEF, 0x12, 0x0E, 0x41, 0x20, 0x2C, 0x9E, 0x98, 0x53, 0x2E, 0xAF, 0x21,
    0xAD, 0x9F, 0x87, 0x1D, 0xF1, 0x09, 0x46, 0xB6, 0x3B, 0x90, 0x68, 0x4E, 0x9D, 0xEA, 0xD4, 0xB7,
    0x8C, 0xBB, 0x35, 0x33, 0x13, 0xE2, 0x8F, 0xEE, 0xC5, 0x76, 0xE3, 0xAA, 0x4E, 0xBA, 0x94, 0x64,
    0x3D, 0x83, 0xC8, 0xF2, 0xD4, 0x45, 0xDA, 0xBA, 0x8E, 0x62, 0x90, 0xA7, 0x3E, 0x11, 0x21, 0xF9,
    0x90, 0x4A, 0x24, 0x32, 0xCA, 0x48, 0x05, 0xAE, 0x06, 0x35, 0x55, 0x99, 0x44, 0x08, 0x20, 0xC3,
    0x5E, 0xF9, 0x80, 0x09, 0x21, 0xBB, 0x08, 0x4C, 0x3C, 0xA0, 0x40, 0x38, 0x8D, 0x49, 0x06, 0x1F,
    0x25, 0x6A, 0xCE, 0x42, 0xF6, 0x2F, 0xA4, 0x55, 0x7B, 0x69, 0x60, 0xE2, 0x1E, 0xE9, 0x6C, 0xB5,
    0x34, 0xD7, 0x26, 0x1E, 0xFB, 0xAB, 0x76, 0xD7, 0x2E, 0x93, 0x9C, 0xC9, 0xE9, 0x0B, 0x0D, 0x05,
    0x4F, 0x3D, 0x27, 0x6E, 0x4E, 0xEC, 0xB2, 0x62, 0x60, 0xDB, 0x52, 0xA1, 0x91, 0x13, 0x3B, 0x3E,
    0x92, 0xD6, 0x9E, 0xC9, 0x8A, 0x59, 0xAC, 0x6D, 0xE5, 0x49, 0xE8, 0xE3, 0x59, 0x8D, 0x67, 0x91,
    0x50, 0xE5, 0x55, 0xCF, 0x06, 0xB1, 0x4F, 0xF9, 0x2C, 0xF1, 0x5F, 0x26, 0x51, 0x0C, 0x19, 0x7D,
    0x87, 0x8E, 0xA3, 0xE8, 0xC5, 0xA4, 0x34, 0x22, 0x99, 0x94, 0x9F, 0xD3, 0x1B, 0x44, 0x39, 0x33,
    0x09, 0xB3, 0x23, 0xC4, 0x95, 0x33, 0x8E, 0x78, 0xEE, 0x84, 0x10, 0x2E, 0x89, 0x01, 0x29, 0x20,
    0xA3, 0x9B, 0x72, 0x2A, 0xC1, 0x29, 0x44, 0x1A, 0x6E, 0x24, 0x1B, 0xCD, 0x93, 0xF3, 0x14, 0xF5,
    0x76, 0x16, 0x75, 0xCB, 0xC0, 0x78, 0x4C, 0xC4, 0xBB, 0x39, 0x50, 0xA2, 0xD6, 0xEF, 0xA4, 0xC2,
    0x70, 0x9F, 0xBA, 0xBF, 0xD4, 0x6A, 0x7A, 0xD0, 0xAC, 0xBC, 0xDE, 0xAA, 0x70, 0x87, 0xC0, 0x11,
    0xB0, 0x03, 0x28, 0x85, 0xCB, 0x2B, 0x38, 0x65, 0xF1, 0xD9, 0x8D, 0x4E, 0xA9, 0xC4, 0x95, 0x7B,
    0x86, 0x58, 0xC2, 0x88, 0x20, 0xBF, 0xA2, 0x36, 0x23, 0xE9, 0x31, 0x75, 0xDE, 0x8B, 0xCB, 0xEB,
    0xE2, 0x28, 0xA9, 0x20, 0xA5, 0xE7, 0x25, 0xD6, 0xDD, 0xA9, 0xCD, 0x2D, 0x65, 0xBA, 0x3A, 0xB5,
    0xD6, 0x77, 0x1F, 0x03, 0x09, 0x68, 0x25, 0x31, 0xEA, 0x20, 0x6C, 0x70, 0xD4, 0x8A, 0xCC, 0xAF,
    0x72, 0x85, 0xBE, 0x81, 0x30, 0x89, 0xE0, 0x9A, 0xA3, 0x6F, 0x32, 0x73, 0x54, 0x53, 0x48, 0x1B,
    0x81, 0xA7, 0xCA, 0x2D, 0xEF, 0xA7, 0x12, 0xD6, 0xDB, 0x00, 0x6E, 0x08, 0xD9, 0x6E, 0x6D, 0x5B,
    0xF5, 0x43, 0xF3, 0x72, 0x49, 0x3F, 0xF4, 0xFA, 0x1D, 0xB7, 0xBB, 0xE5, 0x6B, 0xBA, 0x59, 0x96,
    0xBF, 0x3F, 0x35, 0xDB, 0x6E, 0xA1, 0x44, 0xF7, 0x43, 0xF9, 0x82, 0xD2, 0x7C, 0x3C, 0x2F, 0x11,
    0x93, 0x72, 0xBA, 0x54, 0x62, 0xB8, 0xBF, 0x22, 0x14, 0xAB, 0xD8, 0xC4, 0x9E, 0x1D, 0xF8, 0xCF,
    0x6A, 0xFC, 0x38, 0x38, 0xA0, 0x85, 0x23, 0xDB, 0x5A, 0x14, 0xE5, 0xAD, 0xF5, 0xF5, 0xB5, 0xD6,
    0x21, 0xFA, 0x7F, 0xAE, 0x07, 0x9E, 0x05, 0xFA, 0x9D, 0xF4, 0x52, 0x4A, 0xE3, 0xE0, 0x8A, 0x5B,
    0x0D, 0x30, 0x57, 0xF1, 0x42, 0xE1, 0x20, 0x6A, 0xF9, 0x5C, 0x13, 0x54, 0xA5, 0xEA, 0x49, 0x4A,
    0xD1, 0xAA, 0xAE, 0xAA, 0x20, 0x2E, 0x36, 0x71, 0x2B, 0xA8, 0x0C, 0x00, 0xEE, 0xB9, 0xDD, 0x81,
    0x1E, 0xB0, 0x28, 0xCD, 0xA6, 0x0F, 0x00, 0x8F, 0x0B, 0xCF, 0x0F, 0x96, 0x22, 0x7B, 0x80, 0x4A,
    0x4C, 0x26, 0x89, 0x2D, 0x24, 0x8A, 0x7D, 0x2C, 0xF1, 0xB4, 0x0B, 0x81, 0x24, 0x74, 0x15, 0x32,
    0x32, 0x9A, 0xFC, 0x62, 0x69, 0x88, 0x0F, 0x24, 0x2F, 0xB4, 0xE5, 0x54, 0xE7, 0x32, 0xB5, 0x6A,
    0x41, 0x0C, 0x62, 0xA0, 0xA8, 0xE5, 0xE7, 0xCE, 0x6F, 0x34, 0xE1, 0xDE, 0x4F, 0xBE, 0xEB, 0x21,
    0x6A, 0xE3, 0x46, 0x2B, 0x3D, 0x74, 0x7B, 0x54, 0x82, 0x3F, 0xCC, 0x6D, 0x7A, 0x0B, 0x53, 0x7E,
    0x01, 0xB5, 0xCF, 0xA1, 0x11, 0x85, 0x30, 0x10, 0x84, 0xE1, 0x1D, 0x10, 0x08, 0x44, 0x4A, 0xA1,
    0x04, 0x28, 0x82, 0x68, 0x4A, 0xA1, 0xB4, 0xD0, 0xC4, 0xEB, 0xE3, 0x09, 0x98, 0x41, 0x65, 0xE1,
    0x2E, 0x3B, 0x48, 0x30, 0x70, 0xE2, 0xFF, 0x4C, 0x92, 0xC9, 0x01, 0x1D, 0x09, 0x54, 0xB4, 0x06,
    0x6F, 0xEF, 0x9D, 0xBD, 0x29, 0xC7, 0x08, 0x70, 0xC7, 0x39, 0x5C, 0xBD, 0x7F, 0xCB, 0xED, 0x44,
    0x6E, 0x71, 0xA2, 0x9D, 0x0C, 0xDF, 0x17, 0x5D, 0xB6, 0xA2, 0x66, 0x31, 0xC8, 0x5E, 0xCE, 0x32,
    0xE5, 0xD1, 0x3D, 0x77, 0x29, 0xAE, 0xB2, 0xBC, 0x52, 0x7E, 0xFE, 0xAC, 0x76, 0xBB, 0xEE, 0xBD,
    0xEB, 0x20, 0x7F, 0x83, 0xD9, 0x92, 0x8B, 0xD9, 0xC8, 0x4A, 0x22, 0xC9, 0x96, 0xCB, 0x01,
};

static const EpdGlyph baijamjuree_22_boldGlyphs[] = {
    { 0, 0, 0, 0, 0, 0, 0 }, // U+0000
    { 0, 0, 211, 0, 0, 0, 0 }, // U+000D
    { 0, 0, 211, 0, 0, 0, 0 }, // U+0020
    { 8, 32, 214, 3, 32, 64, 0 }, // !
    { 16, 11, 298, 2, 32, 44, 64 }, // "
    { 29, 32, 520, 2, 32, 232, 108 }, // #
    { 27, 42, 481, 2, 37, 284, 340 }, // $
    { 45, 34, 771, 2, 33, 383, 624 }, // %
    { 31, 32, 510, 2, 32, 248, 1007 }, // &
    { 7, 11, 155, 2, 32, 20, 1255 }, // '
    { 14, 41, 251, 2, 32, 144, 1275 }, // (
    { 14, 41, 251, 1, 32, 144, 1419 }, // )
    { 19, 16, 331, 1, 34, 76, 1563 }, // *
    { 23, 22, 422, 2, 26, 127, 1639 }, // +
    { 11, 14, 185, -1, 5, 39, 1766 }, // ,
    { 15, 6, 297, 2, 15, 23, 1805 }, // -
    { 8, 7, 176, 2, 7, 14, 1828 }, // .
    { 25, 34, 403, 0, 33, 213, 1842 }, // /
    { 27, 32, 494, 2, 32, 216, 2055 }, // 0
    { 15, 32, 282, 0, 32, 120, 2271 }, // 1
    { 24, 32, 427, 2, 32, 192, 2391 }, // 2
    { 26, 32, 452, 1, 32, 208, 2583 }, // 3
    { 28, 32, 455, 1, 32, 224, 2791 }, // 4
    { 26, 32, 458, 2, 32, 208, 3015 }, // 5
    { 26, 32, 465, 2, 32, 208, 3223 }, // 6
    { 24, 32, 381, 1, 32, 192, 3431 }, // 7
    { 27, 32, 475, 1, 32, 216, 3623 }, // 8
    { 26, 32, 468, 1, 32, 208, 3839 }, // 9
    { 8, 23, 176, 2, 23, 46, 4047 }, // :
    { 11, 31, 190, 0, 23, 86, 4093 }, // ;
    { 24, 29, 416, 1, 29, 174, 4179 }, // <
    { 21, 14, 391, 2, 21, 74, 4353 }, // =
    { 24, 29, 416, 2, 29, 174, 4427 }, // >
    { 25, 32, 433, 1, 32, 200, 4601 }, // ?
    { 38, 35, 660, 2, 33, 333, 4801 }, // @
    { 32, 32, 499, 0, 32, 256, 5134 }, // A
    { 28, 32, 506, 3, 32, 224, 5390 }, // B
    { 29, 32, 504, 2, 32, 232, 5614 }, // C
    { 28, 32, 515, 3, 32, 224, 5846 }, // D
    { 25, 32, 460, 3, 32, 200, 6070 }, // E
    { 24, 32, 443, 3, 32, 192, 6270 }, // F
    { 29, 32, 522, 2, 32, 232, 6462 }, // G
    { 28, 32, 532, 3, 32, 224, 6694 }, // H
    { 7, 32, 207, 3, 32, 56, 6918 }, // I
    { 25, 32, 444, 1, 32, 200, 6974 }, // J
    { 28, 32, 494, 3, 32, 224, 7174 }, // K
    { 24, 32, 431, 3, 32, 192, 7398 }, // L
    { 32, 32, 603, 3, 32, 256, 0 }, // M
    { 28, 32, 526, 3, 32, 224, 256 }, // N
    { 30, 32, 531, 2, 32, 240, 480 }, // O
    { 27, 32, 478, 3, 32, 216, 720 }, // P
    { 31, 34, 534, 2, 32, 264, 936 }, // Q
    { 28, 32, 497, 3, 32, 224, 1200 }, // R
    { 27, 32, 481, 2, 32, 216, 1424 }, // S
    { 27, 32, 444, 1, 32, 216, 1640 }, // T
    { 28, 32, 528, 3, 32, 224, 1856 }, // U
    { 31, 32, 488, 0, 32, 248, 2080 }, // V
    { 40, 32, 643, 0, 32, 320, 2328 }, // W
    { 31, 32, 470, -1, 32, 248, 2648 }, // X
    { 31, 32, 478, 0, 32, 248, 2896 }, // Y
    { 26, 32, 444, 1, 32, 208, 3144 }, // Z
    { 12, 43, 254, 3, 34, 129, 3352 }, // [
    { 25, 34, 403, 0, 33, 213, 3481 }, // <backslash>
    { 13, 43, 254, 1, 34, 140, 3694 }, // ]
    { 26, 17, 447, 1, 32, 111, 3834 }, // ^
    { 27, 6, 436, 0, 0, 41, 3945 }, // _
    { 12, 8, 229, 1, 34, 24, 3986 }, // `
    { 23, 23, 428, 2, 23, 133, 4010 }, // a
    { 24, 32, 443, 3, 32, 192, 4143 }, // b
    { 23, 23, 411, 2, 23, 133, 4335 }, // c
    { 24, 32, 443, 2, 32, 192, 4468 }, // d
    { 24, 23, 424, 2, 23, 138, 4660 }, // e
    { 16, 32, 278, 1, 32, 128, 4798 }, // f
    { 24, 32, 444, 2, 23, 192, 4926 }, // g
    { 23, 32, 441, 3, 32, 184, 5118 }, // h
    { 8, 32, 211, 3, 32, 64, 5302 }, // i
    { 13, 41, 220, -2, 32, 134, 5366 }, // j
    { 23, 32, 407, 3, 32, 184, 5500 }, // k
    { 11, 32, 217, 3, 32, 88, 5684 }, // l
    { 34, 23, 622, 3, 23, 196, 5772 }, // m
    { 23, 23, 440, 3, 23, 133, 5968 }, // n
    { 24, 23, 436, 2, 23, 138, 6101 }, // o
    { 24, 32, 443, 3, 23, 192, 6239 }, // p
    { 24, 32, 443, 2, 23, 192, 6431 }, // q
    { 15, 23, 281, 3, 23, 87, 6623 }, // r
    { 23, 23, 403, 2, 23, 133, 6710 }, // s
    { 16, 30, 301, 1, 30, 120, 6843 }, // t
    { 23, 23, 438, 2, 23, 133, 6963 }, // u
    { 25, 23, 382, -1, 23, 144, 7096 }, // v
    { 34, 23, 549, 0, 23, 196, 7240 }, // w
    { 26, 23, 390, -1, 23, 150, 7436 }, // x
    { 23, 32, 438, 2, 23, 184, 7586 }, // y
    { 21, 23, 367, 1, 23, 121, 0 }, // z
    { 16, 44, 292, 2, 34, 176, 121 }, // {
    { 7, 45, 199, 3, 38, 79, 297 }, // |
    { 16, 44, 292, 0, 34, 176, 376 }, // }
    { 25, 10, 460, 2, 20, 63, 552 }, // ~
    { 0, 0, 211, 0, 0, 0, 0 }, // U+00A0
    { 8, 32, 214, 3, 23, 64, 0 }, // U+00A1
    { 23, 33, 411, 2, 28, 190, 64 }, // U+00A2
    { 28, 32, 498, 2, 32, 224, 254 }, // U+00A3
    { 28, 28, 497, 2, 29, 196, 478 }, // U+00A4
    { 32, 32, 478, -1, 32, 256, 674 }, // U+00A5
    { 7, 45, 199, 3, 38, 79, 930 }, // U+00A6
    { 24, 35, 430, 2, 32, 210, 1009 }, // U+00A7
    { 18, 6, 334, 1, 32, 27, 1219 }, // U+00A8
    { 30, 30, 528, 2, 31, 225, 1246 }, // U+00A9
    { 16, 17, 323, 2, 32, 68, 1471 }, // U+00AA
    { 29, 25, 499, 0, 25, 182, 1539 }, // U+00AB
    { 28, 16, 489, 2, 21, 112, 1721 }, // U+00AC
    { 15, 6, 297, 2, 15, 23, 1833 }, // U+00AD
    { 30, 30, 528, 2, 31, 225, 1856 }, // U+00AE
    { 15, 6, 282, 1, 32, 23, 2081 }, // U+00AF
    { 14, 13, 273, 2, 32, 46, 2104 }, // U+00B0
    { 23, 28, 422, 2, 28, 161, 2150 }, // U+00B1
    { 14, 19, 271, 1, 32, 67, 2311 }, // U+00B2
    { 15, 19, 285, 1, 32, 72, 2378 }, // U+00B3
    { 12, 8, 229, 1, 34, 24, 2450 }, // U+00B4
    { 24, 32, 444, 2, 32, 192, 2474 }, // U+00B6
    { 8, 7, 176, 2, 15, 14, 2666 }, // U+00B7
    { 11, 13, 214, 1, 2, 36, 2680 }, // U+00B8
    { 10, 19, 190, 0, 32, 48, 2716 }, // U+00B9
    { 17, 17, 332, 2, 32, 73, 2764 }, // U+00BA
    { 29, 25, 499, 2, 25, 182, 2837 }, // U+00BB
    { 35, 34, 602, 1, 33, 298, 3019 }, // U+00BC
    { 36, 34, 622, 1, 33, 306, 3317 }, // U+00BD
    { 38, 34, 667, 2, 33, 323, 3623 }, // U+00BE
    { 25, 32, 433, 2, 23, 200, 3946 }, // U+00BF
    { 32, 43, 499, 0, 43, 344, 4146 }, // U+00C0
    { 32, 43, 499, 0, 43, 344, 4490 }, // U+00C1
    { 32, 44, 499, 0, 44, 352, 4834 }, // U+00C2
    { 32, 41, 499, 0, 41, 328, 5186 }, // U+00C3
    { 32, 41, 499, 0, 41, 328, 5514 }, // U+00C4
    { 31, 45, 499, 0, 45, 349, 5842 }, // U+00C5
    { 44, 32, 705, -1, 32, 352, 6191 }, // U+00C6
    { 29, 43, 504, 2, 32, 312, 6543 }, // U+00C7
    { 25, 43, 460, 3, 43, 269, 6855 }, // U+00C8
    { 25, 43, 460, 3, 43, 269, 7124 }, // U+00C9
    { 25, 44, 460, 3, 44, 275, 7393 }, // U+00CA
    { 25, 41, 460, 3, 41, 257, 0 }, // U+00CB
    { 13, 43, 207, -3, 43, 140, 257 }, // U+00CC
    { 12, 43, 207, 3, 43, 129, 397 }, // U+00CD
    { 18, 44, 207, -3, 44, 198, 526 }, // U+00CE
    { 18, 41, 207, -2, 41, 185, 724 }, // U+00CF
    { 32, 32, 552, 1, 32, 256, 909 }, // U+00D0
    { 28, 41, 526, 3, 41, 287, 1165 }, // U+00D1
    { 30, 43, 531, 2, 43, 323, 1452 }, // U+00D2
    { 30, 43, 531, 2, 43, 323, 1775 }, // U+00D3
    { 30, 44, 531, 2, 44, 330, 2098 }, // U+00D4
    { 30, 42, 531, 2, 42, 315, 2428 }, // U+00D5
    { 30, 42, 531, 2, 42, 315, 2743 }, // U+00D6
    { 22, 21, 387, 1, 25, 116, 3058 }, // U+00D7
    { 31, 38, 531, 1, 35, 295, 3174 }, // U+00D8
    { 28, 43, 528, 3, 43, 301, 3469 }, // U+00D9
    { 28, 43, 528, 3, 43, 301, 3770 }, // U+00DA
    { 28, 44, 528, 3, 44, 308, 4071 }, // U+00DB
    { 28, 42, 528, 3, 42, 294, 4379 }, // U+00DC
    { 31, 43, 478, 0, 43, 334, 4673 }, // U+00DD
    { 27, 32, 488, 3, 32, 216, 5007 }, // U+00DE
    { 32, 32, 518, 0, 32, 256, 5223 }, // U+00DF
    { 23, 34, 428, 2, 34, 196, 5479 }, // U+00E0
    { 23, 34, 428, 2, 34, 196, 5675 }, // U+00E1
    { 23, 35, 428, 2, 35, 202, 5871 }, // U+00E2
    { 23, 32, 428, 2, 32, 184, 6073 }, // U+00E3
    { 23, 32, 428, 2, 32, 184, 6257 }, // U+00E4
    { 23, 36, 428, 2, 36, 207, 6441 }, // U+00E5
    { 40, 23, 682, 2, 23, 230, 6648 }, // U+00E6
    { 23, 34, 411, 2, 23, 196, 6878 }, // U+00E7
    { 24, 34, 424, 2, 34, 204, 7074 }, // U+00E8
    { 24, 34, 424, 2, 34, 204, 7278 }, // U+00E9
    { 24, 35, 424, 2, 35, 210, 7482 }, // U+00EA
    { 24, 32, 424, 2, 32, 192, 7692 }, // U+00EB
    { 13, 34, 194, -3, 34, 111, 0 }, // U+00EC
    { 12, 34, 194, 3, 34, 102, 111 }, // U+00ED
    { 19, 34, 194, -3, 34, 162, 213 }, // U+00EE
    { 18, 32, 194, -3, 32, 144, 375 }, // U+00EF
    { 26, 37, 451, 1, 37, 241, 519 }, // U+00F0
    { 23, 32, 440, 3, 32, 184, 760 }, // U+00F1
    { 24, 34, 436, 2, 34, 204, 944 }, // U+00F2
    { 24, 34, 436, 2, 34, 204, 1148 }, // U+00F3
    { 24, 35, 436, 2, 35, 210, 1352 }, // U+00F4
    { 24, 32, 436, 2, 32, 192, 1562 }, // U+00F5
    { 24, 32, 436, 2, 32, 192, 1754 }, // U+00F6
    { 23, 23, 422, 2, 26, 133, 1946 }, // U+00F7
    { 24, 27, 436, 2, 25, 162, 2079 }, // U+00F8
    { 23, 34, 438, 2, 34, 196, 2241 }, // U+00F9
    { 23, 34, 438, 2, 34, 196, 2437 }, // U+00FA
    { 23, 35, 438, 2, 35, 202, 2633 }, // U+00FB
    { 23, 32, 438, 2, 32, 184, 2835 }, // U+00FC
    { 23, 43, 438, 2, 34, 248, 3019 }, // U+00FD
    { 24, 41, 443, 3, 32, 246, 3267 }, // U+00FE
    { 23, 41, 438, 2, 32, 236, 3513 }, // U+00FF
    { 33, 40, 499, -1, 40, 330, 0 }, // U+0100
    { 23, 32, 428, 2, 32, 184, 330 }, // U+0101
    { 32, 43, 499, 0, 43, 344, 514 }, // U+0102
    { 23, 34, 428, 2, 34, 196, 858 }, // U+0103
    { 34, 42, 499, 0, 32, 357, 1054 }, // U+0104
    { 25, 33, 428, 2, 23, 207, 1411 }, // U+0105
    { 29, 43, 504, 2, 43, 312, 1618 }, // U+0106
    { 23, 34, 411, 2, 34, 196, 1930 }, // U+0107
    { 29, 44, 504, 2, 44, 319, 2126 }, // U+0108
    { 23, 35, 411, 2, 35, 202, 2445 }, // U+0109
    { 29, 43, 504, 2, 43, 312, 2647 }, // U+010A
    { 23, 33, 411, 2, 33, 190, 2959 }, // U+010B
    { 29, 44, 504, 2, 44, 319, 3149 }, // U+010C
    { 23, 35, 411, 2, 35, 202, 3468 }, // U+010D
    { 28, 44, 515, 3, 44, 308, 3670 }, // U+010E
    { 36, 32, 592, 2, 32, 288, 3978 }, // U+010F
    { 32, 32, 552, 1, 32, 256, 4266 }, // U+0110
    { 27, 32, 457, 2, 32, 216, 4522 }, // U+0111
    { 25, 40, 460, 3, 40, 250, 4738 }, // U+0112
    { 24, 32, 424, 2, 32, 192, 4988 }, // U+0113
    { 25, 43, 460, 3, 43, 269, 5180 }, // U+0114
    { 24, 34, 424, 2, 34, 204, 5449 }, // U+0115
    { 25, 42, 460, 3, 42, 263, 5653 }, // U+0116
    { 24, 33, 424, 2, 33, 198, 5916 }, // U+0117
    { 27, 42, 460, 3, 32, 284, 6114 }, // U+0118
    { 24, 33, 424, 2, 23, 198, 6398 }, // U+0119
    { 25, 44, 460, 3, 44, 275, 6596 }, // U+011A
    { 24, 35, 424, 2, 35, 210, 6871 }, // U+011B
    { 29, 44, 522, 2, 44, 319, 7081 }, // U+011C
    { 24, 44, 444, 2, 35, 264, 7400 }, // U+011D
    { 29, 43, 522, 2, 43, 312, 0 }, // U+011E
    { 24, 43, 444, 2, 34, 258, 312 }, // U+011F
    { 29, 43, 522, 2, 43, 312, 570 }, // U+0120
    { 24, 42, 444, 2, 33, 252, 882 }, // U+0121
    { 29, 48, 522, 2, 32, 348, 1134 }, // U+0122
    { 24, 49, 444, 2, 40, 294, 1482 }, // U+0123
    { 28, 44, 532, 3, 44, 308, 1776 }, // U+0124
    { 23, 44, 441, 3, 44, 253, 2084 }, // U+0125
    { 35, 32, 570, 1, 32, 280, 2337 }, // U+0126
    { 26, 32, 460, 1, 32, 208, 2617 }, // U+0127
    { 18, 41, 207, -2, 41, 185, 2825 }, // U+0128
    { 18, 32, 194, -3, 32, 144, 3010 }, // U+0129
    { 15, 40, 207, -1, 40, 150, 3154 }, // U+012A
    { 15, 32, 194, -1, 32, 120, 3304 }, // U+012B
    { 16, 43, 207, -2, 43, 172, 3424 }, // U+012C
    { 16, 33, 194, -2, 33, 132, 3596 }, // U+012D
    { 11, 42, 207, 1, 32, 116, 3728 }, // U+012E
    { 11, 42, 211, 1, 32, 116, 3844 }, // U+012F
    { 8, 42, 207, 3, 42, 84, 3960 }, // U+0130
    { 7, 23, 194, 3, 23, 41, 4044 }, // U+0131
    { 35, 32, 650, 3, 32, 280, 4085 }, // U+0132
    { 22, 41, 431, 3, 32, 226, 4365 }, // U+0133
    { 30, 44, 444, 1, 44, 330, 4591 }, // U+0134
    { 19, 43, 211, -2, 34, 205, 4921 }, // U+0135
    { 28, 48, 494, 3, 32, 336, 5126 }, // U+0136
    { 24, 48, 407, 3, 32, 288, 5462 }, // U+0137
    { 24, 23, 423, 3, 23, 138, 5750 }, // U+0138
    { 24, 43, 431, 3, 43, 258, 5888 }, // U+0139
    { 12, 43, 217, 3, 43, 129, 6146 }, // U+013A
    { 24, 48, 431, 3, 32, 288, 6275 }, // U+013B
    { 13, 48, 217, 1, 32, 156, 6563 }, // U+013C
    { 25, 32, 444, 3, 32, 200, 6719 }, // U+013D
    { 20, 32, 353, 3, 32, 160, 6919 }, // U+013E
    { 24, 32, 431, 3, 32, 192, 7079 }, // U+013F
    { 18, 32, 313, 3, 32, 144, 7271 }, // U+0140
    { 28, 32, 446, 0, 32, 224, 7415 }, // U+0141
    { 15, 32, 243, 1, 32, 120, 7639 }, // U+0142
    { 28, 43, 526, 3, 43, 301, 0 }, // U+0143
    { 23, 34, 440, 3, 34, 196, 301 }, // U+0144
    { 28, 48, 526, 3, 32, 336, 497 }, // U+0145
    { 23, 39, 440, 3, 23, 225, 833 }, // U+0146
    { 28, 44, 526, 3, 44, 308, 1058 }, // U+0147
    { 23, 34, 440, 3, 34, 196, 1366 }, // U+0148
    { 34, 32, 576, 0, 32, 272, 1562 }, // U+0149
    { 28, 41, 529, 3, 32, 287, 1834 }, // U+014A
    { 23, 32, 440, 3, 23, 184, 2121 }, // U+014B
    { 30, 41, 531, 2, 41, 308, 2305 }, // U+014C
    { 24, 32, 436, 2, 32, 192, 2613 }, // U+014D
    { 30, 43, 531, 2, 43, 323, 2805 }, // U+014E
    { 24, 34, 436, 2, 34, 204, 3128 }, // U+014F
    { 30, 43, 531, 2, 43, 323, 3332 }, // U+0150
    { 25, 34, 436, 2, 34, 213, 3655 }, // U+0151
    { 47, 32, 805, 2, 32, 376, 3868 }, // U+0152
    { 41, 23, 704, 2, 23, 236, 4244 }, // U+0153
    { 28, 43, 497, 3, 43, 301, 4480 }, // U+0154
    { 16, 34, 281, 3, 34, 136, 4781 }, // U+0155
    { 28, 48, 497, 3, 32, 336, 4917 }, // U+0156
    { 19, 39, 281, -1, 23, 186, 5253 }, // U+0157
    { 28, 44, 497, 3, 44, 308, 5439 }, // U+0158
    { 19, 34, 281, 1, 34, 162, 5747 }, // U+0159
    { 27, 43, 481, 2, 43, 291, 5909 }, // U+015A
    { 23, 34, 403, 2, 34, 196, 6200 }, // U+015B
    { 27, 44, 481, 2, 44, 297, 6396 }, // U+015C
    { 23, 35, 403, 2, 35, 202, 6693 }, // U+015D
    { 27, 43, 481, 2, 32, 291, 6895 }, // U+015E
    { 23, 34, 403, 2, 23, 196, 7186 }, // U+015F
    { 27, 44, 481, 2, 44, 297, 7382 }, // U+0160
    { 23, 35, 403, 2, 35, 202, 7679 }, // U+0161
    { 27, 43, 444, 1, 32, 291, 0 }, // U+0162
    { 16, 40, 301, 1, 29, 160, 291 }, // U+0163
    { 27, 44, 444, 1, 44, 297, 451 }, // U+0164
    { 28, 32, 458, 1, 32, 224, 748 }, // U+0165
    { 27, 32, 444, 1, 32, 216, 972 }, // U+0166
    { 16, 30, 290, 1, 30, 120, 1188 }, // U+0167
    { 28, 42, 528, 3, 42, 294, 1308 }, // U+0168
    { 23, 32, 438, 2, 32, 184, 1602 }, // U+0169
    { 28, 41, 528, 3, 41, 287, 1786 }, // U+016A
    { 23, 32, 438, 2, 32, 184, 2073 }, // U+016B
    { 28, 43, 528, 3, 43, 301, 2257 }, // U+016C
    { 23, 34, 438, 2, 34, 196, 2558 }, // U+016D
    { 28, 45, 528, 3, 45, 315, 2754 }, // U+016E
    { 23, 36, 438, 2, 36, 207, 3069 }, // U+016F
    { 28, 43, 528, 3, 43, 301, 3276 }, // U+0170
    { 24, 34, 438, 2, 34, 204, 3577 }, // U+0171
    { 28, 42, 528, 3, 32, 294, 3781 }, // U+0172
    { 25, 33, 438, 2, 23, 207, 4075 }, // U+0173
    { 40, 44, 643, 0, 44, 440, 4282 }, // U+0174
    { 34, 34, 549, 0, 34, 289, 4722 }, // U+0175
    { 31, 43, 478, 0, 43, 334, 5011 }, // U+0176
    { 23, 44, 438, 2, 35, 253, 5345 }, // U+0177
    { 32, 41, 478, -1, 41, 328, 5598 }, // U+0178
    { 26, 43, 444, 1, 43, 280, 5926 }, // U+0179
    { 21, 34, 367, 1, 34, 179, 6206 }, // U+017A
    { 26, 42, 444, 1, 42, 273, 6385 }, // U+017B
    { 21, 33, 367, 1, 33, 174, 6658 }, // U+017C
    { 26, 44, 444, 1, 44, 286, 6832 }, // U+017D
    { 21, 34, 367, 1, 34, 179, 7118 }, // U+017E
    { 38, 32, 611, 2, 32, 304, 0 }, // U+01A0
    { 32, 23, 532, 2, 23, 184, 304 }, // U+01A1
    { 38, 32, 618, 3, 32, 304, 488 }, // U+01AF
    { 32, 23, 532, 2, 23, 184, 792 }, // U+01B0
    { 32, 44, 499, 0, 44, 352, 976 }, // U+01CD
    { 23, 35, 428, 2, 35, 202, 1328 }, // U+01CE
    { 18, 44, 207, -3, 44, 198, 1530 }, // U+01CF
    { 19, 34, 194, -3, 34, 162, 1728 }, // U+01D0
    { 30, 44, 531, 2, 44, 330, 1890 }, // U+01D1
    { 24, 35, 436, 2, 35, 210, 2220 }, // U+01D2
    { 28, 44, 528, 3, 44, 308, 2430 }, // U+01D3
    { 23, 35, 438, 2, 35, 202, 2738 }, // U+01D4
    { 28, 50, 528, 3, 50, 350, 2940 }, // U+01D5
    { 23, 40, 438, 2, 40, 230, 3290 }, // U+01D6
    { 28, 51, 528, 3, 51, 357, 3520 }, // U+01D7
    { 23, 42, 438, 2, 42, 242, 3877 }, // U+01D8
    { 28, 51, 528, 3, 51, 357, 4119 }, // U+01D9
    { 23, 42, 438, 2, 42, 242, 4476 }, // U+01DA
    { 28, 51, 528, 3, 51, 357, 4718 }, // U+01DB
    { 23, 42, 438, 2, 42, 242, 5075 }, // U+01DC
    { 29, 44, 522, 2, 44, 319, 5317 }, // U+01E6
    { 24, 44, 444, 2, 35, 264, 5636 }, // U+01E7
    { 31, 55, 499, 0, 55, 427, 5900 }, // U+01FA
    { 23, 47, 428, 2, 47, 271, 6327 }, // U+01FB
    { 44, 43, 705, -1, 43, 473, 6598 }, // U+01FC
    { 40, 34, 682, 2, 34, 340, 7071 }, // U+01FD
    { 31, 46, 531, 1, 43, 357, 7411 }, // U+01FE
    { 24, 36, 436, 2, 34, 216, 7768 }, // U+01FF
    { 27, 48, 481, 2, 32, 324, 0 }, // U+0218
    { 23, 39, 403, 2, 23, 225, 324 }, // U+0219
    { 27, 48, 444, 1, 32, 324, 549 }, // U+021A
    { 16, 46, 301, 1, 30, 184, 873 }, // U+021B
    { 12, 8, 0, -9, 34, 24, 0 }, // U+0300
    { 13, 8, 0, -4, 34, 26, 24 }, // U+0301
    { 18, 9, 0, -9, 35, 41, 50 }, // U+0302
    { 18, 7, 0, -9, 32, 32, 91 }, // U+0303
    { 15, 6, 0, -7, 32, 23, 123 }, // U+0304
    { 16, 8, 0, -8, 33, 32, 146 }, // U+0306
    { 8, 7, 0, -4, 32, 14, 178 }, // U+0307
    { 18, 6, 0, -9, 32, 27, 192 }, // U+0308
    { 12, 12, 0, -6, 37, 36, 219 }, // U+0309
    { 11, 11, 0, -6, 36, 31, 255 }, // U+030A
    { 21, 8, 0, -8, 34, 42, 286 }, // U+030B
    { 18, 9, 0, -9, 35, 41, 328 }, // U+030C
    { 12, 12, 0, -6, 29, 36, 369 }, // U+031B
    { 8, 7, 0, -4, -3, 14, 405 }, // U+0323
    { 18, 6, 0, -9, -3, 27, 419 }, // U+0324
    { 11, 13, 0, -16, -3, 36, 446 }, // U+0326
    { 11, 13, 0, -5, 2, 36, 482 }, // U+0327
    { 11, 11, 0, -5, 1, 31, 518 }, // U+0328
    { 16, 8, 0, -8, -3, 32, 549 }, // U+032E
    { 15, 6, 0, -7, -3, 23, 581 }, // U+0331
    { 26, 26, 466, 1, 26, 169, 0 }, // U+0E01
    { 25, 26, 453, 1, 26, 163, 169 }, // U+0E02
    { 25, 26, 462, 1, 26, 163, 332 }, // U+0E03
    { 25, 26, 480, 3, 26, 163, 495 }, // U+0E04
    { 25, 26, 484, 3, 26, 163, 658 }, // U+0E05
    { 27, 26, 495, 1, 26, 176, 821 }, // U+0E06
    { 22, 26, 397, 0, 26, 143, 997 }, // U+0E07
    { 24, 26, 445, 1, 26, 156, 1140 }, // U+0E08
    { 26, 26, 465, 1, 26, 169, 1296 }, // U+0E09
    { 27, 28, 454, 1, 28, 189, 1465 }, // U+0E0A
    { 27, 28, 463, 1, 28, 189, 1654 }, // U+0E0B
    { 39, 26, 684, 1, 26, 254, 1843 }, // U+0E0C
    { 40, 38, 686, 1, 26, 380, 2097 }, // U+0E0D
    { 26, 38, 477, 1, 26, 247, 2477 }, // U+0E0E
    { 26, 38, 477, 1, 26, 247, 2724 }, // U+0E0F
    { 24, 39, 416, 1, 26, 234, 2971 }, // U+0E10
    { 28, 26, 501, 1, 26, 182, 3205 }, // U+0E11
    { 38, 26, 695, 3, 26, 247, 3387 }, // U+0E12
    { 41, 26, 680, 1, 26, 267, 3634 }, // U+0E13
    { 25, 26, 482, 3, 26, 163, 3901 }, // U+0E14
    { 25, 26, 485, 3, 26, 163, 4064 }, // U+0E15
    { 26, 26, 466, 1, 26, 169, 4227 }, // U+0E16
    { 28, 26, 499, 1, 26, 182, 4396 }, // U+0E17
    { 23, 26, 433, 2, 26, 150, 4578 }, // U+0E18
    { 29, 26, 486, 1, 26, 189, 4728 }, // U+0E19
    { 28, 26, 495, 1, 26, 182, 4917 }, // U+0E1A
    { 28, 35, 496, 1, 35, 245, 5099 }, // U+0E1B
    { 25, 26, 476, 3, 26, 163, 5344 }, // U+0E1C
    { 25, 35, 477, 3, 35, 219, 5507 }, // U+0E1D
    { 30, 26, 537, 1, 26, 195, 5726 }, // U+0E1E
    { 31, 35, 539, 1, 35, 272, 5921 }, // U+0E1F
    { 26, 26, 475, 1, 26, 169, 6193 }, // U+0E20
    { 26, 26, 473, 2, 26, 169, 6362 }, // U+0E21
    { 24, 26, 457, 2, 26, 156, 6531 }, // U+0E22
    { 23, 26, 388, 1, 26, 150, 6687 }, // U+0E23
    { 26, 35, 468, 1, 26, 228, 6837 }, // U+0E24
    { 24, 26, 448, 2, 26, 156, 7065 }, // U+0E25
    { 26, 35, 477, 1, 26, 228, 7221 }, // U+0E26
    { 22, 26, 409, 1, 26, 143, 7449 }, // U+0E27
    { 25, 28, 482, 3, 28, 175, 0 }, // U+0E28
    { 34, 26, 535, 1, 26, 221, 175 }, // U+0E29
    { 25, 28, 448, 2, 28, 175, 396 }, // U+0E2A
    { 28, 26, 490, 1, 26, 182, 571 }, // U+0E2B
    { 35, 35, 540, 1, 35, 307, 753 }, // U+0E2C
    { 25, 26, 455, 1, 26, 163, 1060 }, // U+0E2D
    { 24, 28, 452, 2, 28, 168, 1223 }, // U+0E2E
    { 23, 26, 421, 1, 26, 150, 1391 }, // U+0E2F
    { 21, 26, 379, 1, 26, 137, 1541 }, // U+0E30
    { 21, 12, 0, -18, 41, 63, 1678 }, // U+0E31
    { 22, 26, 399, 1, 26, 143, 1741 }, // U+0E32
    { 35, 41, 399, -12, 41, 359, 1884 }, // U+0E33
    { 23, 13, 0, -26, 41, 75, 2243 }, // U+0E34
    { 23, 14, 0, -25, 42, 81, 2318 }, // U+0E35
    { 24, 15, 0, -25, 43, 90, 2399 }, // U+0E36
    { 23, 15, 0, -26, 43, 87, 2489 }, // U+0E37
    { 12, 14, 0, -14, -3, 42, 2576 }, // U+0E38
    { 19, 14, 0, -22, -3, 67, 2618 }, // U+0E39
    { 7, 7, 0, -10, -3, 13, 2685 }, // U+0E3A
    { 28, 43, 506, 3, 38, 301, 2698 }, // U+0E3F
    { 12, 26, 249, 3, 26, 78, 2999 }, // U+0E40
    { 26, 26, 469, 3, 26, 169, 3077 }, // U+0E41
    { 21, 44, 312, -2, 44, 231, 3246 }, // U+0E42
    { 21, 44, 323, -1, 44, 231, 3477 }, // U+0E43
    { 25, 44, 334, -5, 44, 275, 3708 }, // U+0E44
    { 22, 35, 399, 1, 26, 193, 3983 }, // U+0E45
    { 22, 38, 422, 1, 26, 209, 4176 }, // U+0E46
    { 20, 16, 0, -24, 45, 80, 4385 }, // U+0E47
    { 7, 10, 0, -9, 39, 18, 4465 }, // U+0E48
    { 19, 13, 0, -18, 42, 62, 4483 }, // U+0E49
    { 23, 12, 0, -23, 41, 69, 4545 }, // U+0E4A
    { 15, 12, 0, -13, 41, 45, 4614 }, // U+0E4B
    { 18, 14, 0, -18, 43, 63, 4659 }, // U+0E4C
    { 12, 12, 0, -12, 41, 36, 4722 }, // U+0E4D
    { 16, 17, 0, -18, 46, 68, 4758 }, // U+0E4E
    { 26, 26, 473, 2, 26, 169, 4826 }, // U+0E4F
    { 27, 24, 482, 2, 24, 162, 4995 }, // U+0E50
    { 27, 27, 480, 2, 24, 183, 5157 }, // U+0E51
    { 35, 33, 557, -2, 33, 289, 5340 }, // U+0E52
    { 27, 24, 500, 2, 24, 162, 5629 }, // U+0E53
    { 29, 33, 480, 2, 33, 240, 5791 }, // U+0E54
    { 29, 33, 480, 2, 33, 240, 6031 }, // U+0E55
    { 31, 34, 493, -2, 34, 264, 6271 }, // U+0E56
    { 35, 33, 627, 2, 33, 289, 6535 }, // U+0E57
    { 29, 33, 521, 2, 33, 240, 6824 }, // U+0E58
    { 33, 33, 560, 2, 33, 273, 7064 }, // U+0E59
    { 34, 26, 587, 1, 26, 221, 7337 }, // U+0E5A
    { 54, 28, 902, 1, 28, 378, 0 }, // U+0E5B
    { 32, 42, 499, 0, 32, 336, 0 }, // U+1EA0
    { 23, 33, 428, 2, 23, 190, 336 }, // U+1EA1
    { 32, 46, 499, -1, 46, 368, 526 }, // U+1EA2
    { 23, 37, 428, 2, 37, 213, 894 }, // U+1EA3
    { 32, 49, 499, 0, 49, 392, 1107 }, // U+1EA4
    { 27, 41, 428, 2, 41, 277, 1499 }, // U+1EA5
    { 32, 49, 499, 0, 49, 392, 1776 }, // U+1EA6
    { 24, 41, 428, 2, 41, 246, 2168 }, // U+1EA7
    { 32, 51, 499, 0, 51, 408, 2414 }, // U+1EA8
    { 26, 42, 428, 2, 42, 273, 2822 }, // U+1EA9
    { 32, 51, 499, 0, 51, 408, 3095 }, // U+1EAA
    { 23, 42, 428, 2, 42, 242, 3503 }, // U+1EAB
    { 32, 54, 499, 0, 44, 432, 3745 }, // U+1EAC
    { 23, 45, 428, 2, 35, 259, 4177 }, // U+1EAD
    { 32, 51, 499, 0, 51, 408, 4436 }, // U+1EAE
    { 23, 43, 428, 2, 43, 248, 4844 }, // U+1EAF
    { 32, 51, 499, 0, 51, 408, 5092 }, // U+1EB0
    { 23, 43, 428, 2, 43, 248, 5500 }, // U+1EB1
    { 32, 54, 499, 0, 54, 432, 5748 }, // U+1EB2
    { 23, 45, 428, 2, 45, 259, 6180 }, // U+1EB3
    { 32, 51, 499, 0, 51, 408, 6439 }, // U+1EB4
    { 23, 43, 428, 2, 43, 248, 6847 }, // U+1EB5
    { 32, 53, 499, 0, 43, 424, 7095 }, // U+1EB6
    { 23, 44, 428, 2, 34, 253, 7519 }, // U+1EB7
    { 25, 42, 460, 3, 32, 263, 7772 }, // U+1EB8
    { 24, 33, 424, 2, 23, 198, 0 }, // U+1EB9
    { 25, 46, 460, 3, 46, 288, 198 }, // U+1EBA
    { 24, 37, 424, 2, 37, 222, 486 }, // U+1EBB
    { 25, 41, 460, 3, 41, 257, 708 }, // U+1EBC
    { 24, 32, 424, 2, 32, 192, 965 }, // U+1EBD
    { 28, 49, 460, 3, 49, 343, 1157 }, // U+1EBE
    { 27, 41, 424, 2, 41, 277, 1500 }, // U+1EBF
    { 25, 49, 460, 3, 49, 307, 1777 }, // U+1EC0
    { 24, 41, 424, 2, 41, 246, 2084 }, // U+1EC1
    { 27, 51, 460, 3, 51, 345, 2330 }, // U+1EC2
    { 26, 42, 424, 2, 42, 273, 2675 }, // U+1EC3
    { 25, 51, 460, 3, 51, 319, 2948 }, // U+1EC4
    { 24, 42, 424, 2, 42, 252, 3267 }, // U+1EC5
    { 25, 54, 460, 3, 44, 338, 3519 }, // U+1EC6
    { 24, 45, 424, 2, 35, 270, 3857 }, // U+1EC7
    { 12, 46, 207, 1, 46, 138, 4127 }, // U+1EC8
    { 12, 37, 194, 0, 37, 111, 4265 }, // U+1EC9
    { 8, 42, 207, 3, 32, 84, 4376 }, // U+1ECA
    { 8, 42, 211, 3, 32, 84, 4460 }, // U+1ECB
    { 30, 42, 531, 2, 32, 315, 4544 }, // U+1ECC
    { 24, 33, 436, 2, 23, 198, 4859 }, // U+1ECD
    { 30, 46, 531, 2, 46, 345, 5057 }, // U+1ECE
    { 24, 37, 436, 2, 37, 222, 5402 }, // U+1ECF
    { 30, 50, 531, 2, 50, 375, 5624 }, // U+1ED0
    { 27, 41, 436, 2, 41, 277, 5999 }, // U+1ED1
    { 30, 50, 531, 2, 50, 375, 6276 }, // U+1ED2
    { 25, 41, 436, 2, 41, 257, 6651 }, // U+1ED3
    { 30, 51, 531, 2, 51, 383, 6908 }, // U+1ED4
    { 26, 42, 436, 2, 42, 273, 7291 }, // U+1ED5
    { 30, 51, 531, 2, 51, 383, 0 }, // U+1ED6
    { 24, 42, 436, 2, 42, 252, 383 }, // U+1ED7
    { 30, 54, 531, 2, 44, 405, 635 }, // U+1ED8
    { 24, 45, 436, 2, 35, 270, 1040 }, // U+1ED9
    { 38, 43, 611, 2, 43, 409, 1310 }, // U+1EDA
    { 32, 34, 532, 2, 34, 272, 1719 }, // U+1EDB
    { 38, 43, 611, 2, 43, 409, 1991 }, // U+1EDC
    { 32, 34, 532, 2, 34, 272, 2400 }, // U+1EDD
    { 38, 46, 611, 2, 46, 437, 2672 }, // U+1EDE
    { 32, 37, 532, 2, 37, 296, 3109 }, // U+1EDF
    { 38, 42, 611, 2, 42, 399, 3405 }, // U+1EE0
    { 32, 32, 532, 2, 32, 256, 3804 }, // U+1EE1
    { 38, 42, 611, 2, 32, 399, 4060 }, // U+1EE2
    { 32, 33, 532, 2, 23, 264, 4459 }, // U+1EE3
    { 28, 42, 528, 3, 32, 294, 4723 }, // U+1EE4
    { 23, 33, 438, 2, 23, 190, 5017 }, // U+1EE5
    { 28, 46, 528, 3, 46, 322, 5207 }, // U+1EE6
    { 23, 37, 438, 2, 37, 213, 5529 }, // U+1EE7
    { 38, 43, 618, 3, 43, 409, 5742 }, // U+1EE8
    { 32, 34, 532, 2, 34, 272, 6151 }, // U+1EE9
    { 38, 43, 618, 3, 43, 409, 6423 }, // U+1EEA
    { 32, 34, 532, 2, 34, 272, 6832 }, // U+1EEB
    { 38, 46, 618, 3, 46, 437, 7104 }, // U+1EEC
    { 32, 37, 532, 2, 37, 296, 7541 }, // U+1EED
    { 38, 42, 618, 3, 42, 399, 0 }, // U+1EEE
    { 32, 32, 532, 2, 32, 256, 399 }, // U+1EEF
    { 38, 42, 618, 3, 32, 399, 655 }, // U+1EF0
    { 32, 33, 532, 2, 23, 264, 1054 }, // U+1EF1
    { 31, 43, 478, 0, 43, 334, 1318 }, // U+1EF2
    { 23, 43, 438, 2, 34, 248, 1652 }, // U+1EF3
    { 32, 42, 478, -1, 32, 336, 1900 }, // U+1EF4
    { 23, 42, 438, 2, 23, 242, 2236 }, // U+1EF5
    { 30, 46, 478, 0, 46, 345, 2478 }, // U+1EF6
    { 23, 46, 438, 2, 37, 265, 2823 }, // U+1EF7
    { 32, 41, 478, -1, 41, 328, 3088 }, // U+1EF8
    { 23, 41, 438, 2, 32, 236, 3416 }, // U+1EF9
    { 0, 0, 494, 0, 0, 0, 0 }, // U+2007
    { 30, 6, 538, 2, 15, 45, 0 }, // U+2010
    { 27, 6, 480, 2, 15, 41, 45 }, // U+2012
    { 27, 6, 491, 2, 15, 41, 86 }, // U+2013
    { 32, 6, 568, 2, 15, 48, 127 }, // U+2014
    { 32, 6, 568, 2, 15, 48, 175 }, // U+2015
    { 10, 14, 199, 1, 32, 35, 223 }, // U+2018
    { 11, 14, 199, 1, 32, 39, 258 }, // U+2019
    { 11, 14, 185, -1, 5, 39, 297 }, // U+201A
    { 20, 14, 359, 1, 32, 70, 336 }, // U+201C
    { 21, 14, 359, 1, 32, 74, 406 }, // U+201D
    { 21, 14, 352, -1, 5, 74, 480 }, // U+201E
    { 22, 35, 402, 2, 32, 193, 554 }, // U+2020
    { 22, 35, 402, 2, 32, 193, 747 }, // U+2021
    { 12, 12, 252, 2, 19, 36, 940 }, // U+2022
    { 28, 7, 496, 2, 7, 49, 976 }, // U+2026
    { 65, 34, 1088, 2, 33, 553, 1025 }, // U+2030
    { 7, 11, 155, 2, 32, 20, 1578 }, // U+2032
    { 15, 11, 290, 2, 32, 42, 1598 }, // U+2033
    { 16, 25, 289, 0, 25, 100, 1640 }, // U+2039
    { 16, 25, 289, 2, 25, 100, 1740 }, // U+203A
    { 25, 34, 114, -9, 33, 213, 1840 }, // U+2044
    { 16, 19, 296, 1, 32, 76, 0 }, // U+2070
    { 16, 19, 277, 1, 32, 76, 76 }, // U+2074
    { 15, 19, 279, 1, 32, 72, 152 }, // U+2075
    { 15, 19, 282, 1, 32, 72, 224 }, // U+2076
    { 14, 19, 243, 1, 32, 67, 296 }, // U+2077
    { 16, 19, 296, 1, 32, 76, 363 }, // U+2078
    { 15, 19, 282, 1, 32, 72, 439 }, // U+2079
    { 9, 21, 169, 2, 32, 48, 511 }, // U+207D
    { 9, 21, 169, 0, 32, 48, 559 }, // U+207E
    { 16, 16, 325, 2, 32, 64, 607 }, // U+207F
    { 16, 19, 296, 1, 12, 76, 671 }, // U+2080
    { 10, 19, 190, 0, 12, 48, 747 }, // U+2081
    { 14, 19, 271, 1, 12, 67, 795 }, // U+2082
    { 15, 19, 285, 1, 12, 72, 862 }, // U+2083
    { 16, 19, 277, 1, 12, 76, 934 }, // U+2084
    { 15, 19, 279, 1, 12, 72, 1010 }, // U+2085
    { 15, 19, 282, 1, 12, 72, 1082 }, // U+2086
    { 14, 19, 243, 1, 12, 67, 1154 }, // U+2087
    { 16, 19, 296, 1, 12, 76, 1221 }, // U+2088
    { 15, 19, 282, 1, 12, 72, 1297 }, // U+2089
    { 9, 21, 169, 2, 13, 48, 1369 }, // U+208D
    { 9, 21, 169, 0, 13, 48, 1417 }, // U+208E
    { 23, 30, 411, 2, 27, 173, 0 }, // U+20A1
    { 28, 32, 498, 2, 32, 224, 173 }, // U+20A4
    { 35, 32, 623, 2, 32, 280, 397 }, // U+20A6
    { 34, 32, 581, 2, 32, 272, 677 }, // U+20A7
    { 27, 40, 457, 2, 32, 270, 949 }, // U+20AB
    { 33, 32, 546, 1, 32, 264, 1219 }, // U+20AC
    { 34, 32, 584, 2, 32, 272, 1483 }, // U+20B1
    { 29, 42, 522, 2, 37, 305, 1755 }, // U+20B2
    { 29, 42, 504, 2, 37, 305, 2060 }, // U+20B5
    { 27, 33, 463, 1, 33, 223, 2365 }, // U+20B9
    { 27, 32, 466, 2, 32, 216, 2588 }, // U+20BA
    { 31, 32, 527, 2, 32, 248, 2804 }, // U+20BD
    { 30, 18, 510, 1, 21, 135, 0 }, // U+2190
    { 18, 29, 320, 1, 27, 131, 135 }, // U+2191
    { 30, 18, 510, 1, 21, 135, 266 }, // U+2192
    { 18, 29, 320, 1, 27, 131, 401 }, // U+2193
    { 27, 37, 460, 1, 36, 250, 0 }, // U+2202
    { 35, 36, 610, 2, 32, 315, 250 }, // U+220F
    { 30, 40, 532, 2, 36, 300, 565 }, // U+2211
    { 23, 6, 422, 2, 18, 35, 865 }, // U+2212
    { 26, 33, 418, 0, 33, 215, 900 }, // U+2215
    { 14, 13, 252, 1, 19, 46, 1115 }, // U+2219
    { 28, 33, 486, 1, 33, 231, 1161 }, // U+221A
    { 40, 21, 680, 1, 26, 210, 1392 }, // U+221E
    { 26, 41, 446, 1, 33, 267, 1602 }, // U+222B
    { 27, 22, 455, 1, 25, 149, 1869 }, // U+2248
    { 21, 26, 391, 2, 27, 137, 2018 }, // U+2260
    { 25, 31, 416, 0, 31, 194, 2155 }, // U+2264
    { 25, 31, 416, 1, 31, 194, 2349 }, // U+2265
    { 24, 32, 436, 1, 32, 192, 0 }, // U+FB01
    { 29, 32, 476, 1, 32, 232, 192 }, // U+FB02
};

static const EpdUnicodeInterval baijamjuree_22_boldIntervals[] = {
    { 0x0, 0x0, 0x0 },
    { 0xD, 0xD, 0x1 },
    { 0x20, 0x7E, 0x2 },
    { 0xA0, 0xB4, 0x61 },
    { 0xB6, 0xFF, 0x76 },
    { 0x100, 0x17E, 0xC0 },
    { 0x1A0, 0x1A1, 0x13F },
    { 0x1AF, 0x1B0, 0x141 },
    { 0x1CD, 0x1DC, 0x143 },
    { 0x1E6, 0x1E7, 0x153 },
    { 0x1FA, 0x1FF, 0x155 },
    { 0x218, 0x21B, 0x15B },
    { 0x300, 0x304, 0x15F },
    { 0x306, 0x30C, 0x164 },
    { 0x31B, 0x31B, 0x16B },
    { 0x323, 0x324, 0x16C },
    { 0x326, 0x328, 0x16E },
    { 0x32E, 0x32E, 0x171 },
    { 0x331, 0x331, 0x172 },
    { 0xE01, 0xE3A, 0x173 },
    { 0xE3F, 0xE5B, 0x1AD },
    { 0x1EA0, 0x1EF9, 0x1CA },
    { 0x2007, 0x2007, 0x224 },
    { 0x2010, 0x2010, 0x225 },
    { 0x2012, 0x2015, 0x226 },
    { 0x2018, 0x201A, 0x22A },
    { 0x201C, 0x201E, 0x22D },
    { 0x2020, 0x2022, 0x230 },
    { 0x2026, 0x2026, 0x233 },
    { 0x2030, 0x2030, 0x234 },
    { 0x2032, 0x2033, 0x235 },
    { 0x2039, 0x203A, 0x237 },
    { 0x2044, 0x2044, 0x239 },
    { 0x2070, 0x2070, 0x23A },
    { 0x2074, 0x2079, 0x23B },
    { 0x207D, 0x2089, 0x241 },
    { 0x208D, 0x208E, 0x24E },
    { 0x20A1, 0x20A1, 0x250 },
    { 0x20A4, 0x20A4, 0x251 },
    { 0x20A6, 0x20A7, 0x252 },
    { 0x20AB, 0x20AC, 0x254 },
    { 0x20B1, 0x20B2, 0x256 },
    { 0x20B5, 0x20B5, 0x258 },
    { 0x20B9, 0x20BA, 0x259 },
    { 0x20BD, 0x20BD, 0x25B },
    { 0x2190, 0x2193, 0x25C },
    { 0x2202, 0x2202, 0x260 },
    { 0x220F, 0x220F, 0x261 },
    { 0x2211, 0x2212, 0x262 },
    { 0x2215, 0x2215, 0x264 },
    { 0x2219, 0x221A, 0x265 },
    { 0x221E, 0x221E, 0x267 },
    { 0x222B, 0x222B, 0x268 },
    { 0x2248, 0x2248, 0x269 },
    { 0x2260, 0x2260, 0x26A },
    { 0x2264, 0x2265, 0x26B },
    { 0xFB01, 0xFB02, 0x26D },
};

static const EpdFontGroup baijamjuree_22_boldGroups[] = {
    { 0, 2358, 7987, 47, 0 },
    { 2358, 2361, 8066, 45, 47 },
    { 4719, 238, 650, 5, 92 },
    { 4957, 2455, 7997, 42, 97 },
    { 7412, 1667, 8188, 33, 139 },
    { 9079, 801, 3881, 20, 172 },
    { 9880, 1777, 8094, 30, 192 },
    { 11657, 1638, 8117, 37, 222 },
    { 13295, 1649, 8133, 31, 259 },
    { 14944, 1579, 7559, 29, 290 },
    { 16523, 1984, 8192, 28, 319 },
    { 18507, 390, 1090, 4, 347 },
    { 18897, 355, 645, 20, 351 },
    { 19252, 2790, 8024, 39, 371 },
    { 22042, 3021, 8040, 47, 410 },
    { 25063, 238, 392, 1, 457 },
    { 25301, 1594, 8187, 25, 458 },
    { 26895, 1276, 7965, 29, 483 },
    { 28171, 1239, 8078, 24, 512 },
    { 29410, 743, 3768, 12, 536 },
    { 30153, 693, 2179, 22, 548 },
    { 30846, 420, 1589, 22, 570 },
    { 31266, 944, 3219, 12, 592 },
    { 32210, 188, 578, 4, 604 },
    { 32398, 867, 2694, 13, 608 },
    { 33265, 110, 448, 2, 621 },
};

static const EpdKernClassEntry baijamjuree_22_boldKernLeftClasses[] = {
    { 0x002C, 1 }, // ,
    { 0x002D, 2 }, // -
    { 0x002E, 3 }, // .
    { 0x002F, 4 }, // /
    { 0x0030, 5 }, // 0
    { 0x0032, 6 }, // 2
    { 0x0033, 7 }, // 3
    { 0x0034, 8 }, // 4
    { 0x0035, 9 }, // 5
    { 0x0036, 10 }, // 6
    { 0x0037, 11 }, // 7
    { 0x0038, 12 }, // 8
    { 0x0039, 13 }, // 9
    { 0x0041, 14 }, // A
    { 0x0042, 15 }, // B
    { 0x0043, 16 }, // C
    { 0x0044, 17 }, // D
    { 0x0045, 18 }, // E
    { 0x0046, 19 }, // F
    { 0x0047, 20 }, // G
    { 0x004A, 21 }, // J
    { 0x004B, 22 }, // K
    { 0x004C, 23 }, // L
    { 0x004F, 24 }, // O
    { 0x0050, 25 }, // P
    { 0x0051, 26 }, // Q
    { 0x0052, 27 }, // R
    { 0x0053, 28 }, // S
    { 0x0054, 29 }, // T
    { 0x0055, 30 }, // U
    { 0x0056, 31 }, // V
    { 0x0057, 32 }, // W
    { 0x0058, 33 }, // X
    { 0x0059, 34 }, // Y
    { 0x005A, 35 }, // Z
    { 0x0061, 36 }, // a
    { 0x0062, 37 }, // b
    { 0x0063, 38 }, // c
    { 0x0064, 39 }, // d
    { 0x0065, 40 }, // e
    { 0x0066, 41 }, // f
    { 0x0067, 42 }, // g
    { 0x0068, 36 }, // h
    { 0x0069, 43 }, // i
    { 0x006A, 43 }, // j
    { 0x006B, 44 }, // k
    { 0x006C, 45 }, // l
    { 0x006D, 36 }, // m
    { 0x006E, 36 }, // n
    { 0x006F, 37 }, // o
    { 0x0070, 37 }, // p
    { 0x0071, 42 }, // q
    { 0x0072, 46 }, // r
    { 0x0073, 47 }, // s
    { 0x0074, 48 }, // t
    { 0x0075, 42 }, // u
    { 0x0076, 49 }, // v
    { 0x0077, 50 }, // w
    { 0x0078, 51 }, // x
    { 0x0079, 42 }, // y
    { 0x007A, 52 }, // z
    { 0x00AD, 2 }, // U+00AD
    { 0x00BF, 53 }, // U+00BF
    { 0x00C0, 14 }, // U+00C0
    { 0x00C1, 14 }, // U+00C1
    { 0x00C2, 14 }, // U+00C2
    { 0x00C3, 14 }, // U+00C3
    { 0x00C4, 14 }, // U+00C4
    { 0x00C5, 14 }, // U+00C5
    { 0x00C6, 14 }, // U+00C6
    { 0x00C7, 16 }, // U+00C7
    { 0x00C8, 18 }, // U+00C8
    { 0x00C9, 18 }, // U+00C9
    { 0x00CA, 18 }, // U+00CA
    { 0x00CB, 18 }, // U+00CB
    { 0x00D2, 24 }, // U+00D2
    { 0x00D3, 24 }, // U+00D3
    { 0x00D4, 24 }, // U+00D4
    { 0x00D5, 24 }, // U+00D5
    { 0x00D6, 24 }, // U+00D6
    { 0x00D8, 24 }, // U+00D8
    { 0x00D9, 30 }, // U+00D9
    { 0x00DA, 30 }, // U+00DA
    { 0x00DB, 30 }, // U+00DB
    { 0x00DC, 30 }, // U+00DC
    { 0x00DD, 34 }, // U+00DD
    { 0x00E0, 36 }, // U+00E0
    { 0x00E1, 36 }, // U+00E1
    { 0x00E2, 36 }, // U+00E2
    { 0x00E3, 36 }, // U+00E3
    { 0x00E4, 36 }, // U+00E4
    { 0x00E5, 36 }, // U+00E5
    { 0x00E6, 40 }, // U+00E6
    { 0x00E7, 38 }, // U+00E7
    { 0x00E8, 40 }, // U+00E8
    { 0x00E9, 40 }, // U+00E9
    { 0x00EA, 40 }, // U+00EA
    { 0x00EB, 40 }, // U+00EB
    { 0x00F1, 36 }, // U+00F1
    { 0x00F2, 37 }, // U+00F2
    { 0x00F3, 37 }, // U+00F3
    { 0x00F4, 37 }, // U+00F4
    { 0x00F5, 37 }, // U+00F5
    { 0x00F6, 37 }, // U+00F6
    { 0x00F8, 37 }, // U+00F8
    { 0x00F9, 42 }, // U+00F9
    { 0x00FA, 42 }, // U+00FA
    { 0x00FB, 42 }, // U+00FB
    { 0x00FC, 42 }, // U+00FC
    { 0x00FD, 42 }, // U+00FD
    { 0x00FE, 37 }, // U+00FE
    { 0x00FF, 42 }, // U+00FF
    { 0x0100, 14 }, // U+0100
    { 0x0101, 36 }, // U+0101
    { 0x0102, 14 }, // U+0102
    { 0x0103, 36 }, // U+0103
    { 0x0104, 14 }, // U+0104
    { 0x0105, 36 }, // U+0105
    { 0x0106, 16 }, // U+0106
    { 0x0107, 38 }, // U+0107
    { 0x0108, 16 }, // U+0108
    { 0x0109, 38 }, // U+0109
    { 0x010A, 16 }, // U+010A
    { 0x010B, 38 }, // U+010B
    { 0x010C, 16 }, // U+010C
    { 0x010D, 38 }, // U+010D
    { 0x010E, 17 }, // U+010E
    { 0x010F, 54 }, // U+010F
    { 0x0110, 17 }, // U+0110
    { 0x0112, 18 }, // U+0112
    { 0x0113, 40 }, // U+0113
    { 0x0114, 18 }, // U+0114
    { 0x0115, 40 }, // U+0115
    { 0x0116, 18 }, // U+0116
    { 0x0117, 40 }, // U+0117
    { 0x0118, 18 }, // U+0118
    { 0x0119, 40 }, // U+0119
    { 0x011A, 18 }, // U+011A
    { 0x011B, 40 }, // U+011B
    { 0x011C, 20 }, // U+011C
    { 0x011D, 42 }, // U+011D
    { 0x011E, 20 }, // U+011E
    { 0x011F, 42 }, // U+011F
    { 0x0120, 20 }, // U+0120
    { 0x0121, 42 }, // U+0121
    { 0x0122, 20 }, // U+0122
    { 0x0123, 42 }, // U+0123
    { 0x0125, 36 }, // U+0125
    { 0x0127, 36 }, // U+0127
    { 0x0132, 21 }, // U+0132
    { 0x0134, 21 }, // U+0134
    { 0x0136, 22 }, // U+0136
    { 0x0137, 44 }, // U+0137
    { 0x0138, 44 }, // U+0138
    { 0x0139, 23 }, // U+0139
    { 0x013A, 45 }, // U+013A
    { 0x013B, 23 }, // U+013B
    { 0x013C, 45 }, // U+013C
    { 0x013D, 23 }, // U+013D
    { 0x013E, 54 }, // U+013E
    { 0x013F, 23 }, // U+013F
    { 0x0140, 45 }, // U+0140
    { 0x0141, 23 }, // U+0141
    { 0x0144, 36 }, // U+0144
    { 0x0146, 36 }, // U+0146
    { 0x0148, 36 }, // U+0148
    { 0x0149, 36 }, // U+0149
    { 0x014B, 36 }, // U+014B
    { 0x014C, 24 }, // U+014C
    { 0x014D, 37 }, // U+014D
    { 0x014E, 24 }, // U+014E
    { 0x014F, 37 }, // U+014F
    { 0x0150, 24 }, // U+0150
    { 0x0151, 37 }, // U+0151
    { 0x0152, 18 }, // U+0152
    { 0x0153, 40 }, // U+0153
    { 0x0154, 27 }, // U+0154
    { 0x0155, 46 }, // U+0155
    { 0x0156, 27 }, // U+0156
    { 0x0157, 46 }, // U+0157
    { 0x0158, 27 }, // U+0158
    { 0x0159, 46 }, // U+0159
    { 0x015A, 28 }, // U+015A
    { 0x015B, 47 }, // U+015B
    { 0x015C, 28 }, // U+015C
    { 0x015D, 47 }, // U+015D
    { 0x015E, 28 }, // U+015E
    { 0x015F, 47 }, // U+015F
    { 0x0160, 28 }, // U+0160
    { 0x0161, 47 }, // U+0161
    { 0x0162, 29 }, // U+0162
    { 0x0163, 48 }, // U+0163
    { 0x0164, 29 }, // U+0164
    { 0x0165, 54 }, // U+0165
    { 0x0166, 29 }, // U+0166
    { 0x0167, 48 }, // U+0167
    { 0x0168, 30 }, // U+0168
    { 0x0169, 42 }, // U+0169
    { 0x016A, 30 }, // U+016A
    { 0x016B, 42 }, // U+016B
    { 0x016C, 30 }, // U+016C
    { 0x016D, 42 }, // U+016D
    { 0x016E, 30 }, // U+016E
    { 0x016F, 42 }, // U+016F
    { 0x0170, 30 }, // U+0170
    { 0x0171, 42 }, // U+0171
    { 0x0172, 30 }, // U+0172
    { 0x0173, 42 }, // U+0173
    { 0x0174, 32 }, // U+0174
    { 0x0175, 50 }, // U+0175
    { 0x0176, 34 }, // U+0176
    { 0x0177, 42 }, // U+0177
    { 0x0178, 34 }, // U+0178
    { 0x0179, 35 }, // U+0179
    { 0x017A, 52 }, // U+017A
    { 0x017B, 35 }, // U+017B
    { 0x017C, 52 }, // U+017C
    { 0x017D, 35 }, // U+017D
    { 0x017E, 52 }, // U+017E
    { 0x01AF, 30 }, // U+01AF
    { 0x01CD, 14 }, // U+01CD
    { 0x01CE, 36 }, // U+01CE
    { 0x01D1, 24 }, // U+01D1
    { 0x01D2, 37 }, // U+01D2
    { 0x01D3, 30 }, // U+01D3
    { 0x01D4, 42 }, // U+01D4
    { 0x01D5, 30 }, // U+01D5
    { 0x01D6, 42 }, // U+01D6
    { 0x01D7, 30 }, // U+01D7
    { 0x01D8, 42 }, // U+01D8
    { 0x01D9, 30 }, // U+01D9
    { 0x01DA, 42 }, // U+01DA
    { 0x01DB, 30 }, // U+01DB
    { 0x01DC, 42 }, // U+01DC
    { 0x01E6, 20 }, // U+01E6
    { 0x01E7, 42 }, // U+01E7
    { 0x01FA, 14 }, // U+01FA
    { 0x01FB, 36 }, // U+01FB
    { 0x01FD, 40 }, // U+01FD
    { 0x01FE, 24 }, // U+01FE
    { 0x01FF, 37 }, // U+01FF
    { 0x0218, 28 }, // U+0218
    { 0x0219, 47 }, // U+0219
    { 0x021A, 29 }, // U+021A
    { 0x021B, 48 }, // U+021B
    { 0x0E40, 55 }, // U+0E40
    { 0x0E41, 55 }, // U+0E41
    { 0x0E42, 56 }, // U+0E42
    { 0x0E43, 57 }, // U+0E43
    { 0x0E44, 56 }, // U+0E44
    { 0x1EA0, 14 }, // U+1EA0
    { 0x1EA1, 36 }, // U+1EA1
    { 0x1EA2, 14 }, // U+1EA2
    { 0x1EA3, 36 }, // U+1EA3
    { 0x1EA4, 14 }, // U+1EA4
    { 0x1EA5, 36 }, // U+1EA5
    { 0x1EA6, 14 }, // U+1EA6
    { 0x1EA7, 36 }, // U+1EA7
    { 0x1EA8, 14 }, // U+1EA8
    { 0x1EA9, 36 }, // U+1EA9
    { 0x1EAA, 14 }, // U+1EAA
    { 0x1EAB, 36 }, // U+1EAB
    { 0x1EAC, 14 }, // U+1EAC
    { 0x1EAD, 36 }, // U+1EAD
    { 0x1EAE, 14 }, // U+1EAE
    { 0x1EAF, 36 }, // U+1EAF
    { 0x1EB0, 14 }, // U+1EB0
    { 0x1EB1, 36 }, // U+1EB1
    { 0x1EB2, 14 }, // U+1EB2
    { 0x1EB3, 36 }, // U+1EB3
    { 0x1EB4, 14 }, // U+1EB4
    { 0x1EB5, 36 }, // U+1EB5
    { 0x1EB6, 14 }, // U+1EB6
    { 0x1EB7, 36 }, // U+1EB7
    { 0x1EB8, 18 }, // U+1EB8
    { 0x1EB9, 40 }, // U+1EB9
    { 0x1EBA, 18 }, // U+1EBA
    { 0x1EBB, 40 }, // U+1EBB
    { 0x1EBC, 18 }, // U+1EBC
    { 0x1EBD, 40 }, // U+1EBD
    { 0x1EBE, 18 }, // U+1EBE
    { 0x1EBF, 40 }, // U+1EBF
    { 0x1EC0, 18 }, // U+1EC0
    { 0x1EC1, 40 }, // U+1EC1
    { 0x1EC2, 18 }, // U+1EC2
    { 0x1EC3, 40 }, // U+1EC3
    { 0x1EC4, 18 }, // U+1EC4
    { 0x1EC5, 40 }, // U+1EC5
    { 0x1EC6, 18 }, // U+1EC6
    { 0x1EC7, 40 }, // U+1EC7
    { 0x1ECC, 24 }, // U+1ECC
    { 0x1ECD, 37 }, // U+1ECD
    { 0x1ECE, 24 }, // U+1ECE
    { 0x1ECF, 37 }, // U+1ECF
    { 0x1ED0, 24 }, // U+1ED0
    { 0x1ED1, 37 }, // U+1ED1
    { 0x1ED2, 24 }, // U+1ED2
    { 0x1ED3, 37 }, // U+1ED3
    { 0x1ED4, 24 }, // U+1ED4
    { 0x1ED5, 37 }, // U+1ED5
    { 0x1ED6, 24 }, // U+1ED6
    { 0x1ED7, 37 }, // U+1ED7
    { 0x1ED8, 24 }, // U+1ED8
    { 0x1ED9, 37 }, // U+1ED9
    { 0x1EDA, 24 }, // U+1EDA
    { 0x1EDB, 37 }, // U+1EDB
    { 0x1EDC, 24 }, // U+1EDC
    { 0x1EDD, 37 }, // U+1EDD
    { 0x1EDE, 24 }, // U+1EDE
    { 0x1EDF, 37 }, // U+1EDF
    { 0x1EE0, 24 }, // U+1EE0
    { 0x1EE1, 37 }, // U+1EE1
    { 0x1EE2, 24 }, // U+1EE2
    { 0x1EE3, 37 }, // U+1EE3
    { 0x1EE4, 30 }, // U+1EE4
    { 0x1EE5, 42 }, // U+1EE5
    { 0x1EE6, 30 }, // U+1EE6
    { 0x1EE7, 42 }, // U+1EE7
    { 0x1EE8, 30 }, // U+1EE8
    { 0x1EEA, 30 }, // U+1EEA
    { 0x1EEC, 30 }, // U+1EEC
    { 0x1EEE, 30 }, // U+1EEE
    { 0x1EF0, 30 }, // U+1EF0
    { 0x1EF2, 34 }, // U+1EF2
    { 0x1EF3, 42 }, // U+1EF3
    { 0x1EF4, 34 }, // U+1EF4
    { 0x1EF5, 42 }, // U+1EF5
    { 0x1EF6, 34 }, // U+1EF6
    { 0x1EF7, 42 }, // U+1EF7
    { 0x1EF8, 34 }, // U+1EF8
    { 0x1EF9, 42 }, // U+1EF9
    { 0x2010, 2 }, // U+2010
    { 0x2012, 2 }, // U+2012
    { 0x2013, 2 }, // U+2013
    { 0x2014, 2 }, // U+2014
    { 0x2015, 2 }, // U+2015
    { 0x2018, 58 }, // U+2018
    { 0x2019, 54 }, // U+2019
    { 0x201A, 1 }, // U+201A
    { 0x201C, 58 }, // U+201C
    { 0x201D, 54 }, // U+201D
    { 0x201E, 1 }, // U+201E
    { 0x2026, 3 }, // U+2026
};

static const EpdKernClassEntry baijamjuree_22_boldKernRightClasses[] = {
    { 0x002C, 1 }, // ,
    { 0x002D, 2 }, // -
    { 0x002E, 3 }, // .
    { 0x002F, 4 }, // /
    { 0x0030, 5 }, // 0
    { 0x0031, 6 }, // 1
    { 0x0032, 7 }, // 2
    { 0x0033, 8 }, // 3
    { 0x0034, 9 }, // 4
    { 0x0035, 10 }, // 5
    { 0x0036, 11 }, // 6
    { 0x0037, 12 }, // 7
    { 0x0038, 13 }, // 8
    { 0x0039, 14 }, // 9
    { 0x0041, 15 }, // A
    { 0x0042, 16 }, // B
    { 0x0043, 17 }, // C
    { 0x0044, 18 }, // D
    { 0x0045, 18 }, // E
    { 0x0047, 17 }, // G
    { 0x004A, 19 }, // J
    { 0x004C, 16 }, // L
    { 0x004F, 17 }, // O
    { 0x0051, 17 }, // Q
    { 0x0053, 20 }, // S
    { 0x0054, 21 }, // T
    { 0x0055, 22 }, // U
    { 0x0056, 23 }, // V
    { 0x0057, 24 }, // W
    { 0x0058, 25 }, // X
    { 0x0059, 26 }, // Y
    { 0x005A, 27 }, // Z
    { 0x0061, 28 }, // a
    { 0x0062, 29 }, // b
    { 0x0063, 30 }, // c
    { 0x0064, 30 }, // d
    { 0x0065, 30 }, // e
    { 0x0066, 31 }, // f
    { 0x0067, 30 }, // g
    { 0x0068, 32 }, // h
    { 0x0069, 33 }, // i
    { 0x006A, 33 }, // j
    { 0x006B, 32 }, // k
    { 0x006C, 34 }, // l
    { 0x006D, 35 }, // m
    { 0x006E, 35 }, // n
    { 0x006F, 30 }, // o
    { 0x0070, 35 }, // p
    { 0x0071, 30 }, // q
    { 0x0072, 35 }, // r
    { 0x0073, 36 }, // s
    { 0x0074, 37 }, // t
    { 0x0075, 38 }, // u
    { 0x0076, 39 }, // v
    { 0x0077, 40 }, // w
    { 0x0078, 41 }, // x
    { 0x0079, 38 }, // y
    { 0x007A, 42 }, // z
    { 0x00AD, 2 }, // U+00AD
    { 0x00C0, 15 }, // U+00C0
    { 0x00C1, 15 }, // U+00C1
    { 0x00C2, 15 }, // U+00C2
    { 0x00C3, 15 }, // U+00C3
    { 0x00C4, 15 }, // U+00C4
    { 0x00C5, 15 }, // U+00C5
    { 0x00C6, 15 }, // U+00C6
    { 0x00C7, 17 }, // U+00C7
    { 0x00C8, 18 }, // U+00C8
    { 0x00C9, 18 }, // U+00C9
    { 0x00CA, 18 }, // U+00CA
    { 0x00CB, 18 }, // U+00CB
    { 0x00D2, 17 }, // U+00D2
    { 0x00D3, 17 }, // U+00D3
    { 0x00D4, 17 }, // U+00D4
    { 0x00D5, 17 }, // U+00D5
    { 0x00D6, 17 }, // U+00D6
    { 0x00D8, 17 }, // U+00D8
    { 0x00D9, 22 }, // U+00D9
    { 0x00DA, 22 }, // U+00DA
    { 0x00DB, 22 }, // U+00DB
    { 0x00DC, 22 }, // U+00DC
    { 0x00DD, 26 }, // U+00DD
    { 0x00E0, 28 }, // U+00E0
    { 0x00E1, 28 }, // U+00E1
    { 0x00E2, 28 }, // U+00E2
    { 0x00E3, 28 }, // U+00E3
    { 0x00E4, 28 }, // U+00E4
    { 0x00E5, 28 }, // U+00E5
    { 0x00E6, 28 }, // U+00E6
    { 0x00E7, 30 }, // U+00E7
    { 0x00E8, 30 }, // U+00E8
    { 0x00E9, 30 }, // U+00E9
    { 0x00EA, 30 }, // U+00EA
    { 0x00EB, 30 }, // U+00EB
    { 0x00F1, 35 }, // U+00F1
    { 0x00F2, 30 }, // U+00F2
    { 0x00F3, 30 }, // U+00F3
    { 0x00F4, 30 }, // U+00F4
    { 0x00F5, 30 }, // U+00F5
    { 0x00F6, 30 }, // U+00F6
    { 0x00F8, 30 }, // U+00F8
    { 0x00F9, 38 }, // U+00F9
    { 0x00FA, 38 }, // U+00FA
    { 0x00FB, 38 }, // U+00FB
    { 0x00FC, 38 }, // U+00FC
    { 0x00FD, 38 }, // U+00FD
    { 0x00FF, 38 }, // U+00FF
    { 0x0100, 15 }, // U+0100
    { 0x0101, 28 }, // U+0101
    { 0x0102, 15 }, // U+0102
    { 0x0103, 28 }, // U+0103
    { 0x0104, 15 }, // U+0104
    { 0x0105, 28 }, // U+0105
    { 0x0106, 17 }, // U+0106
    { 0x0107, 30 }, // U+0107
    { 0x0108, 17 }, // U+0108
    { 0x0109, 30 }, // U+0109
    { 0x010A, 17 }, // U+010A
    { 0x010B, 30 }, // U+010B
    { 0x010C, 17 }, // U+010C
    { 0x010D, 30 }, // U+010D
    { 0x010F, 30 }, // U+010F
    { 0x0111, 30 }, // U+0111
    { 0x0112, 18 }, // U+0112
    { 0x0113, 30 }, // U+0113
    { 0x0114, 18 }, // U+0114
    { 0x0115, 30 }, // U+0115
    { 0x0116, 18 }, // U+0116
    { 0x0117, 30 }, // U+0117
    { 0x0118, 18 }, // U+0118
    { 0x0119, 30 }, // U+0119
    { 0x011A, 18 }, // U+011A
    { 0x011B, 30 }, // U+011B
    { 0x011C, 17 }, // U+011C
    { 0x011D, 30 }, // U+011D
    { 0x011E, 17 }, // U+011E
    { 0x011F, 30 }, // U+011F
    { 0x0120, 17 }, // U+0120
    { 0x0121, 30 }, // U+0121
    { 0x0122, 17 }, // U+0122
    { 0x0123, 30 }, // U+0123
    { 0x0139, 18 }, // U+0139
    { 0x013A, 34 }, // U+013A
    { 0x013B, 18 }, // U+013B
    { 0x013C, 34 }, // U+013C
    { 0x013D, 18 }, // U+013D
    { 0x013E, 34 }, // U+013E
    { 0x013F, 18 }, // U+013F
    { 0x0140, 34 }, // U+0140
    { 0x0144, 35 }, // U+0144
    { 0x0146, 35 }, // U+0146
    { 0x0148, 35 }, // U+0148
    { 0x0149, 35 }, // U+0149
    { 0x014B, 35 }, // U+014B
    { 0x014C, 17 }, // U+014C
    { 0x014D, 30 }, // U+014D
    { 0x014E, 17 }, // U+014E
    { 0x014F, 30 }, // U+014F
    { 0x0150, 17 }, // U+0150
    { 0x0151, 30 }, // U+0151
    { 0x0152, 17 }, // U+0152
    { 0x0153, 30 }, // U+0153
    { 0x0155, 35 }, // U+0155
    { 0x0157, 35 }, // U+0157
    { 0x0159, 35 }, // U+0159
    { 0x015A, 20 }, // U+015A
    { 0x015B, 36 }, // U+015B
    { 0x015C, 20 }, // U+015C
    { 0x015D, 36 }, // U+015D
    { 0x015E, 20 }, // U+015E
    { 0x015F, 36 }, // U+015F
    { 0x0160, 20 }, // U+0160
    { 0x0161, 36 }, // U+0161
    { 0x0162, 21 }, // U+0162
    { 0x0163, 37 }, // U+0163
    { 0x0164, 21 }, // U+0164
    { 0x0165, 37 }, // U+0165
    { 0x0166, 21 }, // U+0166
    { 0x0167, 37 }, // U+0167
    { 0x0168, 22 }, // U+0168
    { 0x0169, 38 }, // U+0169
    { 0x016A, 22 }, // U+016A
    { 0x016B, 38 }, // U+016B
    { 0x016C, 22 }, // U+016C
    { 0x016D, 38 }, // U+016D
    { 0x016E, 22 }, // U+016E
    { 0x016F, 38 }, // U+016F
    { 0x0170, 22 }, // U+0170
    { 0x0171, 38 }, // U+0171
    { 0x0172, 22 }, // U+0172
    { 0x0173, 38 }, // U+0173
    { 0x0174, 24 }, // U+0174
    { 0x0175, 40 }, // U+0175
    { 0x0176, 26 }, // U+0176
    { 0x0177, 38 }, // U+0177
    { 0x0178, 26 }, // U+0178
    { 0x0179, 27 }, // U+0179
    { 0x017A, 42 }, // U+017A
    { 0x017B, 27 }, // U+017B
    { 0x017C, 42 }, // U+017C
    { 0x017D, 27 }, // U+017D
    { 0x017E, 42 }, // U+017E
    { 0x01A0, 17 }, // U+01A0
    { 0x01A1, 30 }, // U+01A1
    { 0x01AF, 22 }, // U+01AF
    { 0x01B0, 38 }, // U+01B0
    { 0x01CD, 15 }, // U+01CD
    { 0x01CE, 28 }, // U+01CE
    { 0x01D1, 17 }, // U+01D1
    { 0x01D2, 30 }, // U+01D2
    { 0x01D3, 22 }, // U+01D3
    { 0x01D4, 38 }, // U+01D4
    { 0x01D5, 22 }, // U+01D5
    { 0x01D6, 38 }, // U+01D6
    { 0x01D7, 22 }, // U+01D7
    { 0x01D8, 38 }, // U+01D8
    { 0x01D9, 22 }, // U+01D9
    { 0x01DA, 38 }, // U+01DA
    { 0x01DB, 22 }, // U+01DB
    { 0x01DC, 38 }, // U+01DC
    { 0x01E6, 17 }, // U+01E6
    { 0x01E7, 30 }, // U+01E7
    { 0x01FA, 15 }, // U+01FA
    { 0x01FB, 28 }, // U+01FB
    { 0x01FC, 15 }, // U+01FC
    { 0x01FD, 28 }, // U+01FD
    { 0x01FE, 17 }, // U+01FE
    { 0x01FF, 30 }, // U+01FF
    { 0x0218, 20 }, // U+0218
    { 0x0219, 36 }, // U+0219
    { 0x021A, 21 }, // U+021A
    { 0x021B, 37 }, // U+021B
    { 0x0E01, 43 }, // U+0E01
    { 0x0E02, 44 }, // U+0E02
    { 0x0E03, 45 }, // U+0E03
    { 0x0E06, 46 }, // U+0E06
    { 0x0E07, 47 }, // U+0E07
    { 0x0E08, 48 }, // U+0E08
    { 0x0E09, 49 }, // U+0E09
    { 0x0E0A, 44 }, // U+0E0A
    { 0x0E0B, 45 }, // U+0E0B
    { 0x0E0C, 43 }, // U+0E0C
    { 0x0E0D, 43 }, // U+0E0D
    { 0x0E10, 50 }, // U+0E10
    { 0x0E11, 51 }, // U+0E11
    { 0x0E13, 43 }, // U+0E13
    { 0x0E16, 43 }, // U+0E16
    { 0x0E17, 52 }, // U+0E17
    { 0x0E18, 53 }, // U+0E18
    { 0x0E19, 52 }, // U+0E19
    { 0x0E1A, 52 }, // U+0E1A
    { 0x0E1B, 52 }, // U+0E1B
    { 0x0E1E, 52 }, // U+0E1E
    { 0x0E1F, 52 }, // U+0E1F
    { 0x0E23, 54 }, // U+0E23
    { 0x0E24, 43 }, // U+0E24
    { 0x0E27, 55 }, // U+0E27
    { 0x0E29, 52 }, // U+0E29
    { 0x0E2B, 52 }, // U+0E2B
    { 0x0E2C, 52 }, // U+0E2C
    { 0x0E2D, 56 }, // U+0E2D
    { 0x0E2E, 57 }, // U+0E2E
    { 0x1EA0, 15 }, // U+1EA0
    { 0x1EA1, 28 }, // U+1EA1
    { 0x1EA2, 15 }, // U+1EA2
    { 0x1EA3, 28 }, // U+1EA3
    { 0x1EA4, 15 }, // U+1EA4
    { 0x1EA5, 28 }, // U+1EA5
    { 0x1EA6, 15 }, // U+1EA6
    { 0x1EA7, 28 }, // U+1EA7
    { 0x1EA8, 15 }, // U+1EA8
    { 0x1EA9, 28 }, // U+1EA9
    { 0x1EAA, 15 }, // U+1EAA
    { 0x1EAB, 28 }, // U+1EAB
    { 0x1EAC, 15 }, // U+1EAC
    { 0x1EAD, 28 }, // U+1EAD
    { 0x1EAE, 15 }, // U+1EAE
    { 0x1EAF, 28 }, // U+1EAF
    { 0x1EB0, 15 }, // U+1EB0
    { 0x1EB1, 28 }, // U+1EB1
    { 0x1EB2, 15 }, // U+1EB2
    { 0x1EB3, 28 }, // U+1EB3
    { 0x1EB4, 15 }, // U+1EB4
    { 0x1EB5, 28 }, // U+1EB5
    { 0x1EB6, 15 }, // U+1EB6
    { 0x1EB7, 28 }, // U+1EB7
    { 0x1EB8, 18 }, // U+1EB8
    { 0x1EB9, 30 }, // U+1EB9
    { 0x1EBA, 18 }, // U+1EBA
    { 0x1EBB, 30 }, // U+1EBB
    { 0x1EBC, 18 }, // U+1EBC
    { 0x1EBD, 30 }, // U+1EBD
    { 0x1EBE, 18 }, // U+1EBE
    { 0x1EBF, 30 }, // U+1EBF
    { 0x1EC0, 18 }, // U+1EC0
    { 0x1EC1, 30 }, // U+1EC1
    { 0x1EC2, 18 }, // U+1EC2
    { 0x1EC3, 30 }, // U+1EC3
    { 0x1EC4, 18 }, // U+1EC4
    { 0x1EC5, 30 }, // U+1EC5
    { 0x1EC6, 18 }, // U+1EC6
    { 0x1EC7, 30 }, // U+1EC7
    { 0x1ECC, 17 }, // U+1ECC
    { 0x1ECD, 30 }, // U+1ECD
    { 0x1ECE, 17 }, // U+1ECE
    { 0x1ECF, 30 }, // U+1ECF
    { 0x1ED0, 17 }, // U+1ED0
    { 0x1ED1, 30 }, // U+1ED1
    { 0x1ED2, 17 }, // U+1ED2
    { 0x1ED3, 30 }, // U+1ED3
    { 0x1ED4, 17 }, // U+1ED4
    { 0x1ED5, 30 }, // U+1ED5
    { 0x1ED6, 17 }, // U+1ED6
    { 0x1ED7, 30 }, // U+1ED7
    { 0x1ED8, 17 }, // U+1ED8
    { 0x1ED9, 30 }, // U+1ED9
    { 0x1EDA, 17 }, // U+1EDA
    { 0x1EDB, 30 }, // U+1EDB
    { 0x1EDC, 17 }, // U+1EDC
    { 0x1EDD, 30 }, // U+1EDD
    { 0x1EDE, 17 }, // U+1EDE
    { 0x1EDF, 30 }, // U+1EDF
    { 0x1EE0, 17 }, // U+1EE0
    { 0x1EE1, 30 }, // U+1EE1
    { 0x1EE2, 17 }, // U+1EE2
    { 0x1EE3, 30 }, // U+1EE3
    { 0x1EE4, 22 }, // U+1EE4
    { 0x1EE5, 38 }, // U+1EE5
    { 0x1EE6, 22 }, // U+1EE6
    { 0x1EE7, 38 }, // U+1EE7
    { 0x1EE8, 22 }, // U+1EE8
    { 0x1EE9, 38 }, // U+1EE9
    { 0x1EEA, 22 }, // U+1EEA
    { 0x1EEB, 38 }, // U+1EEB
    { 0x1EEC, 22 }, // U+1EEC
    { 0x1EED, 38 }, // U+1EED
    { 0x1EEE, 22 }, // U+1EEE
    { 0x1EEF, 38 }, // U+1EEF
    { 0x1EF0, 22 }, // U+1EF0
    { 0x1EF1, 38 }, // U+1EF1
    { 0x1EF2, 26 }, // U+1EF2
    { 0x1EF3, 38 }, // U+1EF3
    { 0x1EF4, 26 }, // U+1EF4
    { 0x1EF5, 38 }, // U+1EF5
    { 0x1EF6, 26 }, // U+1EF6
    { 0x1EF7, 38 }, // U+1EF7
    { 0x1EF8, 26 }, // U+1EF8
    { 0x1EF9, 38 }, // U+1EF9
    { 0x2010, 2 }, // U+2010
    { 0x2012, 2 }, // U+2012
    { 0x2013, 2 }, // U+2013
    { 0x2014, 2 }, // U+2014
    { 0x2015, 2 }, // U+2015
    { 0x2018, 58 }, // U+2018
    { 0x2019, 59 }, // U+2019
    { 0x201A, 1 }, // U+201A
    { 0x201C, 58 }, // U+201C
    { 0x201D, 59 }, // U+201D
    { 0x201E, 1 }, // U+201E
    { 0x2026, 3 }, // U+2026
};

static const int8_t baijamjuree_22_boldKernMatrix[] = {
       0,    0,    0,    0,  -12,  -41,    0,    0,  -12,    0,  -12,  -34,   -4,   -4,    0,    0,  -12,    0,    0,  -12,  -63,    0,  -63,  -12,    0,  -78,    0,    0,    0,    0,  -19,    0,    0,   -4,    0,    0,  -34,  -16,  -41,  -19,    0,    0,    0,    0,    0,    0,    0,    0,    0,    0,    0,    0,    0,    0,    0,    0,    0,    0,    0,
       0,    0,    0,    0,    0,    0,    0,    0,    0,    0,    0,  -41,    0,    0,    0,    0,    0,    0,    0,    0,  -45,    0,  -34,    0,  -26,  -45,  -19,    0,    0,    0,   -4,    0,    0,    0,    0,    0,    0,    0,    0,    0,  -12,  -12,    0,    0,    0,    0,    0,    0,    0,    0,    0,    0,    0,    0,    0,    0,    0,    0,    0,
       0,    0,    0,    0,  -19,  -41,    0,  -12,  -12,  -12,  -19,  -26,  -12,  -19,    0,   -4,  -19,   -4,    0,    0,  -78,    0,  -70,  -19,    0,  -85,    0,   -9,    0,  -12,  -31,    0,    0,  -12,    0,    0,  -38,  -26,  -48,  -23,    0,    0,    0,    0,    0,    0,    0,    0,    0,    0,    0,    0,    0,    0,    0,    0,    0,    0,    0,
       0,    0,    0,    0,    0,    0,    0,    0,    0,    0,    0,    0,    0,    0,  -92,    0,  -34,    0,  -56,    0,    0,    0,    0,    0,    0,    0,    0,  -53,    0,  -53,  -12,    0,    0,    0,  -19,  -45,  -19,  -38,    0,    0,    0,  -23,    0,    0,    0,    0,    0,    0,    0,    0,    0,    0,    0,    0,    0,    0,    0,    0,    0,
     -12,    0,  -19,    0,    0,    0,    0,    0,    0,    0,    0,  -16,    0,    0,    0,    0,    0,    0,    0,    0,    0,    0,    0,    0,    0,    0,    0,    0,    0,    0,    0,    0,    0,    0,    0,    0,    0,    0,    0,    0,    0,    0,    0,    0,    0,    0,    0,    0,    0,    0,    0,    0,    0,    0,    0,    0,    0,    0,    0,
       0,    0,    0,    0,    0,    0,    0,    0,  -26,    0,    0,    0,    0,    0,    0,    0,    0,    0,    0,    0,    0,    0,    0,    0,    0,    0,    0,    0,    0,    0,    0,    0,    0,    0,    0,    0,    0,    0,    0,    0,    0,    0,    0,    0,    0,    0,    0,    0,    0,    0,    0,    0,    0,    0,    0,    0,    0,    0,    0,
     -19,    0,  -12,    0,    0,    0,    0,    0,    0,    0,    0,    0,    0,    0,    0,    0,    0,    0,    0,    0,    0,    0,    0,    0,    0,    0,    0,    0,    0,    0,    0,    0,    0,    0,    0,    0,    0,    0,    0,    0,    0,    0,    0,    0,    0,    0,    0,    0,    0,    0,    0,    0,    0,    0,    0,    0,    0,    0,    0,
       0,    0,  -12,    0,    0,    0,    0,    0,    0,    0,    0,    0,    0,    0,    0,    0,    0,    0,    0,    0,    0,    0,    0,    0,    0,    0,    0,    0,    0,    0,    0,    0,    0,    0,    0,    0,    0,    0,    0,    0,    0,    0,    0,    0,    0,    0,    0,    0,    0,    0,    0,    0,    0,    0,    0,    0,    0,    0,    0,
     -19,    0,  -12,    0,    0,  -12,    0,    0,    0,    0,    0,    0,    0,    0,    0,    0,    0,    0,    0,    0,    0,    0,    0,    0,    0,    0,    0,    0,    0,    0,    0,    0,    0,    0,    0,    0,    0,    0,    0,    0,    0,    0,    0,    0,    0,    0,    0,    0,    0,    0,    0,    0,    0,    0,    0,    0,    0,    0,    0,
     -19,    0,  -19,    0,    0,    0,    0,    0,    0,    0,    0,  -13,    0,    0,    0,    0,    0,    0,    0,    0,    0,    0,    0,    0,    0,    0,    0,    0,    0,    0,    0,    0,    0,    0,    0,    0,    0,    0,    0,    0,    0,    0,    0,    0,    0,    0,    0,    0,    0,    0,    0,    0,    0,    0,    0,    0,    0,    0,    0,
     -63,  -26,  -41,    0,  -12,    0,    0,    0,  -48,    0,  -12,    0,  -10,    0,    0,    0,    0,    0,    0,    0,    0,    0,    0,    0,    0,    0,    0,    0,    0,    0,    0,    0,    0,    0,    0,    0,    0,    0,    0,    0,    0,    0,    0,    0,    0,    0,    0,    0,    0,    0,    0,    0,    0,    0,    0,    0,    0,    0,    0,
     -19,    0,  -12,    0,    0,   -9,    0,    0,    0,    0,    0,  -15,    0,    0,    0,    0,    0,    0,    0,    0,    0,    0,    0,    0,    0,    0,    0,    0,    0,    0,    0,    0,    0,    0,    0,    0,    0,    0,    0,    0,    0,    0,    0,    0,    0,    0,    0,    0,    0,    0,    0,    0,    0,    0,    0,    0,    0,    0,    0,
     -19,    0,  -19,    0,    0,   -9,    0,    0,    0,    0,    0,  -19,    0,    0,    0,    0,    0,    0,    0,    0,    0,    0,    0,    0,    0,    0,    0,    0,    0,    0,    0,    0,    0,    0,    0,    0,    0,    0,    0,    0,    0,    0,    0,    0,    0,    0,    0,    0,    0,    0,    0,    0,    0,    0,    0,    0,    0,    0,    0,
       0,    0,    0,    0,    0,  -23,    0,    0,    0,    0,    0,    0,    0,    0,    0,   -9,  -16,   -4,    0,  -13,  -73,  -19,  -67,  -37,    0,  -75,    0,    0,    0,  -12,  -23,    0,    0,  -19,    0,    0,  -31,   -7,  -34,  -26,    0,    0,    0,    0,    0,    0,    0,    0,    0,    0,    0,    0,    0,    0,    0,    0,    0,  -56,  -56,
       0,    0,    0,    0,    0,    0,    0,    0,    0,    0,    0,    0,    0,    0,   -9,    0,    0,    0,    0,    0,  -16,    0,  -15,   -7,   -9,  -23,   -9,    0,    0,    0,    0,    0,    0,    0,    0,    0,    0,    0,    0,    0,    0,    0,    0,    0,    0,    0,    0,    0,    0,    0,    0,    0,    0,    0,    0,    0,    0,    0,    0,
     -12,    0,  -12,    0,    0,    0,    0,    0,    0,    0,    0,    0,    0,    0,  -15,    0,    0,    0,    0,    0,   -9,    0,    0,    0,   -9,  -12,   -9,    0,    0,    0,    0,    0,    0,    0,    0,    0,    0,    0,    0,    0,    0,    0,    0,    0,    0,    0,    0,    0,    0,    0,    0,    0,    0,    0,    0,    0,    0,    0,   16,
     -12,    0,  -16,  -19,    0,    0,    0,    0,    0,    0,    0,    0,    0,    0,  -12,    0,    0,    0,    0,    0,  -23,    0,  -15,   -9,  -22,  -22,  -12,    0,    0,    0,    0,    0,    0,    0,    0,    0,    0,    0,    0,    0,    0,    0,    0,    0,    0,    0,    0,    0,    0,    0,    0,    0,    0,    0,    0,    0,    0,    0,    0,
       0,    0,    0,    0,    0,    0,    0,    0,    0,    0,    0,    0,    0,    0,    0,    0,   -4,    0,    0,    0,    0,    0,    0,    0,    0,    0,    0,   -7,    0,    0,    0,    0,    0,    0,    0,    0,    0,    0,    0,    0,    0,    0,    0,    0,    0,    0,    0,    0,    0,    0,    0,    0,    0,    0,    0,    0,    0,    0,   15,
     -78,    0,  -70,  -63,    0,    0,    0,    0,    0,    0,    0,    0,    0,    0,  -54,    0,  -15,    0,  -63,  -12,    0,    0,    0,    0,    0,    0,    0,  -29,    0,  -29,    0,    0,    0,    0,  -29,    0,  -15,  -26,  -13,  -16,  -23,  -23,    0,    0,    0,    0,    0,    0,    0,    0,    0,    0,    0,    0,    0,    0,    0,    0,    0,
     -12,    0,  -19,  -19,    0,    0,    0,    0,    0,    0,    0,    0,    0,    0,  -19,    0,    0,    0,    0,    0,  -19,    0,  -12,    0,  -19,  -22,  -16,    0,    0,    0,   -4,    0,    0,    0,    0,    0,    0,    0,    0,    0,   -9,    0,    0,    0,    0,    0,    0,    0,    0,    0,    0,    0,    0,    0,    0,    0,    0,    0,    0,
       0,    0,  -19,    0,    0,    0,    0,    0,    0,    0,    0,    0,    0,    0,  -22,    0,    0,    0,    0,    0,    0,    0,    0,    0,    0,    0,    0,    0,    0,    0,    0,    0,    0,    0,    0,    0,    0,    0,    0,    0,    0,    0,    0,    0,    0,    0,    0,    0,    0,    0,    0,    0,    0,    0,    0,    0,    0,    0,    0,
       0,  -41,    0,    0,    0,    0,    0,    0,    0,    0,    0,    0,    0,    0,    0,   -9,  -31,   -9,  -19,  -26,   -9,    0,    0,    0,    0,   -9,    0,  -26,    0,  -26,  -34,    0,    0,  -19,  -12,  -19,  -31,  -19,  -45,  -34,    0,    0,    0,    0,    0,    0,    0,    0,    0,    0,    0,    0,    0,    0,    0,    0,    0,    0,    0,
       0,  -19,    0,    0,    0,    0,    0,    0,    0,    0,    0,    0,    0,    0,    0,    0,  -19,    0,    0,  -12,  -70,  -16,  -63,  -31,    0,  -70,    0,    0,    0,   -9,  -26,    0,    0,    0,    0,   -4,  -26,    0,  -38,  -26,    0,    0,    0,    0,    0,    0,    0,    0,    0,    0,    0,    0,    0,    0,    0,    0,    0,    0,  -19,
     -12,    0,  -19,  -19,    0,    0,    0,    0,    0,    0,    0,    0,    0,    0,  -16,    0,    0,    0,    0,    0,  -23,    0,  -15,   -4,  -19,  -22,  -19,    0,    0,    0,    0,    0,    0,    0,    0,    0,    0,    0,    0,    0,    0,    0,    0,    0,    0,    0,    0,    0,    0,    0,    0,    0,    0,    0,    0,    0,    0,    0,    0,
     -56,    0,  -70,    0,    0,    0,    0,    0,    0,    0,    0,    0,    0,    0,  -48,    0,    0,    0,  -56,    0,   -9,    0,    0,    0,  -16,    0,  -16,   -9,    0,   -4,    0,    0,    0,    0,    0,    0,    0,    0,    0,    0,    0,    0,    0,    0,    0,    0,    0,    0,    0,    0,    0,    0,    0,    0,    0,    0,    0,    0,   19,
       0,    0,    0,    0,    0,    0,    0,    0,    0,    0,    0,    0,    0,    0,   -9,    0,    0,    0,    0,    0,  -23,    0,  -15,   -4,   -9,  -22,  -12,    0,    0,    0,   -4,    0,    0,    0,    0,    0,    0,    0,    0,    0,    0,    0,    0,    0,    0,    0,    0,    0,    0,    0,    0,    0,    0,    0,    0,    0,    0,    0,   -4,
       0,    0,    0,    0,    0,    0,    0,    0,    0,    0,    0,    0,    0,    0,    0,    0,   -3,    0,    0,    0,   -9,    0,    0,    0,    0,   -7,    0,    0,    0,    0,    0,    0,    0,    0,    0,    0,    0,    0,    0,    0,    0,    0,    0,    0,    0,    0,    0,    0,    0,    0,    0,    0,    0,    0,    0,    0,    0,    0,    0,
     -12,    0,    0,    0,    0,    0,    0,    0,    0,    0,    0,    0,    0,    0,  -13,    0,    0,    0,    0,    0,  -12,    0,   -4,    0,   -9,  -15,  -12,    0,    0,    0,    0,    0,    0,    0,    0,    0,    0,    0,   -4,    0,   -4,   -4,    0,    0,    0,    0,    0,    0,    0,    0,    0,    0,    0,    0,    0,    0,    0,    0,    0,
     -63,  -45,  -78,  -56,    0,    0,    0,   -4,  -26,    0,   -4,    0,   -4,   -4,  -73,    0,  -23,    0,  -67,  -12,    0,    0,    0,    0,    0,    0,    0,  -85,    0,  -85,  -56,    0,  -19,    0,  -78,  -78,  -48,  -78,  -67,  -67,  -63,  -78,    0,    0,    0,    0,    0,    0,    0,    0,    0,    0,    0,    0,    0,    0,    0,    0,    0,
       0,    0,    0,  -12,    0,    0,    0,    0,    0,    0,    0,    0,    0,    0,  -19,    0,    0,    0,    0,    0,    0,    0,    0,    0,    0,    0,   -9,    0,    0,    0,    0,    0,    0,    0,    0,    0,    0,    0,    0,    0,    0,    0,    0,    0,    0,    0,    0,    0,    0,    0,    0,    0,    0,    0,    0,    0,    0,    0,    0,
     -70,  -34,  -70,  -45,    0,    0,    0,    0,    0,    0,    0,    0,    0,    0,  -67,    0,  -15,    0,  -63,   -9,    0,    0,    0,    0,    0,    0,   -9,  -56,    0,  -56,  -26,    0,    0,    0,  -41,  -53,  -26,  -41,  -19,  -19,  -19,  -31,    0,    0,    0,    0,    0,    0,    0,    0,    0,    0,    0,    0,    0,    0,    0,    0,    0,
     -19,    0,  -19,  -41,    0,    0,    0,    0,    0,    0,    0,    0,    0,    0,  -37,    0,   -4,    0,  -26,    0,    0,    0,    0,    0,    0,    0,   -4,  -23,    0,  -26,  -12,    0,    0,    0,  -19,  -26,  -12,  -16,  -12,   -9,  -12,  -19,    0,    0,    0,    0,    0,    0,    0,    0,    0,    0,    0,    0,    0,    0,    0,    0,    0,
       0,  -26,    0,    0,    0,    0,    0,    0,    0,    0,    0,    0,    0,    0,    0,   -4,  -19,   -4,  -19,   -9,    0,    0,    0,    0,    0,    0,    0,  -26,    0,  -31,  -34,    0,    0,  -19,  -15,    0,  -34,  -26,  -34,  -26,    0,    0,    0,    0,    0,    0,    0,    0,    0,    0,    0,    0,    0,    0,    0,    0,    0,    0,    0,
     -85,  -45,  -85,  -78,    0,    0,    0,    0,    0,    0,    0,    0,    0,    0,  -75,    0,  -22,    0,  -70,  -15,    0,    0,    0,    0,    0,    0,   -9,  -78,  -12,  -78,  -56,   -4,  -19,    0,  -63,  -73,  -48,  -63,  -53,  -48,  -56,  -56,    0,    0,    0,    0,    0,    0,    0,    0,    0,    0,    0,    0,    0,    0,    0,    0,    0,
       0,  -19,    0,    0,    0,    0,    0,    0,    0,    0,    0,    0,    0,    0,    0,    0,  -19,    0,    0,  -12,    0,   -9,    0,   -4,    0,   -9,    0,  -31,   -4,  -31,  -34,   -4,    0,  -12,  -12,  -26,  -26,  -26,  -34,  -26,    0,    0,    0,    0,    0,    0,    0,    0,    0,    0,    0,    0,    0,    0,    0,    0,    0,    0,    0,
       0,    0,    0,    0,    0,    0,    0,    0,    0,    0,    0,    0,    0,    0,    0,    0,    0,    0,    0,    0,  -85,    0,  -51,  -23,  -19,  -78,  -19,    0,    0,    0,   -4,    0,    0,    0,    0,    0,    0,    0,   -3,    0,    0,   -4,    0,    0,    0,    0,    0,    0,    0,    0,    0,    0,    0,    0,    0,    0,    0,  -12,   -4,
     -12,    0,  -12,    0,    0,    0,    0,    0,    0,    0,    0,    0,    0,    0,  -12,    0,    0,    0,    0,    0,  -85,    0,  -56,  -26,  -34,  -78,  -31,    0,    0,    0,   -4,    0,    0,    0,    0,    0,   -4,    0,   -9,   -9,  -18,  -13,    0,    0,    0,    0,    0,    0,    0,    0,    0,    0,    0,    0,    0,    0,    0,    0,  -12,
       0,    0,  -12,    0,    0,    0,    0,    0,    0,    0,    0,    0,    0,    0,    0,    0,    0,    0,    0,    0,  -75,    0,  -48,  -22,  -26,  -75,  -26,    0,    0,    0,    0,    0,    0,    0,    0,    0,   -3,    0,    0,   -3,   -9,   -4,    0,    0,    0,    0,    0,    0,    0,    0,    0,    0,    0,    0,    0,    0,    0,    0,    0,
       0,    0,    0,    0,    0,    0,    0,    0,    0,    0,    0,    0,    0,    0,    0,    0,    0,    0,    0,    0,    0,    0,    0,    0,    0,  -12,   -4,    0,    0,    0,    0,    0,    0,    0,    0,    0,    0,    0,    0,    0,    0,    0,    0,    0,    0,    0,    0,    0,    0,    0,    0,    0,    0,    0,    0,    0,    0,    0,    0,
       0,    0,  -12,    0,    0,    0,    0,    0,    0,    0,    0,    0,    0,    0,    0,    0,    0,    0,    0,    0,  -78,    0,  -54,  -22,  -31,  -75,  -26,    0,    0,    0,   -4,    0,    0,    0,    0,    0,   -4,    0,    0,    0,  -12,  -10,    0,    0,    0,    0,    0,    0,    0,    0,    0,    0,    0,    0,    0,    0,    0,    0,    0,
     -41,  -19,  -41,    0,    0,    0,    0,    0,    0,    0,    0,    0,    0,    0,  -37,    0,   -4,    0,  -26,    0,    0,    0,    0,   -4,    0,    0,    0,  -19,    0,  -19,    0,    0,    0,    0,    0,   -9,    0,    0,    0,    0,    0,   -4,    0,    0,    0,    0,    0,    0,    0,    0,    0,    0,    0,    0,    0,    0,    0,    0,    0,
       0,    0,    0,    0,    0,    0,    0,    0,    0,    0,    0,    0,    0,    0,    0,    0,    0,    0,    0,    0,  -78,    0,  -41,  -23,  -19,  -67,  -19,    0,    0,    0,    0,    0,    0,    0,    0,    0,    0,    0,    0,    0,    0,    0,    0,    0,    0,    0,    0,    0,    0,    0,    0,    0,    0,    0,    0,    0,    0,    0,    0,
       0,    0,    0,    0,    0,    0,    0,    0,    0,    0,    0,    0,    0,    0,    0,    0,    0,    0,    0,    0,  -19,    0,    0,    0,    0,  -19,    0,    0,    0,    0,    0,    0,    0,    0,    0,    0,    0,    0,    0,    0,    0,    0,    0,    0,    0,    0,    0,    0,    0,    0,    0,    0,    0,    0,    0,    0,    0,    0,    0,
       0,  -34,    0,    0,    0,    0,    0,    0,    0,    0,    0,    0,    0,    0,    0,   -4,  -15,   -4,  -12,   -7,  -67,  -15,  -41,  -19,    0,  -41,    0,  -16,    0,  -19,    0,    0,    0,   -7,    0,  -12,    0,   -7,    0,    0,    0,    0,    0,    0,    0,    0,    0,    0,    0,    0,    0,    0,    0,    0,    0,    0,    0,    0,    0,
       0,    0,    0,    0,    0,    0,    0,    0,    0,    0,    0,    0,    0,    0,    0,    0,    0,    0,    0,    0,  -12,    0,  -16,    0,    0,  -19,    0,    0,    0,    0,    0,    0,    0,   -4,    0,    0,    0,    0,    0,    0,    0,    0,    0,    0,    0,    0,    0,    0,    0,    0,    0,    0,    0,    0,    0,    0,    0,    0,    0,
     -26,    0,  -26,  -19,    0,    0,    0,    0,    0,    0,    0,    0,    0,    0,  -34,    0,    0,    0,  -26,    0,  -56,    0,  -12,   -4,  -23,  -41,  -19,  -12,    0,  -12,    0,    0,    0,    0,    0,    0,    0,    0,   15,    9,    0,    0,    0,    0,    0,    0,    0,    0,    0,    0,    0,    0,    0,    0,    0,    0,    0,    0,    0,
       0,    0,    0,    0,    0,    0,    0,    0,    0,    0,    0,    0,    0,    0,    0,    0,    0,    0,    0,    0,  -78,    0,  -53,  -26,    0,  -73,  -23,    0,    0,    0,   -4,    0,    0,    0,    0,    0,   -4,    0,    0,    0,   -4,    0,    0,    0,    0,    0,    0,    0,    0,    0,    0,    0,    0,    0,    0,    0,    0,    0,    0,
       0,    0,    0,    0,    0,    0,    0,    0,    0,    0,    0,    0,    0,    0,    0,    0,  -12,    0,    0,    0,  -63,   -9,  -41,  -26,    0,  -48,  -12,   -9,    0,  -12,    0,    0,    0,    0,    0,   -4,    0,   -4,    0,    0,    0,    0,    0,    0,    0,    0,    0,    0,    0,    0,    0,    0,    0,    0,    0,    0,    0,    0,    0,
     -53,    0,  -48,  -23,    0,    0,    0,    0,    0,    0,    0,    0,    0,    0,  -34,    0,    0,    0,  -26,    0,  -67,    0,  -19,  -12,  -34,  -53,  -34,  -13,    0,   -9,    0,    0,    0,    0,    0,    0,    0,    0,    0,    0,    0,    0,    0,    0,    0,    0,    0,    0,    0,    0,    0,    0,    0,    0,    0,    0,    0,    0,    0,
     -31,    0,  -23,    0,    0,    0,    0,    0,    0,    0,    0,    0,    0,    0,  -26,    0,    0,    0,  -19,    0,  -67,    0,  -19,   -9,  -26,  -48,  -26,   -9,    0,   -9,    0,    0,    0,    0,    0,    0,    0,    0,    0,    0,    0,    0,    0,    0,    0,    0,    0,    0,    0,    0,    0,    0,    0,    0,    0,    0,    0,    0,    0,
       0,  -12,    0,    0,    0,    0,    0,    0,    0,    0,    0,    0,    0,    0,    0,    0,  -12,    0,    0,   -4,  -63,    0,  -19,  -12,    0,  -56,    0,  -12,    0,  -18,    0,    0,    0,    0,    0,   -7,   -9,   -4,    0,    0,    0,    0,    0,    0,    0,    0,    0,    0,    0,    0,    0,    0,    0,    0,    0,    0,    0,    0,    0,
       0,  -12,    0,    0,    0,    0,    0,    0,    0,    0,    0,    0,    0,    0,    0,    0,    0,    0,    0,    0,  -78,    0,  -31,  -19,    0,  -56,    0,   -9,    0,  -13,    0,    0,    0,    0,    0,    0,    0,   -4,    0,    0,    0,    0,    0,    0,    0,    0,    0,    0,    0,    0,    0,    0,    0,    0,    0,    0,    0,    0,    0,
       0,    0,    0,    0,    0,    0,    0,    0,    0,    0,    0,    0,    0,    0,    0,   -4,  -41,   -4,  -41,  -19,  -63,    0,  -70,  -41,    0,  -78,    0,  -19,    0,  -16,  -19,    0,    0,    0,    0,  -12,  -26,  -12,  -41,  -26,    0,    0,    0,    0,    0,    0,    0,    0,    0,    0,    0,    0,    0,    0,    0,    0,    0,    0,    0,
       0,    0,    0,    0,  -23,    0,  -15,  -15,  -45,  -12,  -23,    0,  -23,  -15,  -56,    0,  -19,    0,  -70,    0,    0,    0,    0,    0,    0,    0,    0,  -41,    0,  -34,    0,    0,    0,    0,  -12,  -12,    0,  -12,    0,    0,    0,   -4,    0,    0,    0,    0,    0,    0,    0,    0,    0,    0,    0,    0,    0,    0,    0,    0,    0,
       0,    0,    0,    0,    0,    0,    0,    0,    0,    0,    0,    0,    0,    0,    0,    0,    0,    0,    0,    0,    0,    0,    0,    0,    0,    0,    0,    0,    0,    0,    0,    0,    0,    0,    0,    0,    0,    0,    0,    0,    0,    0,  -15,  -29,  -34,  -15,  -19,  -26,  -12,  -19,  -23,  -29,  -18,  -31,  -31,   -9,   -7,    0,    0,
       0,    0,    0,    0,    0,    0,    0,    0,    0,    0,    0,    0,    0,    0,    0,    0,    0,    0,    0,    0,    0,    0,    0,    0,    0,    0,    0,    0,    0,    0,    0,    0,    0,    0,    0,    0,    0,    0,    0,    0,    0,    0,   -9,  -28,  -29,  -10,  -13,  -22,   -6,  -12,  -19,  -25,  -10,  -26,  -28,   -3,    0,    0,    0,
       0,    0,    0,    0,    0,    0,    0,    0,    0,    0,    0,    0,    0,    0,    0,    0,    0,    0,    0,    0,    0,    0,    0,    0,    0,    0,    0,    0,    0,    0,    0,    0,    0,    0,    0,    0,    0,    0,    0,    0,    0,    0,   -9,  -25,  -29,  -10,  -13,  -22,   -7,  -12,  -19,  -22,   -6,  -22,  -22,    0,    0,    0,    0,
       0,    0,    0,    0,    0,    0,    0,    0,  -34,    0,    0,    0,    0,    0,  -56,    0,  -19,    0,  -70,    0,    0,    0,    0,    0,    0,    0,    0,  -26,    0,  -34,  -19,    0,    0,    0,   -4,  -19,    0,    0,    0,    0,    0,    0,    0,    0,    0,    0,    0,    0,    0,    0,    0,    0,    0,    0,    0,    0,    0,    0,    0,
};

static const EpdLigaturePair baijamjuree_22_boldLigaturePairs[] = {
    { 0x00660069, 0xFB01 }, // f i -> U+FB01
    { 0x0066006C, 0xFB02 }, // f l -> U+FB02
};

static const EpdFontData baijamjuree_22_bold = {
    baijamjuree_22_boldBitmaps,
    baijamjuree_22_boldGlyphs,
    baijamjuree_22_boldIntervals,
    57,
    57,
    46,
    -12,
    true,
    baijamjuree_22_boldGroups,
    26,
    nullptr,
    baijamjuree_22_boldKernLeftClasses,
    baijamjuree_22_boldKernRightClasses,
    baijamjuree_22_boldKernMatrix,
    343,
    360,
    58,
    59,
    baijamjuree_22_boldLigaturePairs,
    2,
};
